VERSION .7
FIELDS x y z semantic instance
SIZE 4 4 4 4 4
TYPE F F F I I
COUNT 1 1 1 1 1
WIDTH 16384
HEIGHT 1
VIEWPOINT 0 0 0 1 0 0 0
POINTS 16384
DATA ascii
97.954567 1.504480 212.259247 0 1
98.044823 1.430251 212.214767 0 1
97.937798 1.817982 212.288239 0 1
98.204216 2.341968 212.301514 0 1
98.573730 2.752292 212.215256 0 1
99.195305 3.097460 211.975510 0 1
99.801834 3.569868 211.773666 0 1
100.437668 3.987215 211.569107 0 1
101.029434 4.225250 211.505264 0 1
101.524849 4.391548 211.455063 0 1
102.031883 4.641525 211.436371 0 1
102.592407 4.965860 211.450348 0 1
103.078598 5.141780 211.423508 0 1
103.510139 5.296581 211.461212 0 1
103.852165 5.332285 211.435730 0 1
104.177101 5.396986 211.480621 0 1
104.557327 5.404841 211.474854 0 1
104.982468 5.346774 211.444687 0 1
105.448502 5.247696 211.419617 0 1
105.954391 5.275146 211.503204 0 1
106.420753 5.197384 211.520584 0 1
106.904884 5.018840 211.482330 0 1
107.422409 4.812802 211.451447 0 1
107.913254 4.692868 211.561996 0 1
108.423332 4.634474 211.709747 0 1
108.839432 4.581007 211.797638 0 1
109.277191 4.432405 211.833542 0 1
109.643120 4.320354 211.915009 0 1
109.958847 4.217422 212.004898 0 1
110.207253 4.006982 211.962646 0 1
110.286224 3.622601 211.728622 0 1
110.843613 3.423610 211.926727 0 1
111.180809 3.143348 212.049210 0 1
111.529839 2.778201 212.181824 0 1
112.021690 2.345176 212.390305 0 1
112.416519 1.959991 212.546021 0 1
112.763718 1.614000 212.696457 0 1
113.081573 1.177076 212.825134 0 1
113.362900 0.851200 213.110413 0 1
113.543213 0.373553 213.229355 0 1
113.748016 -0.095643 213.437317 0 1
113.928535 -0.557384 213.625717 0 1
114.079758 -0.980586 213.782532 0 1
114.227829 -1.513655 213.956253 0 1
114.337761 -1.918224 214.134369 0 1
114.370506 -2.318072 214.268799 0 1
114.381851 -2.740441 214.457626 0 1
114.292641 -3.222831 214.573074 0 1
114.296204 -3.779697 214.840210 0 1
114.217278 -4.331930 214.998001 0 1
114.155739 -4.846809 215.158386 0 1
114.121841 -5.324305 215.368958 0 1
113.916855 -5.813488 215.564072 0 1
113.693947 -6.265396 215.752670 0 1
113.455292 -6.688035 215.898438 0 1
113.267738 -7.055906 216.045120 0 1
113.049034 -7.492088 216.225082 0 1
112.902084 -7.914062 216.482269 0 1
112.505791 -8.386442 216.504440 0 1
112.118469 -8.807874 216.764404 0 1
111.628304 -9.299192 217.039917 0 1
111.129227 -9.696219 217.159348 0 1
110.639503 -10.150110 217.396973 0 1
110.187531 -10.496719 217.595886 0 1
110.066383 -10.578028 217.571106 0 1
109.778854 -10.730390 217.617126 0 1
109.450790 -10.882342 217.754059 0 1
108.936821 -11.102126 217.884476 0 1
108.633789 -11.200930 217.907806 0 1
108.376068 -11.306790 217.989594 0 1
108.171951 -11.371280 218.004410 0 1
107.905846 -11.461640 218.057114 0 1
107.687576 -11.527934 218.110153 0 1
107.542686 -11.537054 217.952499 0 1
107.380173 -11.608219 218.089447 0 1
107.198662 -11.642792 217.988998 0 1
107.021324 -11.689505 218.093094 0 1
106.897446 -11.695751 217.881409 0 1
106.755302 -11.749422 218.030884 0 1
106.585281 -11.776047 217.911026 0 1
106.383827 -11.807117 217.992874 0 1
106.221779 -11.810299 218.129105 0 1
105.985420 -11.832090 218.114319 0 1
105.424805 -11.785786 217.959778 0 1
104.886009 -11.750213 217.906158 0 1
104.303764 -11.711795 217.844620 0 1
103.772980 -11.694534 217.844177 0 1
103.241859 -11.673326 217.820023 0 1
102.720573 -11.586774 217.852570 0 1
102.316673 -11.454366 217.835098 0 1
101.798622 -11.244981 217.748962 0 1
101.431534 -11.063635 217.630035 0 1
100.948280 -10.778790 217.379974 0 1
100.450516 -10.532561 217.223206 0 1
99.811119 -10.112344 216.911942 0 1
99.286957 -9.561979 216.605759 0 1
98.986488 -9.189438 216.387680 0 1
98.642982 -8.857183 216.256653 0 1
98.273621 -8.505582 216.136917 0 1
97.913551 -8.159851 216.007980 0 1
97.566254 -7.883155 215.970779 0 1
97.224556 -7.373912 215.836884 0 1
97.000046 -6.885856 215.690079 0 1
96.801918 -6.480844 215.578873 0 1
96.527763 -6.005402 215.493286 0 1
96.329346 -5.479025 215.268326 0 1
96.180382 -4.989083 215.019333 0 1
96.028305 -4.576463 214.938110 0 1
96.057892 -4.116967 214.688843 0 1
96.036110 -3.710922 214.572357 0 1
96.033020 -3.192646 214.391083 0 1
96.049812 -2.665844 214.201721 0 1
96.052917 -2.181569 214.024338 0 1
96.149406 -1.720749 213.775055 0 1
96.209503 -1.327694 213.594345 0 1
96.297249 -0.898900 213.520187 0 1
96.428581 -0.504740 213.406357 0 1
96.636963 0.021150 213.229919 0 1
96.855995 0.432201 213.061874 0 1
97.064262 0.860802 212.916428 0 1
97.361977 1.194275 212.677872 0 1
97.686127 1.432646 212.412659 0 1
98.118507 1.389649 212.182373 0 1
98.060951 1.920153 212.252182 0 1
98.293541 2.315884 212.239227 0 1
98.560196 2.655701 212.191223 0 1
99.114296 3.075920 212.014053 0 1
99.585068 3.344068 211.826645 0 1
100.108757 3.722029 211.645905 0 1
100.601387 3.951623 211.495071 0 1
100.983223 4.147368 211.480316 0 1
101.414070 4.272518 211.426544 0 1
101.883987 4.491898 211.406754 0 1
102.263626 4.700707 211.403656 0 1
102.640938 4.920777 211.411118 0 1
103.035873 5.077506 211.392288 0 1
103.429916 5.230326 211.405807 0 1
103.767662 5.308080 211.413010 0 1
104.125954 5.312999 211.380844 0 1
104.547592 5.348413 211.417572 0 1
104.967339 5.274405 211.387085 0 1
105.441711 5.201620 211.395477 0 1
105.978088 5.194837 211.458069 0 1
106.444572 5.115862 211.471848 0 1
106.897850 4.949574 211.432098 0 1
107.365952 4.753986 211.400528 0 1
107.861099 4.688688 211.540665 0 1
108.296249 4.593362 211.638321 0 1
108.771858 4.565293 211.759979 0 1
109.211487 4.396506 211.780334 0 1
109.559486 4.289609 211.846542 0 1
109.869270 4.132874 211.869781 0 1
110.168991 3.849966 211.811050 0 1
110.452827 3.505866 211.746536 0 1
110.980896 3.344777 211.993225 0 1
111.269470 3.058471 212.079865 0 1
111.530357 2.694853 212.159363 0 1
111.905518 2.362379 212.320328 0 1
112.337906 2.004221 212.507782 0 1
112.682007 1.701211 212.664917 0 1
112.927299 1.297681 212.721542 0 1
113.174187 0.995812 212.869293 0 1
113.369354 0.703023 213.061661 0 1
113.513214 0.329579 213.193726 0 1
113.674942 -0.123972 213.367096 0 1
113.862915 -0.497943 213.564102 0 1
113.982765 -0.950094 213.690308 0 1
114.118332 -1.345340 213.836273 0 1
114.229507 -1.808740 213.968674 0 1
114.316803 -2.195926 214.132446 0 1
114.308273 -2.677335 214.360397 0 1
114.269615 -3.119295 214.498886 0 1
114.256508 -3.643223 214.726654 0 1
114.197411 -4.114423 214.875687 0 1
114.182213 -4.609364 215.083572 0 1
114.122429 -5.117011 215.246368 0 1
113.973740 -5.599945 215.402115 0 1
113.765335 -6.038940 215.599365 0 1
113.527504 -6.472253 215.755615 0 1
113.337601 -6.891502 215.957840 0 1
113.077057 -7.347095 216.117279 0 1
112.925766 -7.777588 216.367889 0 1
112.547966 -8.285284 216.422470 0 1
112.213974 -8.686701 216.666946 0 1
111.825798 -9.090796 216.916107 0 1
111.380569 -9.463881 217.048508 0 1
110.960999 -9.834784 217.211914 0 1
110.582260 -10.153029 217.328217 0 1
110.214584 -10.456175 217.458221 0 1
109.894341 -10.656385 217.490906 0 1
109.617256 -10.800370 217.656708 0 1
109.251854 -10.946640 217.711349 0 1
108.885674 -11.105469 217.840866 0 1
108.512566 -11.233891 217.881500 0 1
108.126991 -11.364118 217.937057 0 1
107.727211 -11.483578 217.939926 0 1
107.337395 -11.577291 217.901901 0 1
106.955894 -11.652242 217.804382 0 1
106.610222 -11.747073 217.822723 0 1
106.214256 -11.799232 217.940491 0 1
105.801117 -11.799437 217.968552 0 1
105.280045 -11.757699 217.896194 0 1
104.782616 -11.721239 217.838562 0 1
104.286644 -11.668285 217.741592 0 1
103.731377 -11.662197 217.763474 0 1
103.260498 -11.648938 217.754166 0 1
102.760750 -11.565467 217.723511 0 1
102.258057 -11.419547 217.782135 0 1
101.821396 -11.202163 217.643143 0 1
101.358345 -10.981598 217.502762 0 1
100.887459 -10.688102 217.230316 0 1
100.441391 -10.503207 217.163742 0 1
99.876434 -10.109569 216.875290 0 1
99.475586 -9.714468 216.635498 0 1
99.212570 -9.383261 216.428040 0 1
98.836853 -9.012852 216.289093 0 1
98.520538 -8.713568 216.185104 0 1
98.163239 -8.367404 216.055161 0 1
97.812614 -8.046636 215.947662 0 1
97.486320 -7.720159 215.844193 0 1
97.261230 -7.311500 215.748749 0 1
97.095367 -6.929857 215.616898 0 1
96.909241 -6.505918 215.477570 0 1
96.631332 -6.154555 215.495163 0 1
96.490067 -5.734295 215.305145 0 1
96.290756 -5.338645 215.190292 0 1
96.135086 -4.938600 215.035233 0 1
96.064522 -4.485885 214.811081 0 1
96.075157 -4.031767 214.637802 0 1
96.098114 -3.566173 214.455429 0 1
96.121323 -3.103118 214.269470 0 1
96.134819 -2.580813 214.075363 0 1
96.143723 -2.076720 213.895752 0 1
96.159088 -1.683140 213.754669 0 1
96.243370 -1.202913 213.546875 0 1
96.375404 -0.859178 213.424759 0 1
96.528366 -0.397074 213.311447 0 1
96.760971 0.093007 213.136093 0 1
97.024323 0.552897 212.928314 0 1
97.231773 1.007093 212.777176 0 1
97.587776 1.339725 212.491989 0 1
98.051323 1.323379 212.211639 0 1
98.090797 1.827599 212.215012 0 1
98.261765 2.225129 212.229019 0 1
98.496338 2.555784 212.199142 0 1
98.974869 2.879075 212.032593 0 1
99.520615 3.238253 211.836334 0 1
100.013580 3.577576 211.662338 0 1
100.469391 3.891765 211.515305 0 1
100.905022 4.063468 211.465622 0 1
101.360214 4.179606 211.399918 0 1
101.733917 4.374780 211.393585 0 1
102.156677 4.543895 211.362518 0 1
102.511856 4.763868 211.374924 0 1
102.937378 4.915474 211.333679 0 1
103.381866 5.107189 211.317627 0 1
103.781197 5.234973 211.334274 0 1
104.186378 5.286417 211.353210 0 1
104.644547 5.294506 211.380630 0 1
105.118896 5.226197 211.372879 0 1
105.631416 5.135846 211.387756 0 1
106.149773 5.105530 211.432938 0 1
106.649956 4.950500 211.407654 0 1
107.102646 4.769200 211.356964 0 1
107.582664 4.635440 211.413544 0 1
108.026863 4.561912 211.532288 0 1
108.519722 4.567101 211.689957 0 1
108.954407 4.376546 211.694260 0 1
109.452362 4.277909 211.793579 0 1
109.828346 4.118711 211.838516 0 1
110.166489 3.752669 211.753769 0 1
110.693466 3.290550 211.798492 0 1
111.167839 2.992464 211.994766 0 1
111.579712 2.583815 212.168045 0 1
112.019524 2.226204 212.360458 0 1
112.351448 1.823428 212.477966 0 1
112.740204 1.488950 212.638184 0 1
112.997078 1.143199 212.728943 0 1
113.246925 0.859696 212.936813 0 1
113.393333 0.494892 213.073227 0 1
113.561867 0.071801 213.252701 0 1
113.688499 -0.386282 213.390930 0 1
113.855972 -0.746238 213.558563 0 1
113.991478 -1.152337 213.709061 0 1
114.163239 -1.558790 213.888443 0 1
114.244347 -2.050086 213.985443 0 1
114.270821 -2.511923 214.209549 0 1
114.296455 -2.988071 214.464157 0 1
114.228165 -3.494602 214.620941 0 1
114.200340 -3.968724 214.812210 0 1
114.127762 -4.504663 214.972000 0 1
114.064629 -4.981410 215.119919 0 1
114.008034 -5.462895 215.322479 0 1
113.762123 -5.937806 215.485870 0 1
113.550659 -6.386432 215.695389 0 1
113.280945 -6.828404 215.818192 0 1
113.145126 -7.201492 216.045334 0 1
112.940834 -7.640995 216.246033 0 1
112.687531 -8.087716 216.384384 0 1
112.249260 -8.522091 216.445038 0 1
111.940475 -8.940198 216.777435 0 1
111.567932 -9.258047 216.914291 0 1
111.254562 -9.556771 217.069016 0 1
110.918068 -9.831544 217.152969 0 1
110.562538 -10.124533 217.264633 0 1
110.202484 -10.427831 217.379990 0 1
109.843002 -10.648458 217.401245 0 1
109.529282 -10.835415 217.635864 0 1
109.056534 -10.979371 217.643448 0 1
108.711403 -11.129718 217.763779 0 1
108.277611 -11.262413 217.793610 0 1
107.857994 -11.386329 217.799973 0 1
107.436928 -11.516953 217.831406 0 1
106.948242 -11.630115 217.754623 0 1
106.484779 -11.714993 217.738480 0 1
106.065865 -11.761119 217.858566 0 1
105.549942 -11.737983 217.826218 0 1
105.052597 -11.688781 217.741150 0 1
104.502869 -11.649800 217.682800 0 1
103.949913 -11.637922 217.684555 0 1
103.445404 -11.620783 217.672455 0 1
103.033409 -11.618537 217.680771 0 1
102.516350 -11.473600 217.711304 0 1
102.039696 -11.281480 217.643372 0 1
101.555672 -11.057802 217.529327 0 1
101.122261 -10.823192 217.347504 0 1
100.726250 -10.569841 217.099442 0 1
100.267036 -10.369854 217.011215 0 1
99.817810 -10.014606 216.790298 0 1
99.451683 -9.614363 216.525146 0 1
99.105736 -9.201584 216.284164 0 1
98.748978 -8.873363 216.169891 0 1
98.474014 -8.575598 216.028137 0 1
98.133881 -8.232155 215.882263 0 1
97.859367 -7.991096 215.815506 0 1
97.454651 -7.607600 215.777710 0 1
97.272820 -7.172598 215.625351 0 1
97.008858 -6.777492 215.591461 0 1
96.822151 -6.379529 215.467041 0 1
96.652740 -6.000012 215.343735 0 1
96.473640 -5.631926 215.233322 0 1
96.308800 -5.200153 215.053986 0 1
96.190170 -4.811211 214.852997 0 1
96.144577 -4.344748 214.674622 0 1
96.140907 -3.841704 214.498337 0 1
96.148544 -3.425006 214.346039 0 1
96.168526 -2.933469 214.159851 0 1
96.160545 -2.438243 213.998825 0 1
96.176140 -1.926447 213.806946 0 1
96.253334 -1.520608 213.584885 0 1
96.377052 -1.082812 213.414047 0 1
96.516846 -0.551303 213.317947 0 1
96.767403 -0.133422 213.113556 0 1
97.015121 0.451454 212.930435 0 1
97.303993 1.004517 212.715576 0 1
97.808685 1.394045 212.332672 0 1
98.200981 1.457263 212.145752 0 1
98.229225 2.015502 212.189514 0 1
98.552101 2.423532 212.130539 0 1
98.952263 2.783104 212.016891 0 1
99.474030 3.173370 211.843674 0 1
99.894745 3.469994 211.693802 0 1
100.377281 3.797212 211.525070 0 1
100.878151 3.910949 211.407486 0 1
101.320511 4.104485 211.378525 0 1
101.704117 4.263663 211.352066 0 1
102.126518 4.480982 211.342331 0 1
102.560249 4.650285 211.309708 0 1
102.956596 4.847944 211.297668 0 1
103.339699 5.032356 211.286987 0 1
103.779633 5.143754 211.261276 0 1
104.216110 5.194081 211.281067 0 1
104.722572 5.213249 211.329559 0 1
105.252724 5.128764 211.338882 0 1
105.772568 5.072415 211.372940 0 1
106.257164 5.020389 211.401001 0 1
106.753281 4.878662 211.376740 0 1
107.181709 4.636915 211.287399 0 1
107.699585 4.623418 211.451935 0 1
108.116486 4.473879 211.511902 0 1
108.624413 4.397994 211.620682 0 1
109.096840 4.312813 211.698257 0 1
109.575012 4.136566 211.752823 0 1
110.007141 3.889471 211.764633 0 1
110.242592 3.483842 211.671021 0 1
110.898148 3.254291 211.900909 0 1
111.265221 2.775815 212.015121 0 1
111.720779 2.411801 212.211441 0 1
111.966476 2.075295 212.289413 0 1
112.353447 1.720713 212.449539 0 1
112.764198 1.347172 212.620087 0 1
112.991486 0.923405 212.691742 0 1
113.250122 0.620638 212.943771 0 1
113.413986 0.228012 213.101532 0 1
113.553284 -0.143849 213.256531 0 1
113.706467 -0.596753 213.418091 0 1
113.831390 -0.998522 213.543671 0 1
114.008698 -1.390678 213.728622 0 1
114.130508 -1.842548 213.871170 0 1
114.183121 -2.329283 214.031372 0 1
114.235565 -2.768070 214.296463 0 1
114.190865 -3.253683 214.464935 0 1
114.140579 -3.799894 214.661011 0 1
114.093269 -4.255337 214.812881 0 1
114.093979 -4.759141 215.042877 0 1
114.008293 -5.278578 215.187088 0 1
113.815704 -5.744334 215.358444 0 1
113.607399 -6.185005 215.550217 0 1
113.372475 -6.621525 215.718796 0 1
113.131287 -7.089241 215.911743 0 1
112.897980 -7.550784 216.096024 0 1
112.759544 -7.958347 216.336502 0 1
112.291527 -8.433120 216.375763 0 1
112.105072 -8.730230 216.621674 0 1
111.693703 -9.141015 216.859100 0 1
111.411949 -9.349031 216.882797 0 1
111.128136 -9.565833 216.939117 0 1
110.849678 -9.851517 217.118500 0 1
110.438316 -10.198783 217.259857 0 1
109.910980 -10.532100 217.233521 0 1
109.578979 -10.766090 217.496048 0 1
109.198540 -10.913482 217.582504 0 1
108.788528 -11.087753 217.715347 0 1
108.364799 -11.215128 217.734116 0 1
107.958588 -11.363111 217.816162 0 1
107.496437 -11.465297 217.757324 0 1
107.034119 -11.596994 217.741608 0 1
106.544380 -11.692639 217.710892 0 1
106.074043 -11.755418 217.841309 0 1
105.568306 -11.708355 217.740723 0 1
105.011185 -11.657407 217.670700 0 1
104.505180 -11.616159 217.598175 0 1
103.966759 -11.608881 217.608353 0 1
103.421570 -11.584522 217.581223 0 1
102.908340 -11.583494 217.653442 0 1
102.409378 -11.402950 217.637177 0 1
102.035080 -11.193068 217.463043 0 1
101.603500 -11.030308 217.430801 0 1
101.179802 -10.821634 217.305008 0 1
100.775253 -10.564134 217.052704 0 1
100.340233 -10.370863 216.965027 0 1
99.965752 -10.055901 216.761368 0 1
99.548424 -9.674166 216.538498 0 1
99.243134 -9.260727 216.235016 0 1
98.859001 -8.940470 216.152191 0 1
98.589104 -8.639258 216.003418 0 1
98.551788 -8.430543 215.740860 0 1
98.232407 -8.281652 215.854523 0 1
97.944420 -8.059340 215.828140 0 1
97.555992 -7.679280 215.728363 0 1
97.388855 -7.286955 215.590744 0 1
97.178307 -6.911905 215.501343 0 1
96.980728 -6.512278 215.398483 0 1
96.773186 -6.166853 215.346558 0 1
96.556992 -5.717725 215.214478 0 1
96.401993 -5.339234 215.064194 0 1
96.275894 -4.923362 214.849304 0 1
96.190056 -4.484472 214.671600 0 1
96.158791 -3.957553 214.518997 0 1
96.190742 -3.435040 214.301987 0 1
96.213417 -2.970369 214.126938 0 1
96.222229 -2.446414 213.935883 0 1
96.228981 -1.941024 213.757721 0 1
96.343323 -1.498240 213.479446 0 1
96.452644 -0.972546 213.360046 0 1
96.573158 -0.573382 213.266037 0 1
96.842773 -0.013817 213.055237 0 1
97.104553 0.549073 212.863480 0 1
97.430092 1.087470 212.612442 0 1
97.859238 1.257244 212.309586 0 1
98.274986 1.379313 212.108917 0 1
98.253975 1.967040 212.164490 0 1
98.649269 2.486508 212.094772 0 1
99.103653 2.870819 211.956390 0 1
99.573196 3.099222 211.759628 0 1
99.910545 3.435936 211.674835 0 1
100.471306 3.774034 211.471039 0 1
100.902824 3.909584 211.401138 0 1
101.416801 4.051475 211.332748 0 1
101.786888 4.197571 211.301498 0 1
102.179504 4.424005 211.305191 0 1
102.595566 4.595975 211.277649 0 1
102.987083 4.776337 211.259613 0 1
103.446205 4.956736 211.224411 0 1
103.864006 5.061152 211.206268 0 1
104.342262 5.152606 211.266418 0 1
104.853043 5.098940 211.276306 0 1
105.386353 5.035702 211.307602 0 1
105.912277 5.040118 211.369888 0 1
106.390343 4.917431 211.362656 0 1
106.839233 4.738464 211.311493 0 1
107.345779 4.573480 211.291016 0 1
107.789963 4.447404 211.391296 0 1
108.292351 4.396498 211.524612 0 1
108.709991 4.378305 211.633469 0 1
109.153053 4.163290 211.644852 0 1
109.626015 4.023035 211.715652 0 1
110.067451 3.739261 211.711899 0 1
110.306351 3.384120 211.669525 0 1
110.983101 3.148640 211.919266 0 1
111.316040 2.720420 212.033722 0 1
111.684303 2.399819 212.187057 0 1
111.961945 1.995282 212.266464 0 1
112.358307 1.673144 212.438385 0 1
112.745277 1.276230 212.593369 0 1
112.952599 0.775757 212.657990 0 1
113.231453 0.551382 212.926590 0 1
113.402969 0.168772 213.093231 0 1
113.515182 -0.300734 213.221573 0 1
113.693565 -0.670243 213.408600 0 1
113.833847 -1.049597 213.546280 0 1
114.013100 -1.452901 213.735565 0 1
114.112862 -1.944671 213.866257 0 1
114.130424 -2.443591 214.021286 0 1
114.181732 -2.864767 214.277405 0 1
114.140953 -3.368145 214.454041 0 1
114.128082 -3.843534 214.665298 0 1
114.048317 -4.380910 214.821594 0 1
113.979073 -4.879668 214.967392 0 1
113.935143 -5.391267 215.163193 0 1
113.730797 -5.819110 215.327957 0 1
113.577614 -6.136930 215.458939 0 1
113.347450 -6.600213 215.662399 0 1
113.112862 -7.045413 215.843475 0 1
112.864265 -7.514170 216.016144 0 1
112.725525 -7.954369 216.289673 0 1
112.343613 -8.365683 216.345428 0 1
111.990265 -8.772091 216.561951 0 1
111.691010 -9.077139 216.742050 0 1
111.422714 -9.293415 216.801132 0 1
111.086578 -9.590936 216.940002 0 1
110.790489 -9.803915 216.969269 0 1
110.354553 -10.219264 217.189972 0 1
109.837051 -10.532197 217.160370 0 1
109.564034 -10.745192 217.435471 0 1
109.137756 -10.894464 217.507782 0 1
108.753014 -11.063703 217.640686 0 1
108.258774 -11.219612 217.687668 0 1
107.796349 -11.355637 217.685898 0 1
107.291931 -11.473081 217.640930 0 1
106.803047 -11.591197 217.610687 0 1
106.320663 -11.675301 217.644089 0 1
105.870796 -11.722013 217.770477 0 1
105.342590 -11.683347 217.706299 0 1
104.823555 -11.640051 217.640549 0 1
104.280655 -11.607951 217.593292 0 1
103.728020 -11.579538 217.563446 0 1
103.274925 -11.575197 217.562927 0 1
102.740990 -11.471963 217.544006 0 1
102.225121 -11.260512 217.466965 0 1
101.813942 -11.103850 217.434433 0 1
101.419647 -10.921036 217.327545 0 1
100.963181 -10.637440 217.074524 0 1
100.493774 -10.410233 216.943802 0 1
100.156006 -10.179504 216.811096 0 1
99.826210 -9.859423 216.602768 0 1
99.358665 -9.454370 216.387177 0 1
99.118401 -9.092423 216.120361 0 1
98.761490 -8.753400 215.990204 0 1
98.613449 -8.519298 215.805466 0 1
98.427498 -8.272976 215.636154 0 1
98.029533 -8.050932 215.723953 0 1
97.610245 -7.750962 215.747330 0 1
97.410782 -7.373935 215.633759 0 1
97.249893 -6.971839 215.473770 0 1
97.036804 -6.559823 215.372406 0 1
96.837013 -6.196661 215.298859 0 1
96.647476 -5.800768 215.178726 0 1
96.501480 -5.415503 215.014771 0 1
96.339432 -5.013205 214.858139 0 1
96.223396 -4.574992 214.679230 0 1
96.239159 -3.991955 214.447937 0 1
96.257515 -3.483913 214.249527 0 1
96.229828 -2.925227 214.096664 0 1
96.252930 -2.441806 213.900421 0 1
96.259926 -1.949471 213.728394 0 1
96.382492 -1.540065 213.453690 0 1
96.478638 -1.039164 213.326569 0 1
96.667015 -0.577347 213.184738 0 1
96.932724 0.067038 212.986816 0 1
97.170799 0.535143 212.809860 0 1
97.501350 0.956461 212.550629 0 1
97.821297 1.238554 212.329422 0 1
98.224503 1.172841 212.135986 0 1
98.322716 1.654721 212.093246 0 1
98.481468 2.152474 212.093628 0 1
98.939301 2.671474 211.989212 0 1
99.355003 2.969391 211.844849 0 1
99.866577 3.291373 211.654526 0 1
100.373123 3.639383 211.476257 0 1
100.864288 3.779302 211.353287 0 1
101.272247 3.878389 211.290268 0 1
101.674774 4.111335 211.291367 0 1
102.089119 4.224072 211.236496 0 1
102.468140 4.458098 211.251556 0 1
102.841568 4.684280 211.250992 0 1
103.303009 4.843484 211.210251 0 1
103.737160 4.979165 211.179764 0 1
104.219376 5.093215 211.225739 0 1
104.723206 5.093163 211.264542 0 1
105.302925 4.997588 211.281174 0 1
105.807449 4.954841 211.315887 0 1
106.275688 4.876185 211.327484 0 1
106.780960 4.713962 211.292389 0 1
107.243484 4.522042 211.237076 0 1
107.700706 4.421308 211.344193 0 1
108.131569 4.363662 211.458389 0 1
108.541229 4.291447 211.547836 0 1
109.026077 4.140995 211.600082 0 1
109.509964 4.010543 211.671600 0 1
109.949837 3.745552 211.675461 0 1
110.285606 3.385492 211.662888 0 1
110.833046 3.170306 211.839508 0 1
111.144325 2.779085 211.936096 0 1
111.392654 2.541627 212.036713 0 1
111.696548 2.226880 212.154083 0 1
111.939651 1.941375 212.238724 0 1
112.258659 1.691570 212.378601 0 1
112.685936 1.288337 212.558365 0 1
112.929993 0.732716 212.639206 0 1
113.221123 0.523063 212.915573 0 1
113.340012 0.061780 213.042282 0 1
113.501396 -0.367182 213.211700 0 1
113.674866 -0.739799 213.391891 0 1
113.802071 -1.108758 213.520050 0 1
113.975533 -1.544690 213.705261 0 1
114.062027 -1.979177 213.827484 0 1
114.087860 -2.541862 214.013123 0 1
114.131691 -2.945117 214.248657 0 1
114.091499 -3.431502 214.426361 0 1
114.045784 -3.943350 214.607422 0 1
113.994118 -4.434049 214.785019 0 1
113.936638 -4.975895 214.966507 0 1
113.864944 -5.463307 215.140900 0 1
113.636353 -5.918796 215.305252 0 1
113.490860 -6.196111 215.412247 0 1
113.289734 -6.550655 215.533234 0 1
113.087639 -6.999101 215.761917 0 1
112.867882 -7.453165 215.956146 0 1
112.659073 -7.902423 216.161133 0 1
112.331360 -8.319980 216.291504 0 1
111.903900 -8.778304 216.478287 0 1
111.551247 -9.118282 216.658676 0 1
111.180222 -9.467372 216.834198 0 1
110.874741 -9.699782 216.893051 0 1
110.475266 -10.095685 217.124786 0 1
109.893501 -10.475821 217.113464 0 1
109.524101 -10.705322 217.311310 0 1
109.128387 -10.874214 217.446960 0 1
108.755707 -11.029390 217.563385 0 1
108.306099 -11.160724 217.583542 0 1
107.861229 -11.306349 217.620667 0 1
107.405304 -11.442732 217.645050 0 1
106.876419 -11.538424 217.548660 0 1
106.384018 -11.637208 217.583084 0 1
105.970589 -11.705369 217.716019 0 1
105.437325 -11.659039 217.636688 0 1
104.947105 -11.601430 217.532104 0 1
104.327492 -11.565726 217.484680 0 1
103.789192 -11.546836 217.480591 0 1
103.314934 -11.527887 217.448044 0 1
102.806412 -11.453943 217.452133 0 1
102.296722 -11.291073 217.487030 0 1
101.867859 -11.079487 217.346130 0 1
101.427361 -10.909465 217.297424 0 1
101.063911 -10.667329 217.060608 0 1
100.634689 -10.453397 216.930573 0 1
100.214012 -10.203510 216.810776 0 1
99.833809 -9.819756 216.552811 0 1
99.378853 -9.382081 216.286774 0 1
99.096436 -9.035699 216.058151 0 1
98.786972 -8.742231 215.949020 0 1
98.740364 -8.524274 215.687958 0 1
98.363052 -8.169136 215.549988 0 1
97.949471 -7.964263 215.677307 0 1
97.652634 -7.622659 215.567566 0 1
97.473854 -7.238968 215.448578 0 1
97.285561 -6.842271 215.329025 0 1
97.077667 -6.434419 215.214722 0 1
96.826302 -6.093594 215.216949 0 1
96.657738 -5.682209 215.061066 0 1
96.485428 -5.269898 214.909042 0 1
96.347382 -4.858922 214.738495 0 1
96.260307 -4.254009 214.521805 0 1
96.304420 -3.724135 214.291000 0 1
96.312515 -3.232045 214.104782 0 1
96.299026 -2.670273 213.934357 0 1
96.322304 -2.189219 213.742416 0 1
96.354652 -1.768779 213.562958 0 1
96.454819 -1.234134 213.322006 0 1
96.569778 -0.826822 213.257599 0 1
96.805191 -0.257390 213.075684 0 1
97.043945 0.254186 212.902512 0 1
97.239113 0.646036 212.755295 0 1
97.628357 1.004837 212.450394 0 1
98.034386 1.025132 212.225311 0 1
98.402733 1.349658 212.054108 0 1
98.401596 1.944433 212.081955 0 1
98.765945 2.460219 212.022964 0 1
99.271118 2.766113 211.833969 0 1
99.711098 3.095266 211.682617 0 1
100.194595 3.507024 211.539215 0 1
100.710609 3.661989 211.341171 0 1
101.120323 3.815948 211.305679 0 1
101.599884 3.911118 211.219910 0 1
101.999321 4.169802 211.236496 0 1
102.375412 4.336467 211.218521 0 1
102.774689 4.519451 211.198059 0 1
103.146294 4.769770 211.216187 0 1
103.612152 4.874200 211.155624 0 1
104.087463 4.980927 211.169937 0 1
104.592941 5.005096 211.214523 0 1
105.117416 4.952394 211.237259 0 1
105.636757 4.896918 211.270050 0 1
106.167274 4.815228 211.285004 0 1
106.655128 4.685443 211.270126 0 1
107.098297 4.502692 211.207474 0 1
107.592743 4.394125 211.289062 0 1
108.016068 4.266621 211.373978 0 1
108.457649 4.243075 211.498093 0 1
108.906708 4.148743 211.570877 0 1
109.370216 4.026584 211.638763 0 1
109.840889 3.763920 211.654861 0 1
110.185341 3.344962 211.623322 0 1
110.661919 3.083274 211.743500 0 1
110.996582 2.789745 211.851120 0 1
111.314285 2.541043 211.986847 0 1
111.585999 2.237336 212.085709 0 1
111.863426 1.923093 212.186661 0 1
112.082306 1.701819 212.273300 0 1
112.470375 1.411375 212.451218 0 1
112.769440 0.949352 212.531403 0 1
113.061020 0.587826 212.763687 0 1
113.221733 0.204959 212.921249 0 1
113.386070 -0.195557 213.099579 0 1
113.516594 -0.578365 213.229858 0 1
113.643578 -1.052663 213.373016 0 1
113.834496 -1.387910 213.541382 0 1
113.986694 -1.820123 213.733261 0 1
114.036026 -2.357866 213.904343 0 1
114.110374 -2.754975 214.136551 0 1
114.030029 -3.303879 214.293289 0 1
114.037529 -3.774402 214.527481 0 1
113.958893 -4.292040 214.675507 0 1
113.925705 -4.812581 214.876831 0 1
113.873528 -5.277063 215.029526 0 1
113.654205 -5.775200 215.182434 0 1
113.424232 -6.194345 215.329819 0 1
113.247292 -6.563164 215.494583 0 1
113.018471 -7.007432 215.680222 0 1
112.849762 -7.462464 215.942429 0 1
112.620789 -7.847861 216.071075 0 1
112.309158 -8.236241 216.195618 0 1
111.924911 -8.703350 216.389801 0 1
111.553650 -9.045924 216.538803 0 1
111.253761 -9.322729 216.675995 0 1
110.922874 -9.621339 216.810043 0 1
110.577789 -9.943486 216.966446 0 1
110.194016 -10.266016 217.092438 0 1
109.756401 -10.566549 217.161011 0 1
109.336700 -10.719678 217.226120 0 1
108.958168 -10.890797 217.361526 0 1
108.537056 -11.048646 217.462067 0 1
108.077065 -11.198824 217.511017 0 1
107.635887 -11.339591 217.553848 0 1
107.121292 -11.445723 217.472610 0 1
106.668358 -11.547669 217.498871 0 1
106.116882 -11.599812 217.489365 0 1
105.719376 -11.640873 217.578735 0 1
105.183762 -11.608604 217.522552 0 1
104.640434 -11.555518 217.456985 0 1
104.067505 -11.527092 217.408646 0 1
103.592438 -11.514470 217.408371 0 1
103.112190 -11.518276 217.446884 0 1
102.615410 -11.406368 217.495087 0 1
102.130157 -11.165043 217.337952 0 1
101.696129 -10.966449 217.230530 0 1
101.272202 -10.775631 217.132309 0 1
100.845123 -10.449661 216.792618 0 1
100.528801 -10.364502 216.845261 0 1
100.083931 -9.996254 216.640320 0 1
99.569832 -9.526243 216.347870 0 1
99.255257 -9.146419 216.069229 0 1
98.941505 -8.833034 215.925278 0 1
98.818329 -8.567661 215.668961 0 1
98.470345 -8.219862 215.517487 0 1
98.069839 -8.008952 215.614883 0 1
97.723419 -7.675084 215.540161 0 1
97.514923 -7.247727 215.407654 0 1
97.318039 -6.866566 215.314163 0 1
97.196648 -6.506007 215.144714 0 1
96.964943 -6.172343 215.122040 0 1
96.734688 -5.817198 215.093399 0 1
96.571892 -5.400838 214.923340 0 1
96.461151 -4.963113 214.715042 0 1
96.277771 -4.245945 214.501755 0 1
96.357704 -3.718054 214.228256 0 1
96.335274 -3.210890 214.076035 0 1
96.363380 -2.708755 213.879669 0 1
96.381371 -2.198143 213.684036 0 1
96.406929 -1.726432 213.497620 0 1
96.553841 -1.250731 213.251465 0 1
96.700783 -0.681576 213.147858 0 1
96.907646 -0.159548 212.997803 0 1
97.225540 0.374284 212.762573 0 1
97.439682 0.779795 212.598587 0 1
97.806732 1.019996 212.337830 0 1
98.338860 1.066165 212.088669 0 1
98.431786 1.630441 212.039993 0 1
98.517891 2.088244 212.056290 0 1
98.904961 2.530631 211.962036 0 1
99.382088 2.732559 211.764389 0 1
99.873856 3.167855 211.618057 0 1
100.339493 3.488405 211.449860 0 1
100.845306 3.574841 211.264633 0 1
101.241844 3.782949 211.256912 0 1
101.720131 3.924338 211.195389 0 1
102.114532 4.065948 211.163086 0 1
102.489502 4.345348 211.194519 0 1
102.937019 4.502852 211.155319 0 1
103.334579 4.715698 211.153900 0 1
103.779808 4.864557 211.136597 0 1
104.268349 4.946275 211.164017 0 1
104.795280 4.954370 211.205292 0 1
105.293938 4.856598 211.212631 0 1
105.841309 4.868743 211.273941 0 1
106.260803 4.741258 211.254181 0 1
106.712914 4.582776 211.222549 0 1
107.176437 4.383631 211.152130 0 1
107.654358 4.300043 211.265762 0 1
108.129616 4.126550 211.339264 0 1
108.564156 4.132991 211.469681 0 1
109.060570 4.041064 211.562653 0 1
109.479515 3.870681 211.595993 0 1
109.862640 3.569245 211.579819 0 1
110.364182 3.188797 211.655380 0 1
110.835854 2.927045 211.792603 0 1
111.157257 2.522641 211.884705 0 1
111.498840 2.230779 212.027939 0 1
111.817062 1.901233 212.150986 0 1
112.041290 1.578871 212.210999 0 1
112.451675 1.286195 212.406509 0 1
112.726723 0.953567 212.501968 0 1
112.982552 0.583056 212.686081 0 1
113.184982 0.199146 212.885971 0 1
113.315407 -0.216581 213.033844 0 1
113.477028 -0.657908 213.194397 0 1
113.601448 -1.113333 213.331818 0 1
113.804359 -1.460128 213.530334 0 1
113.915459 -1.854793 213.680573 0 1
114.012566 -2.334793 213.878769 0 1
114.040085 -2.807408 214.077667 0 1
113.999939 -3.324706 214.270142 0 1
113.990150 -3.787318 214.477493 0 1
113.911835 -4.331297 214.631104 0 1
113.870438 -4.778114 214.794601 0 1
113.816048 -5.308502 214.978226 0 1
113.618736 -5.750858 215.106232 0 1
113.380630 -6.192873 215.273880 0 1
113.189438 -6.603148 215.470078 0 1
112.975731 -7.047408 215.669922 0 1
112.780258 -7.454216 215.842331 0 1
112.584167 -7.940971 216.126709 0 1
112.165291 -8.374630 216.226273 0 1
111.748146 -8.870601 216.459534 0 1
111.439667 -9.167996 216.613022 0 1
111.153862 -9.345011 216.599197 0 1
110.751060 -9.731051 216.805878 0 1
110.437820 -10.041931 216.985611 0 1
110.108902 -10.312175 217.071411 0 1
109.578484 -10.569919 217.035492 0 1
109.262085 -10.747713 217.241226 0 1
108.835526 -10.925006 217.366425 0 1
108.394821 -11.056882 217.389740 0 1
108.006355 -11.200965 217.469833 0 1
107.504906 -11.319229 217.431747 0 1
107.066376 -11.451674 217.459610 0 1
106.519081 -11.516672 217.431320 0 1
106.012512 -11.581944 217.454605 0 1
105.530937 -11.595021 217.480408 0 1
105.044464 -11.570472 217.461792 0 1
104.479538 -11.526008 217.379395 0 1
103.968018 -11.517243 217.387085 0 1
103.433380 -11.461564 217.286026 0 1
102.945335 -11.467823 217.377533 0 1
102.469322 -11.296397 217.365036 0 1
102.030075 -11.054004 217.169144 0 1
101.685249 -10.888754 217.081192 0 1
101.475609 -10.775758 216.991074 0 1
101.051338 -10.580947 216.890350 0 1
100.689522 -10.354117 216.741272 0 1
100.188736 -10.061364 216.658081 0 1
99.776283 -9.696291 216.442001 0 1
99.424492 -9.303462 216.168457 0 1
99.056404 -8.909114 215.924103 0 1
98.858353 -8.619926 215.705612 0 1
98.663597 -8.339549 215.491791 0 1
98.191338 -8.021453 215.510468 0 1
97.822800 -7.739318 215.502731 0 1
97.631767 -7.379568 215.385880 0 1
97.409988 -6.955410 215.279999 0 1
97.228989 -6.566594 215.161087 0 1
97.026222 -6.196937 215.077637 0 1
96.824806 -5.832289 214.994980 0 1
96.631905 -5.407571 214.861588 0 1
96.519646 -5.002524 214.689026 0 1
96.317856 -4.458168 214.552658 0 1
96.361961 -3.857422 214.273865 0 1
96.407196 -3.352454 214.051483 0 1
96.406502 -2.818415 213.868454 0 1
96.389748 -2.334132 213.723282 0 1
96.466591 -1.849492 213.479111 0 1
96.543564 -1.399402 213.259018 0 1
96.715675 -0.768603 213.134033 0 1
96.983994 -0.336902 212.931641 0 1
97.152252 0.227660 212.814621 0 1
97.419182 0.752009 212.614548 0 1
97.838402 0.923722 212.319397 0 1
98.364250 0.974939 212.078583 0 1
98.504356 1.531025 212.001770 0 1
98.612892 2.026467 211.990601 0 1
98.896400 2.465863 211.951965 0 1
99.378853 2.647800 211.740005 0 1
99.852409 3.066122 211.598862 0 1
100.314400 3.338429 211.420044 0 1
100.755096 3.542746 211.274414 0 1
101.190483 3.689467 211.228394 0 1
101.681831 3.750502 211.134491 0 1
102.028206 4.042242 211.172897 0 1
102.465958 4.186515 211.131699 0 1
102.839363 4.427836 211.145569 0 1
103.296638 4.624810 211.128510 0 1
103.717125 4.786030 211.117844 0 1
104.244499 4.851591 211.124710 0 1
104.749207 4.884432 211.167984 0 1
105.261536 4.855229 211.208984 0 1
105.810608 4.771975 211.227692 0 1
106.245590 4.696187 211.229462 0 1
106.743881 4.518250 211.188370 0 1
107.177452 4.367646 211.144485 0 1
107.592567 4.192151 211.183060 0 1
108.114792 4.068609 211.304642 0 1
108.508087 4.083828 211.430038 0 1
108.971466 3.955850 211.495529 0 1
109.466049 3.833290 211.575211 0 1
109.807442 3.630883 211.585571 0 1
110.217201 3.162226 211.606049 0 1
110.764908 2.941623 211.764328 0 1
111.019119 2.571508 211.816055 0 1
111.461037 2.214900 211.999969 0 1
111.745934 1.863421 212.095245 0 1
111.988213 1.568611 212.176407 0 1
112.406158 1.333905 212.387497 0 1
112.621460 1.035671 212.458069 0 1
112.798859 0.518432 212.523026 0 1
113.058083 0.288300 212.763733 0 1
113.196274 -0.132536 212.913834 0 1
113.401154 -0.510798 213.120438 0 1
113.510094 -0.964188 213.239883 0 1
113.671478 -1.334042 213.408783 0 1
113.809906 -1.751674 213.580139 0 1
113.906708 -2.174787 213.761292 0 1
113.936943 -2.801407 213.973938 0 1
113.961922 -3.194014 214.173416 0 1
113.942993 -3.688447 214.375122 0 1
113.887985 -4.206455 214.549698 0 1
113.871429 -4.714597 214.767975 0 1
113.809181 -5.222180 214.921875 0 1
113.646126 -5.690826 215.081299 0 1
113.347496 -6.114815 215.141968 0 1
113.176628 -6.578113 215.430847 0 1
112.938812 -6.994517 215.572678 0 1
112.736366 -7.497252 215.837357 0 1
112.536919 -7.909202 216.047119 0 1
112.154655 -8.352518 216.197495 0 1
111.791519 -8.743337 216.330475 0 1
111.463676 -9.060225 216.465347 0 1
111.088943 -9.375766 216.584946 0 1
110.750687 -9.654809 216.676620 0 1
110.376633 -10.054419 216.926819 0 1
110.098679 -10.288269 217.020981 0 1
109.688164 -10.511951 216.988297 0 1
109.320732 -10.680632 217.125916 0 1
108.855904 -10.863064 217.240860 0 1
108.452042 -11.001584 217.303787 0 1
107.994804 -11.151937 217.354446 0 1
107.554520 -11.285724 217.384399 0 1
107.043678 -11.398736 217.358521 0 1
106.541183 -11.472007 217.371719 0 1
106.053711 -11.528001 217.371902 0 1
105.589378 -11.572283 217.427811 0 1
105.016373 -11.526816 217.356354 0 1
104.530945 -11.511976 217.340118 0 1
103.965981 -11.484929 217.305603 0 1
103.406311 -11.430542 217.215149 0 1
102.936409 -11.455179 217.353714 0 1
102.487625 -11.218117 217.188980 0 1
102.224983 -11.147645 217.232895 0 1
101.948196 -11.015368 217.141434 0 1
101.603683 -10.848533 217.051743 0 1
101.274200 -10.706751 216.994049 0 1
100.918922 -10.418389 216.702881 0 1
100.474930 -10.252462 216.733856 0 1
100.155197 -9.934816 216.527802 0 1
99.749313 -9.639684 216.390366 0 1
99.419121 -9.260738 216.115906 0 1
99.097565 -8.903181 215.884598 0 1
98.978760 -8.609135 215.592911 0 1
98.597755 -8.255479 215.443100 0 1
98.306831 -8.028153 215.397278 0 1
97.933426 -7.787511 215.445587 0 1
97.676918 -7.381679 215.332962 0 1
97.501678 -6.996957 215.206787 0 1
97.287094 -6.609365 215.133255 0 1
97.069717 -6.241834 215.066711 0 1
96.903038 -5.880623 214.944061 0 1
96.736122 -5.464029 214.790894 0 1
96.546440 -5.017088 214.676498 0 1
96.438293 -4.533901 214.505981 0 1
96.401184 -4.049154 214.303268 0 1
96.438362 -3.568278 214.090347 0 1
96.440956 -3.030095 213.904984 0 1
96.461967 -2.557504 213.719757 0 1
96.507561 -2.063718 213.502014 0 1
96.574394 -1.568906 213.260635 0 1
96.716873 -1.058891 213.127579 0 1
96.904907 -0.521478 212.987656 0 1
97.022240 -0.134206 212.904419 0 1
97.307907 0.278582 212.692230 0 1
97.577499 0.661890 212.486862 0 1
97.974304 0.866596 212.253464 0 1
98.476257 1.025849 212.027313 0 1
98.574371 1.577723 211.967880 0 1
98.625046 2.030937 211.985199 0 1
99.044891 2.476003 211.871658 0 1
99.497177 2.756356 211.707413 0 1
99.951790 3.074235 211.543243 0 1
100.352684 3.442744 211.426697 0 1
100.880188 3.466303 211.212784 0 1
101.263519 3.677703 211.204987 0 1
101.745033 3.806401 211.142868 0 1
102.089066 3.964368 211.128662 0 1
102.513130 4.124154 211.094986 0 1
102.920792 4.382041 211.112335 0 1
103.208611 4.539901 211.113220 0 1
103.703232 4.647391 211.089951 0 1
104.200081 4.803136 211.105530 0 1
104.690140 4.807183 211.128876 0 1
105.227966 4.784335 211.171249 0 1
105.747299 4.716862 211.194870 0 1
106.258705 4.605597 211.183960 0 1
106.685616 4.457764 211.150391 0 1
107.149071 4.256562 211.077332 0 1
107.623993 4.153335 211.174377 0 1
108.108238 4.056320 211.296066 0 1
108.535408 4.060083 211.427078 0 1
109.018593 3.923298 211.494934 0 1
109.307755 3.754417 211.496521 0 1
109.760834 3.492430 211.525787 0 1
110.301193 3.086575 211.616928 0 1
110.719772 2.913291 211.740906 0 1
111.085007 2.505205 211.839508 0 1
111.472641 2.127596 211.984695 0 1
111.836807 1.728293 212.119766 0 1
112.060387 1.437517 212.189682 0 1
112.388885 1.154269 212.334473 0 1
112.706642 0.796710 212.456253 0 1
112.931625 0.449462 212.649628 0 1
113.085510 0.108153 212.798080 0 1
113.231316 -0.335056 212.953110 0 1
113.367615 -0.792515 213.098572 0 1
113.541252 -1.150336 213.275497 0 1
113.691505 -1.540328 213.433945 0 1
113.804306 -1.959433 213.629379 0 1
113.915512 -2.431592 213.840332 0 1
113.942001 -2.918811 214.028366 0 1
113.875114 -3.423052 214.170746 0 1
113.870132 -3.952849 214.409210 0 1
113.824272 -4.437650 214.579254 0 1
113.738434 -4.957103 214.719467 0 1
113.689468 -5.447406 214.907272 0 1
113.461090 -5.896703 215.054657 0 1
113.273041 -6.337179 215.283188 0 1
112.997940 -6.757015 215.387039 0 1
112.807343 -7.253591 215.679794 0 1
112.587311 -7.707283 215.904846 0 1
112.240410 -8.144608 216.059967 0 1
111.816002 -8.580190 216.187836 0 1
111.522202 -8.954903 216.362900 0 1
111.177460 -9.223018 216.425797 0 1
110.795998 -9.586526 216.611099 0 1
110.493584 -9.863694 216.750732 0 1
110.237183 -10.090617 216.842026 0 1
109.912498 -10.368603 216.945724 0 1
109.429245 -10.543843 216.882919 0 1
109.106766 -10.738894 217.125671 0 1
108.667709 -10.883682 217.165161 0 1
108.264076 -11.056534 217.296112 0 1
107.842255 -11.188292 217.350037 0 1
107.380165 -11.318048 217.345596 0 1
107.008018 -11.417954 217.378113 0 1
106.380508 -11.443044 217.306503 0 1
105.823128 -11.506171 217.315552 0 1
105.366028 -11.530603 217.346039 0 1
104.791649 -11.495269 217.294647 0 1
104.259254 -11.454420 217.231384 0 1
103.754448 -11.455600 217.262085 0 1
103.187317 -11.421143 217.203735 0 1
102.762337 -11.331697 217.225052 0 1
102.401901 -11.170317 217.148300 0 1
102.078468 -11.017138 217.047134 0 1
101.749512 -10.889919 217.031479 0 1
101.378471 -10.665388 216.835724 0 1
101.166969 -10.604319 216.852020 0 1
100.674568 -10.227160 216.603790 0 1
100.322990 -10.009433 216.531387 0 1
99.931236 -9.661397 216.328232 0 1
99.622948 -9.467996 216.257004 0 1
99.348251 -9.073392 215.943375 0 1
99.052856 -8.705533 215.665436 0 1
98.747063 -8.336906 215.415604 0 1
98.519173 -8.045576 215.215912 0 1
98.056839 -7.886736 215.454529 0 1
97.786331 -7.459575 215.276505 0 1
97.601974 -7.045461 215.137482 0 1
97.326942 -6.646765 215.121628 0 1
97.150742 -6.228742 214.963455 0 1
96.922676 -5.789081 214.841492 0 1
96.787354 -5.418444 214.714890 0 1
96.633347 -4.973633 214.594193 0 1
96.471863 -4.497165 214.465363 0 1
96.440971 -4.076486 214.277954 0 1
96.497414 -3.560877 214.027222 0 1
96.506706 -3.034340 213.835175 0 1
96.509476 -2.540198 213.663605 0 1
96.570770 -2.073128 213.439560 0 1
96.625961 -1.617184 213.221909 0 1
96.711472 -1.163103 213.126938 0 1
96.928848 -0.624984 212.961380 0 1
97.081055 -0.117265 212.858139 0 1
97.343224 0.222484 212.662430 0 1
97.524826 0.602443 212.525085 0 1
97.988701 0.789257 212.249573 0 1
98.495308 0.907320 212.019318 0 1
98.602951 1.375201 211.958389 0 1
98.617989 1.841269 211.954773 0 1
98.898804 2.316014 211.910828 0 1
99.361389 2.538449 211.716217 0 1
99.839424 2.940142 211.566452 0 1
100.382637 3.293174 211.367676 0 1
100.812683 3.379038 211.194824 0 1
101.309006 3.505895 211.118423 0 1
101.730698 3.659314 211.078827 0 1
102.071732 3.906060 211.106583 0 1
102.536522 4.068932 211.067490 0 1
102.936501 4.278627 211.072800 0 1
103.354179 4.508242 211.089035 0 1
103.832764 4.647407 211.085358 0 1
104.354393 4.718819 211.082306 0 1
104.835403 4.729749 211.108063 0 1
105.315941 4.680179 211.129410 0 1
105.857277 4.678165 211.184296 0 1
106.327255 4.556981 211.169830 0 1
106.827278 4.334512 211.095596 0 1
107.308289 4.142386 211.059326 0 1
107.752502 4.060098 211.176163 0 1
108.242325 3.939411 211.278091 0 1
108.690826 3.929921 211.411575 0 1
109.182785 3.781199 211.472824 0 1
109.584358 3.675473 211.544037 0 1
109.995697 3.214199 211.542252 0 1
110.483894 2.885710 211.654510 0 1
110.860420 2.570517 211.744476 0 1
111.237732 2.172547 211.855942 0 1
111.531883 1.893780 211.966599 0 1
111.855110 1.546811 212.086060 0 1
112.182671 1.263353 212.223312 0 1
112.511467 0.949672 212.364944 0 1
112.713730 0.510522 212.441788 0 1
112.935966 0.308354 212.650818 0 1
113.093292 -0.068442 212.811188 0 1
113.243355 -0.569448 212.973755 0 1
113.420158 -0.920698 213.143478 0 1
113.538155 -1.360537 213.284988 0 1
113.663994 -1.808436 213.482254 0 1
113.806953 -2.184840 213.689896 0 1
113.844894 -2.727299 213.877823 0 1
113.844109 -3.192034 214.043747 0 1
113.844383 -3.719351 214.270523 0 1
113.799416 -4.203164 214.442902 0 1
113.755341 -4.703362 214.621765 0 1
113.719963 -5.232944 214.820328 0 1
113.541512 -5.693762 214.955063 0 1
113.231125 -6.184413 215.059418 0 1
113.084915 -6.593331 215.329254 0 1
112.834724 -6.993186 215.437210 0 1
112.642654 -7.427108 215.674469 0 1
112.409714 -7.909547 215.954361 0 1
112.025635 -8.353540 216.112610 0 1
111.670448 -8.707221 216.197784 0 1
111.247025 -9.181657 216.436646 0 1
110.925201 -9.436079 216.496948 0 1
110.607437 -9.690202 216.574203 0 1
110.340828 -10.004422 216.796188 0 1
110.003395 -10.238370 216.827057 0 1
109.583992 -10.501095 216.883224 0 1
109.182320 -10.652150 216.976303 0 1
108.760468 -10.850909 217.148209 0 1
108.329758 -10.983125 217.188278 0 1
107.909760 -11.134809 217.259964 0 1
107.417854 -11.260174 217.240738 0 1
106.926743 -11.367201 217.284683 0 1
106.376503 -11.423030 217.278244 0 1
105.842041 -11.487869 217.291992 0 1
105.326065 -11.496436 217.258636 0 1
104.767708 -11.487247 217.276230 0 1
104.295670 -11.443350 217.205032 0 1
103.750496 -11.438555 217.214294 0 1
103.209480 -11.382308 217.103546 0 1
102.718231 -11.283509 217.156250 0 1
102.367119 -11.118779 217.060608 0 1
101.935516 -10.860399 216.827179 0 1
101.628265 -10.763995 216.852570 0 1
101.335426 -10.585703 216.706406 0 1
100.926697 -10.366121 216.634735 0 1
100.517090 -10.160284 216.603348 0 1
100.155457 -9.809434 216.387115 0 1
99.726692 -9.451247 216.189285 0 1
99.499207 -9.137139 215.943954 0 1
99.134766 -8.692831 215.605896 0 1
98.764160 -8.289128 215.338303 0 1
98.505051 -8.020879 215.193390 0 1
98.071938 -7.854979 215.393173 0 1
97.796524 -7.456936 215.262115 0 1
97.623070 -7.038736 215.106583 0 1
97.421318 -6.684647 215.044327 0 1
97.263077 -6.276947 214.873657 0 1
97.004791 -5.903720 214.844025 0 1
96.821068 -5.480254 214.723969 0 1
96.643967 -4.870728 214.532516 0 1
96.521629 -4.373585 214.364044 0 1
96.523659 -3.704790 214.052826 0 1
96.545479 -3.239258 213.864471 0 1
96.549843 -2.720222 213.678360 0 1
96.609100 -2.227219 213.451447 0 1
96.658562 -1.746514 213.229202 0 1
96.706345 -1.224532 213.127594 0 1
96.975349 -0.614868 212.923340 0 1
97.147888 -0.148290 212.804810 0 1
97.387894 0.301056 212.630432 0 1
97.684753 0.604430 212.406998 0 1
98.174492 0.747698 212.164246 0 1
98.572655 0.967865 211.983566 0 1
98.621429 1.441371 211.949051 0 1
98.729668 1.903242 211.907135 0 1
99.035515 2.335420 211.843979 0 1
99.515747 2.548127 211.638870 0 1
99.884972 2.910630 211.531342 0 1
100.389969 3.246948 211.351379 0 1
100.840164 3.356631 211.177917 0 1
101.292885 3.494495 211.118118 0 1
101.754822 3.588699 211.045319 0 1
102.109299 3.833927 211.066589 0 1
102.533661 4.006746 211.045578 0 1
102.944542 4.244799 211.057785 0 1
103.359505 4.420528 211.063950 0 1
103.803596 4.591135 211.071899 0 1
104.310196 4.676666 211.069992 0 1
104.794350 4.665122 211.078217 0 1
105.336914 4.580133 211.086548 0 1
105.864220 4.604198 211.146942 0 1
106.324020 4.494145 211.143250 0 1
106.808174 4.250696 211.049545 0 1
107.293671 4.073638 211.020370 0 1
107.768120 3.941116 211.123734 0 1
108.231842 3.881687 211.244263 0 1
108.709404 3.866761 211.383881 0 1
109.146049 3.744084 211.446320 0 1
109.585114 3.600768 211.512161 0 1
110.078438 3.081762 211.548660 0 1
110.578857 2.803625 211.673203 0 1
111.044670 2.388314 211.797867 0 1
111.328453 2.010441 211.868454 0 1
111.606529 1.675802 211.961105 0 1
111.976402 1.353305 212.118027 0 1
112.204895 1.082546 212.196808 0 1
112.270599 0.769076 212.161835 0 1
112.575211 0.866363 212.382660 0 1
112.665733 0.309538 212.403305 0 1
112.940048 0.102238 212.662292 0 1
113.091637 -0.289937 212.819138 0 1
113.257423 -0.642298 212.990265 0 1
113.380356 -1.122437 213.132141 0 1
113.562454 -1.492107 213.323029 0 1
113.652206 -1.920611 213.503815 0 1
113.761383 -2.387740 213.714783 0 1
113.780296 -2.915136 213.885895 0 1
113.787750 -3.368824 214.048431 0 1
113.780945 -3.885322 214.271988 0 1
113.730011 -4.367865 214.434967 0 1
113.645378 -4.917940 214.591049 0 1
113.620293 -5.375904 214.779160 0 1
113.377808 -5.877254 214.931381 0 1
113.214409 -6.191917 215.047684 0 1
113.037643 -6.548464 215.216248 0 1
112.803368 -6.996554 215.404495 0 1
112.636406 -7.456762 215.695557 0 1
112.322952 -7.972074 215.954117 0 1
111.949921 -8.397648 216.099533 0 1
111.565704 -8.728148 216.147415 0 1
111.208084 -9.113293 216.290253 0 1
110.879578 -9.435667 216.444107 0 1
110.612053 -9.641954 216.500900 0 1
110.329384 -9.924953 216.643677 0 1
109.958107 -10.259367 216.804626 0 1
109.553589 -10.480865 216.816177 0 1
109.133766 -10.625769 216.873810 0 1
108.742706 -10.784889 216.985580 0 1
108.373566 -10.952666 217.142883 0 1
107.909729 -11.089522 217.156876 0 1
107.442894 -11.221439 217.179214 0 1
106.965469 -11.309671 217.210770 0 1
106.462517 -11.356655 217.193863 0 1
105.952759 -11.417827 217.203979 0 1
105.397705 -11.478073 217.221527 0 1
104.860107 -11.451129 217.179123 0 1
104.342346 -11.420699 217.144379 0 1
103.849648 -11.409810 217.132614 0 1
103.356407 -11.367584 217.070236 0 1
102.926994 -11.315833 217.076660 0 1
102.419563 -11.062137 216.902695 0 1
102.111916 -10.956285 216.902176 0 1
101.744179 -10.787138 216.816025 0 1
101.413513 -10.595940 216.676285 0 1
101.002449 -10.369341 216.595810 0 1
100.515633 -10.051423 216.483765 0 1
100.107582 -9.736057 216.326630 0 1
99.779564 -9.456858 216.169983 0 1
99.562477 -9.146924 215.923706 0 1
99.140999 -8.684096 215.592239 0 1
98.798416 -8.298861 215.323074 0 1
98.544579 -8.001963 215.124313 0 1
98.199081 -7.856490 215.263138 0 1
97.909744 -7.511598 215.177612 0 1
97.736183 -7.105408 215.041290 0 1
97.563522 -6.738418 214.923203 0 1
97.318954 -6.336507 214.858704 0 1
97.096291 -5.952285 214.786911 0 1
96.938942 -5.517620 214.651077 0 1
96.721870 -4.922178 214.502045 0 1
96.602699 -4.459210 214.346985 0 1
96.541100 -3.879429 214.105072 0 1
96.588661 -3.372793 213.861847 0 1
96.572426 -2.818584 213.686172 0 1
96.625084 -2.336424 213.476349 0 1
96.657158 -1.831179 213.261566 0 1
96.796997 -1.405950 213.050934 0 1
96.912025 -0.812800 212.973053 0 1
97.179024 -0.341306 212.770706 0 1
97.440163 0.184591 212.583572 0 1
97.700989 0.513907 212.394867 0 1
98.148071 0.685459 212.176758 0 1
98.619179 0.897004 211.967789 0 1
98.719955 1.418047 211.905762 0 1
98.817909 1.956915 211.871368 0 1
99.120430 2.327064 211.793304 0 1
99.550491 2.542523 211.618591 0 1
99.957893 2.840046 211.473618 0 1
100.458344 3.183223 211.298737 0 1
100.922066 3.293973 211.128845 0 1
101.377777 3.406923 211.062073 0 1
101.819565 3.506796 211.002014 0 1
102.164902 3.754556 211.021851 0 1
102.569778 3.984197 211.029327 0 1
102.961960 4.153061 211.030869 0 1
103.382912 4.340277 211.040833 0 1
103.835663 4.450388 211.042114 0 1
104.303406 4.594594 211.045273 0 1
104.807961 4.580130 211.039032 0 1
105.335518 4.507617 211.052124 0 1
105.850784 4.505493 211.098572 0 1
106.376190 4.387598 211.091919 0 1
106.846924 4.178505 211.012863 0 1
107.304070 4.024784 211.001740 0 1
107.731590 3.930938 211.106049 0 1
108.265732 3.817296 211.221970 0 1
108.749245 3.771433 211.347076 0 1
109.186058 3.685318 211.433228 0 1
109.659775 3.420320 211.472977 0 1
110.136757 2.946139 211.548203 0 1
110.678421 2.634563 211.685318 0 1
111.067421 2.223746 211.776474 0 1
111.411781 1.838003 211.879288 0 1
111.698013 1.497658 211.976273 0 1
112.197525 1.155995 212.207230 0 1
112.137459 0.894501 212.105011 0 1
112.442352 0.699883 212.253372 0 1
112.642838 0.386936 212.379700 0 1
112.905266 0.087957 212.630142 0 1
113.031418 -0.319379 212.763199 0 1
113.233696 -0.715019 212.967941 0 1
113.320992 -1.184576 213.079453 0 1
113.438759 -1.613955 213.262192 0 1
113.603256 -1.972082 213.486572 0 1
113.675224 -2.473760 213.677368 0 1
113.768890 -2.947032 213.887146 0 1
113.773605 -3.407525 214.050690 0 1
113.727356 -3.954336 214.238953 0 1
113.692200 -4.458704 214.434158 0 1
113.597145 -4.988753 214.569916 0 1
113.539833 -5.458070 214.740372 0 1
113.411415 -5.823733 214.922577 0 1
113.128021 -6.221086 214.973907 0 1
112.974937 -6.599071 215.192657 0 1
112.755615 -7.069253 215.427658 0 1
112.490570 -7.532859 215.647583 0 1
112.246307 -7.970611 215.897980 0 1
111.846031 -8.398404 216.035416 0 1
111.503860 -8.805487 216.177002 0 1
111.120285 -9.167650 216.274857 0 1
110.804749 -9.437814 216.368652 0 1
110.400047 -9.774597 216.479126 0 1
110.105072 -10.062391 216.639557 0 1
109.599342 -10.401469 216.691330 0 1
109.211685 -10.587990 216.829742 0 1
108.843201 -10.746996 216.960449 0 1
108.471161 -10.888426 217.051712 0 1
107.973419 -11.060516 217.133316 0 1
107.577217 -11.184056 217.178345 0 1
107.022789 -11.274559 217.169861 0 1
106.537331 -11.312373 217.144577 0 1
106.004341 -11.396723 217.182938 0 1
105.496399 -11.458136 217.198257 0 1
104.960365 -11.429393 217.125854 0 1
104.428268 -11.379845 217.030609 0 1
103.887062 -11.375147 217.046906 0 1
103.359512 -11.345203 217.011322 0 1
102.748482 -11.262312 217.093765 0 1
102.303787 -10.953974 216.757248 0 1
102.010658 -10.874833 216.800293 0 1
101.629913 -10.651412 216.632446 0 1
101.235695 -10.469593 216.590561 0 1
100.790176 -10.151231 216.455170 0 1
100.356644 -9.877424 216.367599 0 1
99.986481 -9.561473 216.184570 0 1
99.728554 -9.202304 215.907654 0 1
99.296974 -8.850151 215.720108 0 1
99.058311 -8.411475 215.312500 0 1
98.662849 -8.054881 215.098663 0 1
98.259689 -7.879739 215.233124 0 1
97.965393 -7.491672 215.099533 0 1
97.738724 -7.079218 215.017670 0 1
97.553825 -6.697556 214.895142 0 1
97.374084 -6.318249 214.785416 0 1
97.134377 -5.895892 214.718018 0 1
96.980621 -5.473993 214.600372 0 1
96.798279 -4.945268 214.459579 0 1
96.666794 -4.477452 214.311722 0 1
96.566902 -3.844821 214.070404 0 1
96.642418 -3.360720 213.806732 0 1
96.663086 -2.823615 213.598450 0 1
96.671227 -2.315377 213.419785 0 1
96.706268 -1.832042 213.209488 0 1
96.809418 -1.363783 213.041580 0 1
96.951294 -0.857724 212.936905 0 1
97.176292 -0.398329 212.769928 0 1
97.462379 0.119070 212.562134 0 1
97.721184 0.422048 212.381775 0 1
98.140694 0.618615 212.182190 0 1
98.621529 0.784380 211.970673 0 1
98.783745 1.223746 211.883011 0 1
98.912888 1.770603 211.810165 0 1
99.058258 2.252392 211.810394 0 1
99.531372 2.445080 211.603333 0 1
99.935982 2.792429 211.472153 0 1
100.372391 3.102274 211.316986 0 1
100.874214 3.220264 211.112823 0 1
101.320061 3.350641 211.053665 0 1
101.793167 3.445424 210.982086 0 1
102.187843 3.720488 211.002396 0 1
102.588127 3.915955 211.006134 0 1
103.009239 4.091316 211.010941 0 1
103.407425 4.271525 211.025665 0 1
103.857651 4.415362 211.034637 0 1
104.401505 4.526008 211.023621 0 1
104.907219 4.500421 211.012833 0 1
105.423454 4.461005 211.034576 0 1
105.943062 4.416677 211.063751 0 1
106.416542 4.266421 211.028122 0 1
106.859543 4.090840 210.961807 0 1
107.328606 3.988147 210.992737 0 1
107.822739 3.859697 211.104630 0 1
108.296150 3.761581 211.207260 0 1
108.793892 3.710383 211.331879 0 1
109.232689 3.502262 211.368210 0 1
109.793716 3.221903 211.477127 0 1
110.307571 2.790936 211.581680 0 1
110.799599 2.435405 211.703918 0 1
111.140083 1.997500 211.770081 0 1
111.456490 1.715903 211.874710 0 1
111.767281 1.394497 211.994781 0 1
112.013992 1.081361 212.072418 0 1
112.127090 0.716253 212.056000 0 1
112.544968 0.596921 212.306061 0 1
112.700722 0.169953 212.443054 0 1
112.904991 -0.154558 212.639069 0 1
113.074020 -0.567395 212.813049 0 1
113.189865 -1.006648 212.940262 0 1
113.316483 -1.457653 213.135406 0 1
113.481712 -1.850058 213.360245 0 1
113.603996 -2.204018 213.555008 0 1
113.670555 -2.702624 213.744064 0 1
113.688721 -3.242271 213.920166 0 1
113.675125 -3.798408 214.114456 0 1
113.618172 -4.250929 214.253464 0 1
113.628510 -4.768984 214.505997 0 1
113.560905 -5.260480 214.647034 0 1
113.367294 -5.749135 214.776688 0 1
113.110779 -6.184518 214.917038 0 1
112.941124 -6.593485 215.145554 0 1
112.679230 -7.071934 215.348648 0 1
112.447929 -7.547365 215.630936 0 1
112.202759 -8.010063 215.906799 0 1
111.740654 -8.454776 216.007797 0 1
111.398735 -8.881837 216.176880 0 1
110.948135 -9.235842 216.203278 0 1
110.641106 -9.479820 216.265594 0 1
110.278831 -9.871763 216.507584 0 1
109.920250 -10.178926 216.629501 0 1
109.403618 -10.433523 216.610550 0 1
109.042244 -10.630591 216.824936 0 1
108.632591 -10.783741 216.907684 0 1
108.184502 -10.937702 216.978760 0 1
107.769974 -11.074709 217.041153 0 1
107.274895 -11.174108 217.059799 0 1
106.769875 -11.249420 217.095810 0 1
106.269051 -11.313127 217.105042 0 1
105.735023 -11.383219 217.117264 0 1
105.197800 -11.407351 217.075256 0 1
104.649010 -11.369282 216.999619 0 1
104.140823 -11.358052 217.001236 0 1
103.554413 -11.305305 216.904648 0 1
103.011398 -11.276917 216.934952 0 1
102.603554 -11.129522 216.909760 0 1
102.262543 -10.911476 216.698685 0 1
101.955162 -10.787354 216.668655 0 1
101.555977 -10.582405 216.564651 0 1
101.117630 -10.314367 216.475067 0 1
100.671265 -10.001166 216.343246 0 1
100.247528 -9.740739 216.266891 0 1
99.888977 -9.405684 216.058640 0 1
99.552879 -9.032090 215.795914 0 1
99.284027 -8.644922 215.479263 0 1
98.939758 -8.297592 215.233536 0 1
98.541473 -7.900737 214.980942 0 1
98.029221 -7.645954 215.167450 0 1
97.839363 -7.255968 215.048279 0 1
97.722641 -6.831558 214.818573 0 1
97.503281 -6.436098 214.746338 0 1
97.282562 -6.063305 214.698181 0 1
97.083412 -5.669349 214.633774 0 1
96.831894 -5.071567 214.501053 0 1
96.693367 -4.468263 214.288406 0 1
96.598938 -3.960373 214.096970 0 1
96.685677 -3.408310 213.777939 0 1
96.682640 -2.873408 213.597000 0 1
96.709595 -2.426368 213.413651 0 1
96.777939 -1.928573 213.165833 0 1
96.866035 -1.498467 212.991714 0 1
96.961624 -1.079034 212.921356 0 1
97.189957 -0.556057 212.750092 0 1
97.397270 -0.043119 212.607635 0 1
97.663429 0.350332 212.415466 0 1
98.076012 0.560747 212.210373 0 1
98.524956 0.700687 212.013931 0 1
98.852859 1.074629 211.856644 0 1
98.866470 1.522916 211.837936 0 1
99.044418 2.046366 211.766907 0 1
99.475571 2.320337 211.602188 0 1
99.869255 2.694454 211.483994 0 1
100.207611 2.986010 211.371140 0 1
100.735413 3.168041 211.145813 0 1
101.225105 3.192658 211.007172 0 1
101.685753 3.374694 210.968826 0 1
102.096947 3.560542 210.958710 0 1
102.504501 3.732121 210.961517 0 1
102.937233 3.920734 210.973587 0 1
103.292992 4.167987 211.009705 0 1
103.787857 4.300132 211.011353 0 1
104.223038 4.479728 211.024292 0 1
104.766037 4.447572 210.992828 0 1
105.346123 4.370215 210.988541 0 1
105.824203 4.423454 211.058044 0 1
106.325897 4.262553 211.018997 0 1
106.783485 4.087329 210.958389 0 1
107.223442 3.890378 210.903336 0 1
107.698906 3.795094 211.025208 0 1
108.177086 3.738236 211.158905 0 1
108.706558 3.649738 211.278473 0 1
109.162613 3.407113 211.317871 0 1
109.698959 3.232044 211.446823 0 1
110.041473 2.878406 211.504807 0 1
110.533707 2.602185 211.628464 0 1
111.017342 2.108462 211.739014 0 1
111.338417 1.783207 211.825439 0 1
111.652390 1.418995 211.930786 0 1
111.935654 1.082634 212.023224 0 1
111.991783 0.763603 211.981766 0 1
112.412407 0.611473 212.213150 0 1
112.533340 0.103921 212.287872 0 1
112.842850 -0.110485 212.579330 0 1
112.970657 -0.522004 212.714249 0 1
113.161766 -0.897651 212.911835 0 1
113.288811 -1.310322 213.072632 0 1
113.386551 -1.742716 213.261658 0 1
113.514038 -2.178132 213.480164 0 1
113.609337 -2.585711 213.666275 0 1
113.639099 -3.136652 213.852112 0 1
113.655952 -3.667451 214.044479 0 1
113.587776 -4.198295 214.197983 0 1
113.591042 -4.686391 214.416595 0 1
113.516670 -5.203578 214.570618 0 1
113.388985 -5.699787 214.760178 0 1
113.064919 -6.144216 214.819214 0 1
112.866615 -6.593915 215.048370 0 1
112.616165 -7.066255 215.288773 0 1
112.449066 -7.491474 215.577148 0 1
112.158386 -8.000422 215.865891 0 1
111.720741 -8.412377 215.954391 0 1
111.327850 -8.890863 216.131958 0 1
110.958809 -9.189320 216.153702 0 1
110.558334 -9.535304 216.261978 0 1
110.234070 -9.902018 216.511581 0 1
109.828461 -10.259041 216.662308 0 1
109.379814 -10.420632 216.564941 0 1
109.003922 -10.613050 216.750305 0 1
108.642059 -10.746427 216.835251 0 1
108.169357 -10.914208 216.916565 0 1
107.719109 -11.044580 216.961090 0 1
107.283707 -11.136035 217.004150 0 1
106.717041 -11.195801 217.003464 0 1
106.232201 -11.271615 217.043808 0 1
105.715599 -11.339504 217.054184 0 1
105.220909 -11.380157 217.036209 0 1
104.664642 -11.332277 216.920624 0 1
104.117638 -11.328946 216.926071 0 1
103.608406 -11.282775 216.843765 0 1
103.023613 -11.253304 216.873901 0 1
102.584229 -11.066199 216.785919 0 1
102.215889 -10.826754 216.561935 0 1
101.866852 -10.695075 216.551315 0 1
101.426109 -10.431183 216.441879 0 1
100.986137 -10.156204 216.361084 0 1
100.618500 -9.945765 216.306213 0 1
100.189156 -9.625299 216.162308 0 1
99.900986 -9.363566 216.004532 0 1
99.440353 -8.860883 215.655212 0 1
99.293686 -8.527231 215.338669 0 1
98.988640 -8.251778 215.153381 0 1
98.563324 -7.897220 214.957550 0 1
98.090790 -7.644202 215.097260 0 1
97.892151 -7.243078 214.979141 0 1
97.758537 -6.822520 214.774246 0 1
97.562317 -6.398695 214.670258 0 1
97.332672 -6.093770 214.674423 0 1
97.197212 -5.724733 214.578979 0 1
96.877495 -5.106349 214.489441 0 1
96.754509 -4.561561 214.294205 0 1
96.724686 -4.086614 214.064346 0 1
96.757904 -3.635049 213.810638 0 1
96.722801 -3.115887 213.640991 0 1
96.770432 -2.638448 213.412079 0 1
96.792747 -2.120717 213.221161 0 1
96.852921 -1.674651 213.013870 0 1
97.031883 -1.268086 212.855911 0 1
97.185928 -0.756649 212.747147 0 1
97.330757 -0.365936 212.645569 0 1
97.592941 0.116362 212.460495 0 1
97.885628 0.478640 212.296188 0 1
98.408081 0.527111 212.063751 0 1
98.828300 0.850793 211.881378 0 1
98.916756 1.302377 211.820374 0 1
99.003517 1.701642 211.770203 0 1
99.153572 2.117993 211.727509 0 1
99.611092 2.353840 211.534790 0 1
99.895760 2.663826 211.462082 0 1
100.394745 3.001380 211.275009 0 1
100.857895 3.097733 211.070648 0 1
101.362770 3.177904 210.965607 0 1
101.789200 3.283388 210.914429 0 1
102.166183 3.520843 210.934052 0 1
102.652016 3.674382 210.940384 0 1
103.007828 3.881411 210.961533 0 1
103.467644 4.060518 210.977249 0 1
103.913071 4.216773 210.982819 0 1
104.323448 4.428627 211.005829 0 1
104.900215 4.402244 210.981827 0 1
105.411240 4.328682 210.970871 0 1
105.956985 4.289703 211.001114 0 1
106.448067 4.174001 210.982773 0 1
106.954071 3.956136 210.895950 0 1
107.359612 3.869422 210.940033 0 1
107.788437 3.726873 211.018646 0 1
108.236015 3.680215 211.150879 0 1
108.727242 3.605403 211.266708 0 1
109.229050 3.355351 211.324158 0 1
109.782936 3.102501 211.451019 0 1
110.222839 2.709400 211.541702 0 1
110.641129 2.352173 211.636169 0 1
110.997406 1.960362 211.708069 0 1
111.288528 1.647402 211.775177 0 1
111.717247 1.278038 211.935562 0 1
111.835007 0.982976 211.935440 0 1
112.093674 0.621583 212.012146 0 1
112.468506 0.477210 212.230545 0 1
112.613998 0.042534 212.363922 0 1
112.821510 -0.325565 212.564636 0 1
112.993881 -0.698298 212.743286 0 1
113.101944 -1.179647 212.900742 0 1
113.248466 -1.533864 213.104507 0 1
113.347534 -1.992381 213.309250 0 1
113.536224 -2.337207 213.545120 0 1
113.577911 -2.832803 213.715240 0 1
113.599808 -3.394914 213.899078 0 1
113.585419 -3.933846 214.082062 0 1
113.534340 -4.433130 214.238602 0 1
113.474312 -4.941409 214.400299 0 1
113.410713 -5.451365 214.575699 0 1
113.223145 -5.871741 214.722946 0 1
113.001640 -6.341863 214.943069 0 1
112.733574 -6.805969 215.130966 0 1
112.553375 -7.240689 215.410675 0 1
112.278145 -7.722020 215.682831 0 1
111.902390 -8.207316 215.881851 0 1
111.518326 -8.501119 215.896225 0 1
111.282677 -8.847243 216.050980 0 1
110.871140 -9.224000 216.122147 0 1
110.437561 -9.600127 216.240112 0 1
110.127258 -9.913231 216.416107 0 1
109.683556 -10.286526 216.560699 0 1
109.127625 -10.448903 216.469040 0 1
108.836357 -10.644000 216.716675 0 1
108.385254 -10.785931 216.776138 0 1
107.997688 -10.946559 216.887680 0 1
107.530403 -11.085650 216.977295 0 1
107.012123 -11.149988 216.982956 0 1
106.530258 -11.224319 217.020905 0 1
105.972382 -11.255146 216.979340 0 1
105.415627 -11.357287 217.031555 0 1
104.872643 -11.339568 216.944458 0 1
104.336884 -11.295898 216.843140 0 1
103.783920 -11.290882 216.850204 0 1
103.262459 -11.257187 216.794357 0 1
102.803246 -11.178452 216.870728 0 1
102.436539 -10.940804 216.628418 0 1
102.097420 -10.798464 216.582870 0 1
101.661888 -10.505527 216.403366 0 1
101.205902 -10.223059 216.321671 0 1
100.762474 -9.973033 216.265976 0 1
100.411102 -9.764364 216.207230 0 1
100.070572 -9.412794 215.978668 0 1
99.711418 -8.988722 215.677673 0 1
99.424889 -8.705237 215.483841 0 1
99.078506 -8.268195 215.131775 0 1
98.646919 -7.921081 214.932983 0 1
98.159180 -7.661479 215.047195 0 1
97.988152 -7.241786 214.864380 0 1
97.782860 -6.826925 214.752716 0 1
97.621140 -6.436912 214.641174 0 1
97.374390 -5.993603 214.586609 0 1
97.125122 -5.444472 214.481018 0 1
97.020058 -5.060952 214.361984 0 1
96.813499 -4.601214 214.272293 0 1
96.830734 -4.132997 214.013901 0 1
96.800499 -3.623047 213.773117 0 1
96.801659 -3.142667 213.566422 0 1
96.777275 -2.620576 213.400101 0 1
96.861160 -2.140850 213.153381 0 1
96.946373 -1.622593 212.922745 0 1
97.054802 -1.115359 212.840820 0 1
97.198845 -0.698374 212.737808 0 1
97.433250 -0.173040 212.574982 0 1
97.711632 0.210408 212.386230 0 1
98.143135 0.434113 212.181808 0 1
98.612717 0.533011 211.976059 0 1
98.971062 0.892082 211.818283 0 1
99.016609 1.451775 211.769608 0 1
99.076637 1.710470 211.737869 0 1
99.312439 2.120611 211.642349 0 1
99.730179 2.377918 211.477173 0 1
100.093697 2.664583 211.349243 0 1
100.584717 3.063944 211.190781 0 1
101.122093 3.033772 210.968948 0 1
101.568588 3.160217 210.911148 0 1
102.019829 3.255920 210.877304 0 1
102.385788 3.537203 210.921585 0 1
102.813843 3.734840 210.942444 0 1
103.242989 3.912257 210.958542 0 1
103.670471 4.111596 210.976868 0 1
104.081345 4.269800 210.985214 0 1
104.585510 4.326314 210.969696 0 1
105.176552 4.254553 210.937042 0 1
105.745758 4.275395 210.978455 0 1
106.242378 4.160494 210.963135 0 1
106.698654 3.973206 210.890198 0 1
107.192505 3.774586 210.834503 0 1
107.662148 3.629155 210.926910 0 1
108.068260 3.562999 211.037476 0 1
108.580025 3.516247 211.179535 0 1
109.082474 3.345063 211.274261 0 1
109.631119 3.145736 211.408508 0 1
109.984108 2.790558 211.472717 0 1
110.415329 2.475325 211.573608 0 1
110.708191 2.229689 211.641281 0 1
110.994965 1.803213 211.683640 0 1
111.391037 1.433694 211.784073 0 1
111.742378 1.102000 211.907623 0 1
111.836082 0.720897 211.878281 0 1
112.296715 0.406053 212.089859 0 1
112.463699 0.027021 212.224518 0 1
112.709564 -0.232099 212.463943 0 1
112.873299 -0.609967 212.629181 0 1
113.038490 -0.968765 212.808243 0 1
113.148018 -1.435617 213.006027 0 1
113.283943 -1.862593 213.223831 0 1
113.431541 -2.247048 213.440063 0 1
113.525238 -2.708751 213.643021 0 1
113.539818 -3.231001 213.805939 0 1
113.564507 -3.773250 213.994644 0 1
113.478256 -4.322742 214.129135 0 1
113.438110 -4.844067 214.316315 0 1
113.441895 -5.308449 214.538162 0 1
113.271935 -5.735747 214.641342 0 1
112.948746 -6.203678 214.740891 0 1
112.802895 -6.629232 215.013626 0 1
112.539757 -7.093338 215.251389 0 1
112.290962 -7.552786 215.526688 0 1
112.017288 -8.035083 215.803574 0 1
111.588402 -8.357932 215.818649 0 1
111.282883 -8.807841 216.016235 0 1
110.902344 -9.144889 216.064514 0 1
110.469551 -9.550207 216.200745 0 1
110.066620 -9.937273 216.386337 0 1
109.677406 -10.247779 216.478470 0 1
109.065346 -10.420645 216.361221 0 1
108.781998 -10.613307 216.610886 0 1
108.356003 -10.759095 216.691315 0 1
107.976494 -10.911242 216.803101 0 1
107.523262 -11.015263 216.865860 0 1
107.074066 -11.091558 216.905807 0 1
106.573334 -11.174430 216.954132 0 1
106.004730 -11.209131 216.916275 0 1
105.529243 -11.283806 216.950943 0 1
104.973007 -11.306949 216.896011 0 1
104.425125 -11.292692 216.828384 0 1
103.873657 -11.263932 216.782761 0 1
103.345055 -11.222589 216.707275 0 1
102.868019 -11.161610 216.787460 0 1
102.399467 -10.870655 216.514771 0 1
102.046059 -10.668736 216.393295 0 1
101.632973 -10.438419 216.341034 0 1
101.280029 -10.261649 216.330139 0 1
100.833733 -9.958852 216.213806 0 1
100.510979 -9.796990 216.197220 0 1
100.119728 -9.425707 215.969833 0 1
99.766602 -9.001546 215.664230 0 1
99.506981 -8.695020 215.430450 0 1
99.219826 -8.260842 215.052521 0 1
98.829102 -8.006642 214.942795 0 1
98.365082 -7.776841 214.975616 0 1
98.138153 -7.371152 214.798584 0 1
97.890770 -6.953611 214.737793 0 1
97.706398 -6.551035 214.639450 0 1
97.560600 -6.074908 214.488785 0 1
97.179024 -5.566657 214.505585 0 1
97.038887 -5.015195 214.322937 0 1
96.831573 -4.516389 214.216537 0 1
96.889091 -4.112019 213.959457 0 1
96.832825 -3.555025 213.710175 0 1
96.822998 -3.002459 213.495575 0 1
96.830765 -2.506663 213.311340 0 1
96.928802 -2.024076 213.042862 0 1
97.024551 -1.531940 212.861923 0 1
97.125839 -1.066978 212.783783 0 1
97.341881 -0.610210 212.626068 0 1
97.552925 -0.082717 212.481232 0 1
97.909782 0.242131 212.286819 0 1
98.337761 0.352106 212.098953 0 1
98.705666 0.537286 211.940216 0 1
98.997620 1.044340 211.796677 0 1
99.175377 1.566314 211.695038 0 1
99.244583 1.989152 211.661255 0 1
99.631134 2.306351 211.512344 0 1
100.041962 2.548245 211.344650 0 1
100.467476 2.869575 211.196655 0 1
100.935242 2.997097 211.010483 0 1
101.435226 3.048791 210.894073 0 1
101.915123 3.147746 210.859894 0 1
102.301262 3.382941 210.884018 0 1
102.735344 3.542425 210.904129 0 1
103.122719 3.754290 210.928055 0 1
103.581184 3.952483 210.942856 0 1
103.999069 4.156203 210.965668 0 1
104.457108 4.279509 210.970276 0 1
105.033699 4.276194 210.948456 0 1
105.635300 4.199694 210.933395 0 1
106.128586 4.079824 210.914185 0 1
106.568291 3.931363 210.859848 0 1
107.004799 3.782332 210.803970 0 1
107.467522 3.623148 210.851593 0 1
107.915367 3.511022 210.954712 0 1
108.391075 3.512307 211.118286 0 1
108.898712 3.439565 211.244400 0 1
109.430908 3.167539 211.347870 0 1
109.881950 2.768180 211.433777 0 1
110.376633 2.390650 211.548828 0 1
110.785332 2.079888 211.648178 0 1
111.053772 1.688784 211.689102 0 1
111.455589 1.363840 211.801910 0 1
111.622627 0.977240 211.808746 0 1
111.916534 0.617544 211.898422 0 1
112.394417 0.325056 212.153717 0 1
112.535004 -0.111377 212.289597 0 1
112.738724 -0.415668 212.495041 0 1
112.882576 -0.863182 212.661072 0 1
113.021767 -1.285055 212.867493 0 1
113.120110 -1.689708 213.052399 0 1
113.243729 -2.125576 213.264771 0 1
113.401848 -2.476632 213.478897 0 1
113.468239 -2.956079 213.670334 0 1
113.511436 -3.500515 213.866669 0 1
113.477303 -4.066668 214.021729 0 1
113.455009 -4.559358 214.202316 0 1
113.371155 -5.089400 214.346542 0 1
113.262009 -5.566688 214.476425 0 1
113.011688 -6.035051 214.630188 0 1
112.796631 -6.471089 214.842758 0 1
112.538940 -6.918664 215.075211 0 1
112.336555 -7.414643 215.425262 0 1
112.101799 -7.845010 215.678711 0 1
111.692337 -8.268466 215.797546 0 1
111.247902 -8.686193 215.886353 0 1
110.910515 -9.046383 215.978180 0 1
110.505447 -9.450705 216.096298 0 1
110.084518 -9.873243 216.296783 0 1
109.730377 -10.159485 216.389969 0 1
109.173233 -10.386521 216.363434 0 1
108.837708 -10.570592 216.544724 0 1
108.433281 -10.723697 216.648697 0 1
107.950233 -10.836943 216.677887 0 1
107.581413 -10.978049 216.823334 0 1
107.013206 -11.033438 216.819565 0 1
106.523674 -11.149713 216.908661 0 1
105.984612 -11.177975 216.867294 0 1
105.492897 -11.252579 216.899536 0 1
104.992607 -11.283078 216.857849 0 1
104.410187 -11.259909 216.756104 0 1
103.843613 -11.244814 216.738953 0 1
103.323532 -11.198275 216.658783 0 1
102.771599 -11.095778 216.718170 0 1
102.372467 -10.797053 216.393921 0 1
101.977325 -10.592060 216.334991 0 1
101.535896 -10.369252 216.311111 0 1
101.103798 -10.115511 216.251221 0 1
100.673599 -9.759158 216.072952 0 1
100.331863 -9.538715 215.996231 0 1
100.030373 -9.287665 215.855103 0 1
99.670609 -8.880579 215.571014 0 1
99.370361 -8.427705 215.182419 0 1
99.081657 -8.147997 214.983627 0 1
98.747383 -7.888792 214.838608 0 1
98.277092 -7.702198 214.963394 0 1
98.130356 -7.309953 214.756317 0 1
97.949417 -6.884984 214.638046 0 1
97.744720 -6.528253 214.596878 0 1
97.475067 -5.993257 214.511078 0 1
97.194008 -5.387567 214.403641 0 1
97.030418 -4.834682 214.233307 0 1
96.918633 -4.385359 214.083878 0 1
96.866508 -3.933064 213.888107 0 1
96.888832 -3.407114 213.602020 0 1
96.886047 -2.888650 213.388062 0 1
96.954353 -2.400652 213.142487 0 1
97.010857 -1.910606 212.919815 0 1
97.125122 -1.432608 212.774780 0 1
97.298248 -0.916345 212.646286 0 1
97.497833 -0.455805 212.507568 0 1
97.730011 -0.147013 212.368256 0 1
98.020805 0.303831 212.232697 0 1
98.545387 0.369120 212.009644 0 1
98.949631 0.697617 211.834564 0 1
99.134048 1.262808 211.726837 0 1
99.195648 1.833482 211.675842 0 1
99.603981 2.069432 211.490036 0 1
99.853004 2.394263 211.409744 0 1
100.311966 2.715930 211.246658 0 1
100.765152 2.928508 211.059540 0 1
101.303314 2.877972 210.855835 0 1
101.694084 3.107014 210.867447 0 1
102.157486 3.226988 210.857224 0 1
102.591637 3.417216 210.884140 0 1
103.015411 3.610485 210.904388 0 1
103.434448 3.779414 210.916534 0 1
103.823982 4.040115 210.946640 0 1
104.259247 4.157906 210.952499 0 1
104.832848 4.230097 210.943268 0 1
105.378876 4.142699 210.904709 0 1
105.926796 4.068349 210.897141 0 1
106.381340 3.987927 210.883865 0 1
106.852966 3.702451 210.746231 0 1
107.341644 3.583262 210.788651 0 1
107.826897 3.465365 210.903976 0 1
108.301918 3.454275 211.068115 0 1
108.837509 3.340211 211.196762 0 1
109.234390 3.168016 211.284805 0 1
109.660042 2.880897 211.375412 0 1
110.229439 2.466082 211.510345 0 1
110.703407 2.125169 211.627167 0 1
110.987488 1.691909 211.665314 0 1
111.430389 1.247772 211.768677 0 1
111.584831 0.851868 211.767319 0 1
111.950775 0.482052 211.888550 0 1
112.354324 0.198429 212.122009 0 1
112.518570 -0.145477 212.276306 0 1
112.716141 -0.509797 212.478149 0 1
112.823921 -0.959458 212.635956 0 1
112.954979 -1.380970 212.845795 0 1
113.092888 -1.765694 213.053986 0 1
113.232849 -2.181944 213.278259 0 1
113.387138 -2.549221 213.493683 0 1
113.412613 -3.100465 213.676834 0 1
113.448090 -3.624343 213.857010 0 1
113.389923 -4.183619 213.985535 0 1
113.402168 -4.689961 214.201614 0 1
113.345108 -5.213737 214.368851 0 1
113.214218 -5.706111 214.547104 0 1
112.867279 -6.171830 214.603928 0 1
112.667595 -6.604002 214.857529 0 1
112.399330 -7.093317 215.155106 0 1
112.187195 -7.572024 215.481186 0 1
111.983749 -7.986768 215.734283 0 1
111.519653 -8.326666 215.738968 0 1
111.096825 -8.834350 215.916946 0 1
110.660515 -9.178335 215.923981 0 1
110.271690 -9.642868 216.137665 0 1
109.886009 -10.003574 216.295288 0 1
109.493576 -10.286413 216.366348 0 1
108.976791 -10.407961 216.280014 0 1
108.621201 -10.591046 216.465485 0 1
108.187386 -10.752024 216.600220 0 1
107.807487 -10.878371 216.708694 0 1
107.316391 -10.976353 216.778091 0 1
106.807320 -11.064967 216.839447 0 1
106.281303 -11.120608 216.837006 0 1
105.755898 -11.187765 216.847733 0 1
105.207138 -11.222294 216.807449 0 1
104.663925 -11.218571 216.711502 0 1
104.080551 -11.225524 216.676300 0 1
103.594772 -11.198047 216.633316 0 1
103.061424 -11.122465 216.577667 0 1
102.538712 -10.868780 216.413071 0 1
102.120575 -10.612531 216.276962 0 1
101.687531 -10.352424 216.209518 0 1
101.241829 -10.124256 216.187653 0 1
100.792488 -9.803877 216.059479 0 1
100.405632 -9.586521 216.008530 0 1
100.104782 -9.272649 215.807434 0 1
99.748970 -8.918101 215.575531 0 1
99.477936 -8.492008 215.208710 0 1
99.188942 -8.165800 214.953583 0 1
98.842300 -7.929104 214.842453 0 1
98.396973 -7.713082 214.859650 0 1
98.216194 -7.333235 214.682266 0 1
98.027603 -6.872351 214.566315 0 1
97.757660 -6.419564 214.532974 0 1
97.400726 -5.784729 214.464203 0 1
97.150154 -5.246623 214.360458 0 1
97.009911 -4.699115 214.174377 0 1
96.978760 -4.264684 213.976562 0 1
96.935333 -3.853983 213.795807 0 1
96.940521 -3.214874 213.465668 0 1
96.933975 -2.719643 213.274139 0 1
97.001335 -2.239674 213.036545 0 1
97.079536 -1.739164 212.815201 0 1
97.251518 -1.184572 212.677017 0 1
97.426682 -0.698699 212.557693 0 1
97.671478 -0.203443 212.398468 0 1
97.982643 0.188605 212.253113 0 1
98.474785 0.232336 212.045914 0 1
98.902779 0.539189 211.859772 0 1
99.087227 0.985959 211.761169 0 1
99.320557 1.627964 211.627701 0 1
99.522903 1.918133 211.526871 0 1
99.879814 2.251134 211.366180 0 1
100.210419 2.573125 211.259277 0 1
100.671440 2.870633 211.091217 0 1
101.183258 2.853923 210.879700 0 1
101.628380 2.976299 210.839798 0 1
102.153290 3.100460 210.830368 0 1
102.529930 3.373335 210.877838 0 1
102.953430 3.544884 210.895523 0 1
103.418793 3.687064 210.899185 0 1
103.786690 3.923851 210.927185 0 1
104.274826 4.108099 210.937790 0 1
104.780426 4.159063 210.928329 0 1
105.358398 4.085156 210.888474 0 1
105.807823 4.047861 210.880844 0 1
106.362801 3.882753 210.827896 0 1
106.810471 3.635577 210.710419 0 1
107.319908 3.562617 210.772003 0 1
107.770416 3.409358 210.860138 0 1
108.286789 3.395969 211.040558 0 1
108.807968 3.283995 211.172806 0 1
109.257568 3.113103 211.281799 0 1
109.772064 2.748808 211.392212 0 1
110.299820 2.360070 211.520126 0 1
110.721992 1.892653 211.603333 0 1
111.017136 1.491812 211.651062 0 1
111.525078 1.114619 211.786438 0 1
111.611374 0.691040 211.752274 0 1
112.076004 0.384820 211.945160 0 1
112.310616 -0.035908 212.082779 0 1
112.534775 -0.330328 212.305008 0 1
112.705498 -0.686689 212.487442 0 1
112.849228 -1.049041 212.676712 0 1
112.974419 -1.474339 212.882980 0 1
113.061607 -1.929147 213.074066 0 1
113.177567 -2.336974 213.285141 0 1
113.342598 -2.721760 213.513947 0 1
113.360306 -3.294155 213.698593 0 1
113.373230 -3.817718 213.859680 0 1
113.354790 -4.348434 214.013351 0 1
113.273392 -4.900436 214.156891 0 1
113.250587 -5.376863 214.345093 0 1
113.009949 -5.893810 214.481476 0 1
112.814507 -6.311869 214.697418 0 1
112.573219 -6.765315 214.950272 0 1
112.365410 -7.203219 215.236099 0 1
112.072304 -7.703063 215.527252 0 1
111.743462 -8.127298 215.704651 0 1
111.325081 -8.493324 215.761215 0 1
110.882591 -8.941462 215.864288 0 1
110.443169 -9.409041 215.995987 0 1
110.075356 -9.797539 216.163544 0 1
109.678291 -10.070970 216.170212 0 1
109.365524 -10.275187 216.229401 0 1
108.912766 -10.451213 216.334442 0 1
108.531853 -10.627555 216.487595 0 1
108.103935 -10.770706 216.613663 0 1
107.672379 -10.858580 216.656494 0 1
107.222214 -10.952868 216.731125 0 1
106.705040 -11.010789 216.744492 0 1
106.126396 -11.068214 216.736938 0 1
105.612724 -11.151157 216.773285 0 1
105.076172 -11.184335 216.731537 0 1
104.495598 -11.181475 216.625183 0 1
103.994148 -11.206083 216.635849 0 1
103.418289 -11.156286 216.542221 0 1
102.870399 -11.054798 216.557129 0 1
102.406555 -10.759862 216.314178 0 1
101.913589 -10.462307 216.213455 0 1
101.516449 -10.263301 216.196991 0 1
101.004158 -9.961291 216.129974 0 1
100.645485 -9.621930 215.927231 0 1
100.292007 -9.304786 215.752319 0 1
99.952774 -8.994431 215.564301 0 1
99.555458 -8.591610 215.287628 0 1
99.284790 -8.140502 214.873398 0 1
98.917000 -7.901445 214.772324 0 1
98.397820 -7.619222 214.738785 0 1
98.215073 -7.256923 214.635971 0 1
98.065536 -6.860914 214.532791 0 1
97.756126 -6.247664 214.440506 0 1
97.380089 -5.644148 214.402786 0 1
97.179939 -5.039053 214.230423 0 1
97.035339 -4.480616 214.048828 0 1
96.926781 -3.955004 213.854950 0 1
96.972786 -3.483226 213.572006 0 1
96.993027 -2.896394 213.283768 0 1
97.046654 -2.431247 213.058823 0 1
97.105988 -1.923697 212.824890 0 1
97.175659 -1.515826 212.730240 0 1
97.397552 -0.938708 212.571671 0 1
97.566689 -0.473618 212.456009 0 1
97.846535 -0.136467 212.312134 0 1
98.164574 0.190669 212.174652 0 1
98.678116 0.281666 211.961426 0 1
99.089294 0.680009 211.774963 0 1
99.248787 1.208674 211.675827 0 1
99.412865 1.798235 211.580734 0 1
99.776955 2.094315 211.400726 0 1
100.104660 2.347458 211.264801 0 1
100.472359 2.677461 211.152603 0 1
101.023903 2.788201 210.902008 0 1
101.486954 2.825530 210.805878 0 1
101.999390 2.942458 210.805649 0 1
102.449860 3.152636 210.827774 0 1
102.826653 3.360370 210.864487 0 1
103.280724 3.535811 210.876892 0 1
103.651939 3.766981 210.901657 0 1
104.132736 3.923500 210.907608 0 1
104.567703 4.075270 210.916962 0 1
105.141777 4.016002 210.878006 0 1
105.641228 4.022745 210.867310 0 1
106.192772 3.879795 210.819031 0 1
106.684387 3.710758 210.752426 0 1
107.202454 3.536072 210.720688 0 1
107.665993 3.354211 210.797195 0 1
108.201912 3.345836 210.990204 0 1
108.645729 3.252389 211.111694 0 1
109.199593 3.066438 211.255951 0 1
109.727509 2.714873 211.370850 0 1
110.269485 2.283758 211.499207 0 1
110.652557 1.853981 211.576691 0 1
111.092239 1.378005 211.662750 0 1
111.449333 1.012519 211.735931 0 1
111.618362 0.624245 211.742554 0 1
112.077972 0.327054 211.929626 0 1
112.263748 -0.178189 212.041031 0 1
112.576027 -0.421361 212.345703 0 1
112.673607 -0.888379 212.504135 0 1
112.801773 -1.258557 212.705795 0 1
112.939285 -1.662688 212.909470 0 1
113.087486 -2.053761 213.132034 0 1
113.208061 -2.434771 213.333603 0 1
113.272568 -2.960038 213.530670 0 1
113.337120 -3.428170 213.721069 0 1
113.327148 -4.005945 213.876312 0 1
113.284073 -4.521309 214.005219 0 1
113.266502 -5.045032 214.203339 0 1
113.115280 -5.572865 214.302353 0 1
112.924484 -6.002883 214.494751 0 1
112.661186 -6.488939 214.732986 0 1
112.325142 -6.973747 214.978745 0 1
112.213364 -7.390878 215.311798 0 1
111.952782 -7.837121 215.570602 0 1
111.539330 -8.159842 215.595978 0 1
111.120026 -8.636700 215.751038 0 1
110.674500 -9.081894 215.842560 0 1
110.264206 -9.545579 215.993073 0 1
109.876976 -9.956717 216.200012 0 1
109.566978 -10.199183 216.274658 0 1
109.125710 -10.315869 216.165115 0 1
108.725632 -10.468896 216.260574 0 1
108.359619 -10.645856 216.461502 0 1
107.905952 -10.732006 216.500900 0 1
107.395515 -10.844529 216.595367 0 1
106.962395 -10.930657 216.662476 0 1
106.406242 -11.016271 216.708908 0 1
105.874947 -11.072517 216.704102 0 1
105.348640 -11.119371 216.679153 0 1
104.789223 -11.135634 216.608932 0 1
104.216278 -11.151940 216.531815 0 1
103.705910 -11.143125 216.499878 0 1
103.158508 -11.105268 216.483871 0 1
102.568810 -10.841393 216.341904 0 1
102.046196 -10.470221 216.144913 0 1
101.614578 -10.230047 216.107269 0 1
101.197983 -10.000201 216.074020 0 1
100.708817 -9.601242 215.872818 0 1
100.344025 -9.315656 215.737518 0 1
99.909378 -8.890200 215.460876 0 1
99.606262 -8.596638 215.267990 0 1
99.462296 -8.277391 214.950409 0 1
99.100464 -7.927350 214.714920 0 1
98.537575 -7.627699 214.642029 0 1
98.369095 -7.292616 214.540436 0 1
98.121597 -6.916365 214.524307 0 1
97.823761 -6.395402 214.471710 0 1
97.505371 -5.751847 214.367188 0 1
97.234489 -5.201054 214.272736 0 1
97.093811 -4.590613 214.061966 0 1
97.066635 -4.163811 213.858871 0 1
96.993454 -3.650615 213.642700 0 1
97.037094 -3.053142 213.306183 0 1
97.073784 -2.585151 213.088593 0 1
97.166222 -2.070808 212.807724 0 1
97.165771 -1.628718 212.740128 0 1
97.326324 -1.066557 212.623383 0 1
97.619873 -0.592978 212.416672 0 1
97.854271 -0.210794 212.307053 0 1
98.237709 0.098805 212.140900 0 1
98.733940 0.230668 211.939407 0 1
99.138069 0.533142 211.760406 0 1
99.272926 1.137464 211.667969 0 1
99.398872 1.645127 211.590393 0 1
99.788368 1.970519 211.391525 0 1
100.148819 2.303985 211.234695 0 1
100.542336 2.627503 211.101974 0 1
101.030602 2.693844 210.865448 0 1
101.550438 2.765966 210.785507 0 1
102.042885 2.886579 210.789764 0 1
102.532829 3.079658 210.809052 0 1
102.974480 3.284980 210.841522 0 1
103.349197 3.502903 210.866638 0 1
103.791862 3.691556 210.875137 0 1
104.212723 3.848492 210.888992 0 1
104.662750 4.051963 210.908890 0 1
105.235504 3.967406 210.861359 0 1
105.773590 3.984257 210.851974 0 1
106.294907 3.779757 210.775909 0 1
106.774643 3.591227 210.688522 0 1
107.285332 3.439650 210.698853 0 1
107.743919 3.283635 210.803589 0 1
108.201813 3.272098 210.965927 0 1
108.759125 3.160592 211.128922 0 1
109.314537 2.965485 211.273178 0 1
109.817039 2.572939 211.381638 0 1
110.228951 2.205276 211.475113 0 1
110.605370 1.757105 211.547470 0 1
110.991707 1.405913 211.629150 0 1
111.305939 1.062242 211.691238 0 1
111.520454 0.580503 211.697998 0 1
112.003906 0.239816 211.861053 0 1
112.215759 -0.209197 212.002106 0 1
112.472481 -0.521568 212.269348 0 1
112.642418 -0.820950 212.465302 0 1
112.747101 -1.297617 212.673691 0 1
112.885643 -1.695464 212.882996 0 1
112.965073 -2.145704 213.076233 0 1
113.106384 -2.527773 213.289322 0 1
113.234268 -2.918038 213.492859 0 1
113.259270 -3.487983 213.678482 0 1
113.282761 -4.007243 213.844055 0 1
113.239326 -4.565224 213.983368 0 1
113.179672 -5.090419 214.128159 0 1
113.089729 -5.573293 214.270889 0 1
112.808945 -6.049273 214.415527 0 1
112.562889 -6.472338 214.638672 0 1
112.354950 -6.864510 214.888290 0 1
112.242310 -7.272918 215.220459 0 1
111.934464 -7.788564 215.510040 0 1
111.579918 -8.076532 215.547348 0 1
111.149582 -8.557414 215.696838 0 1
110.717529 -8.963216 215.768097 0 1
110.392899 -9.395358 215.935059 0 1
109.902542 -9.853543 216.065826 0 1
109.606346 -10.062003 216.078201 0 1
109.157043 -10.265411 216.070389 0 1
108.760185 -10.424664 216.187164 0 1
108.386673 -10.552956 216.306900 0 1
107.976219 -10.700263 216.463577 0 1
107.514328 -10.793507 216.537643 0 1
107.025734 -10.878808 216.598785 0 1
106.539024 -10.960316 216.646545 0 1
106.002502 -11.029779 216.667328 0 1
105.456726 -11.095743 216.665466 0 1
104.906639 -11.110587 216.593628 0 1
104.352348 -11.134244 216.526398 0 1
103.747307 -11.099161 216.397705 0 1
103.254402 -11.094138 216.419769 0 1
102.732140 -10.928360 216.396851 0 1
102.253548 -10.557376 216.136627 0 1
101.830452 -10.302500 216.072266 0 1
101.373230 -10.056816 216.036713 0 1
100.871452 -9.725529 215.933472 0 1
100.418961 -9.397698 215.788910 0 1
100.038345 -8.987266 215.517548 0 1
99.642822 -8.557616 215.202362 0 1
99.463524 -8.167559 214.823868 0 1
99.095856 -7.854342 214.629410 0 1
98.651619 -7.640074 214.601410 0 1
98.418747 -7.264452 214.492859 0 1
98.122719 -6.714952 214.424683 0 1
97.810547 -6.215592 214.386551 0 1
97.482307 -5.660753 214.337601 0 1
97.259293 -5.041565 214.174164 0 1
97.180649 -4.504123 213.958908 0 1
97.086586 -4.072237 213.799088 0 1
97.073837 -3.640555 213.579712 0 1
97.077530 -3.145622 213.322281 0 1
97.069580 -2.629543 213.109146 0 1
97.168457 -2.179430 212.842163 0 1
97.255646 -1.676419 212.658752 0 1
97.366447 -1.173195 212.584259 0 1
97.595284 -0.705005 212.430908 0 1
97.987823 -0.230043 212.249130 0 1
98.310371 0.078532 212.112289 0 1
98.741524 0.212490 211.936996 0 1
99.099136 0.485365 211.777756 0 1
99.289238 0.962360 211.672775 0 1
99.442375 1.412110 211.579498 0 1
99.721001 1.818065 211.435196 0 1
100.051262 2.181022 211.273132 0 1
100.442787 2.454241 211.112701 0 1
100.877708 2.643802 210.924591 0 1
101.457458 2.676587 210.772079 0 1
101.851845 2.814463 210.772491 0 1
102.365837 2.959471 210.790939 0 1
102.783539 3.178673 210.827026 0 1
103.182793 3.314967 210.836563 0 1
103.621017 3.501836 210.851913 0 1
103.990242 3.784537 210.886185 0 1
104.475296 3.924061 210.888565 0 1
105.030388 3.943165 210.870193 0 1
105.473244 3.810621 210.809280 0 1
106.045868 3.788562 210.778168 0 1
106.554680 3.573922 210.677505 0 1
107.053123 3.395745 210.617126 0 1
107.541702 3.240728 210.717484 0 1
108.050858 3.188948 210.892334 0 1
108.608391 3.173342 211.082748 0 1
109.162643 2.898044 211.214340 0 1
109.657005 2.632327 211.335373 0 1
110.144096 2.239628 211.452240 0 1
110.481926 1.867758 211.517242 0 1
110.876144 1.439283 211.601410 0 1
111.252441 1.042715 211.668427 0 1
111.355103 0.688004 211.655991 0 1
111.913078 0.297749 211.819397 0 1
112.183014 -0.107649 211.969833 0 1
112.386436 -0.411780 212.175217 0 1
112.530983 -0.872687 212.391907 0 1
112.705139 -1.195764 212.615067 0 1
112.768532 -1.686079 212.796127 0 1
112.901703 -2.112833 213.017578 0 1
113.026985 -2.480254 213.215530 0 1
113.147141 -2.915252 213.431229 0 1
113.238571 -3.375312 213.630615 0 1
113.241409 -3.919377 213.790070 0 1
113.195343 -4.462673 213.918488 0 1
113.149567 -5.010002 214.061020 0 1
113.051903 -5.521026 214.195236 0 1
112.847771 -5.973464 214.379440 0 1
112.554512 -6.449123 214.609406 0 1
112.317001 -6.836515 214.834961 0 1
112.181946 -7.283686 215.189194 0 1
111.902344 -7.763235 215.468201 0 1
111.512833 -8.119957 215.539139 0 1
111.083458 -8.603894 215.699005 0 1
110.616409 -9.062692 215.781021 0 1
110.300941 -9.438494 215.909134 0 1
109.879692 -9.822952 215.994370 0 1
109.482780 -10.154546 216.115356 0 1
108.906425 -10.282607 215.991989 0 1
108.540276 -10.447406 216.169418 0 1
108.108131 -10.576920 216.302170 0 1
107.679787 -10.732028 216.466721 0 1
107.182487 -10.805112 216.512360 0 1
106.737389 -10.916321 216.606064 0 1
106.214813 -10.970819 216.614899 0 1
105.616310 -10.995176 216.553314 0 1
105.121132 -11.070997 216.572418 0 1
104.570930 -11.070862 216.471054 0 1
103.962379 -11.095054 216.405624 0 1
103.450623 -11.087841 216.377625 0 1
102.920052 -10.985280 216.393051 0 1
102.421059 -10.649786 216.155334 0 1
101.905548 -10.264945 215.984833 0 1
101.466728 -10.015910 215.942123 0 1
101.032204 -9.792098 215.920532 0 1
100.615593 -9.481070 215.791031 0 1
100.237251 -9.090755 215.541138 0 1
99.720360 -8.651293 215.276627 0 1
99.622246 -8.400864 215.026123 0 1
99.320793 -8.066615 214.769043 0 1
99.006302 -7.750451 214.564209 0 1
98.611832 -7.592331 214.578323 0 1
98.288399 -7.107526 214.505646 0 1
98.018486 -6.611672 214.444611 0 1
97.754547 -5.973440 214.305801 0 1
97.433723 -5.414714 214.241699 0 1
97.287315 -4.823563 214.042618 0 1
97.240730 -4.352942 213.836334 0 1
97.170029 -3.930660 213.665268 0 1
97.076881 -3.351768 213.430283 0 1
97.120323 -2.868345 213.156876 0 1
97.180641 -2.398576 212.910507 0 1
97.278778 -1.896754 212.647705 0 1
97.352898 -1.392690 212.586578 0 1
97.541359 -0.953165 212.461899 0 1
97.785538 -0.590713 212.332458 0 1
98.094261 -0.188197 212.201523 0 1
98.470200 0.021583 212.051407 0 1
98.893333 0.158062 211.877670 0 1
99.321365 0.536856 211.683868 0 1
99.432121 1.128306 211.598495 0 1
99.494514 1.595674 211.549301 0 1
99.837486 1.914665 211.371384 0 1
100.187531 2.200917 211.205017 0 1
100.619431 2.612522 211.054489 0 1
101.165283 2.599431 210.794586 0 1
101.682770 2.684402 210.747192 0 1
102.148041 2.802130 210.769608 0 1
102.546715 2.988048 210.792496 0 1
103.016853 3.159695 210.813339 0 1
103.430550 3.321854 210.825073 0 1
103.789001 3.606101 210.858948 0 1
104.297432 3.716737 210.857407 0 1
104.682961 3.875411 210.872299 0 1
105.286713 3.832100 210.828995 0 1
105.794296 3.816726 210.791550 0 1
106.308640 3.652022 210.719589 0 1
106.796135 3.424732 210.613937 0 1
107.341881 3.303409 210.665466 0 1
107.859955 3.083252 210.798431 0 1
108.354088 3.152217 210.987488 0 1
108.877457 2.903031 211.117172 0 1
109.414452 2.781185 211.280533 0 1
109.974113 2.350894 211.404358 0 1
110.363892 2.009008 211.495728 0 1
110.550163 1.624416 211.507309 0 1
110.881180 1.330883 211.584656 0 1
111.142532 0.890804 211.612061 0 1
111.548393 0.454130 211.693161 0 1
112.020004 0.104406 211.848495 0 1
112.134583 -0.395659 211.982849 0 1
112.434830 -0.613832 212.256088 0 1
112.525192 -1.044225 212.444000 0 1
112.644913 -1.482153 212.651321 0 1
112.792938 -1.844163 212.857239 0 1
112.929924 -2.239734 213.079254 0 1
113.026588 -2.638776 213.259811 0 1
113.105598 -3.148487 213.468872 0 1
113.155121 -3.676558 213.658844 0 1
113.165741 -4.217720 213.819229 0 1
113.164101 -4.738441 213.977173 0 1
113.091682 -5.306802 214.129059 0 1
112.933624 -5.805848 214.297363 0 1
112.601639 -6.226839 214.422363 0 1
112.450966 -6.586273 214.676697 0 1
112.202728 -6.999038 214.919128 0 1
111.984207 -7.470113 215.236267 0 1
111.771111 -7.884381 215.489822 0 1
111.367455 -8.185736 215.499237 0 1
110.940186 -8.722274 215.704086 0 1
110.531601 -9.045743 215.713028 0 1
110.159195 -9.528669 215.892349 0 1
109.750443 -9.861135 215.930252 0 1
109.323769 -10.188873 216.017914 0 1
108.786598 -10.251943 215.909790 0 1
108.433472 -10.441403 216.149963 0 1
108.027916 -10.570457 216.279297 0 1
107.661514 -10.686685 216.400009 0 1
107.191681 -10.760501 216.445480 0 1
106.721825 -10.851607 216.512787 0 1
106.216492 -10.941153 216.570953 0 1
105.694588 -10.949246 216.499298 0 1
105.201004 -11.046524 216.548737 0 1
104.645332 -11.039533 216.439957 0 1
104.066521 -11.069008 216.371338 0 1
103.512970 -11.060381 216.316895 0 1
102.995590 -10.969031 216.306900 0 1
102.468689 -10.656243 216.135391 0 1
101.983345 -10.277730 215.953064 0 1
101.558174 -10.047625 215.929352 0 1
101.115784 -9.818426 215.907013 0 1
100.754417 -9.504076 215.750763 0 1
100.316833 -9.126500 215.540024 0 1
99.800644 -8.650706 215.238693 0 1
99.655693 -8.375872 214.977509 0 1
99.372139 -8.004972 214.669388 0 1
99.104774 -7.672805 214.466537 0 1
98.723137 -7.578391 214.526932 0 1
98.379257 -7.110922 214.442566 0 1
98.140892 -6.598346 214.347916 0 1
97.857506 -6.056479 214.269440 0 1
97.548912 -5.578169 214.246582 0 1
97.375870 -4.952367 214.043060 0 1
97.328636 -4.499341 213.849991 0 1
97.227592 -3.997168 213.655731 0 1
97.189186 -3.474967 213.414062 0 1
97.211906 -2.964935 213.127563 0 1
97.251862 -2.452988 212.859802 0 1
97.306198 -1.983200 212.637268 0 1
97.421310 -1.373041 212.535187 0 1
97.616196 -0.966431 212.407974 0 1
97.870033 -0.522780 212.300232 0 1
98.153412 -0.083606 212.178574 0 1
98.721237 -0.081623 211.951523 0 1
99.052612 0.154345 211.809555 0 1
99.378311 0.559792 211.658524 0 1
99.542206 1.084397 211.554672 0 1
99.645706 1.631840 211.477234 0 1
100.000801 1.863224 211.299164 0 1
100.329369 2.189035 211.132874 0 1
100.731918 2.544568 210.976791 0 1
101.249176 2.545329 210.767746 0 1
101.805901 2.608722 210.736053 0 1
102.223534 2.775078 210.760406 0 1
102.698685 2.920657 210.775665 0 1
103.112022 3.082238 210.793625 0 1
103.497986 3.342460 210.825760 0 1
103.911697 3.509635 210.834732 0 1
104.412224 3.660448 210.839554 0 1
104.805107 3.843039 210.856354 0 1
105.441841 3.745504 210.798782 0 1
105.916153 3.650282 210.739273 0 1
106.452339 3.479428 210.654434 0 1
107.026009 3.282539 210.572403 0 1
107.534370 3.122103 210.688766 0 1
108.062111 3.067951 210.870926 0 1
108.574059 3.036937 211.044174 0 1
109.109077 2.810525 211.184494 0 1
109.640106 2.543314 211.319489 0 1
110.127815 2.109776 211.423050 0 1
110.366264 1.699885 211.455597 0 1
110.751022 1.339245 211.543304 0 1
111.133949 0.924357 211.612411 0 1
111.412186 0.504388 211.649750 0 1
111.870178 0.098266 211.761307 0 1
112.075729 -0.363533 211.934540 0 1
112.297745 -0.657287 212.167801 0 1
112.451294 -1.011373 212.379044 0 1
112.615852 -1.399480 212.604996 0 1
112.693291 -1.875433 212.797134 0 1
112.813034 -2.300671 213.012100 0 1
112.936996 -2.689373 213.212204 0 1
113.036201 -3.163342 213.423325 0 1
113.128906 -3.633688 213.624405 0 1
113.081238 -4.174786 213.747604 0 1
113.122391 -4.708477 213.931625 0 1
113.029221 -5.206995 214.014374 0 1
112.905098 -5.707097 214.171692 0 1
112.557266 -6.168761 214.324905 0 1
112.356697 -6.504093 214.524979 0 1
112.117882 -6.940779 214.798035 0 1
112.017548 -7.328047 215.115326 0 1
111.784470 -7.797085 215.416214 0 1
111.369354 -8.105229 215.425705 0 1
111.018593 -8.561099 215.614471 0 1
110.562706 -8.942152 215.638016 0 1
110.183357 -9.436302 215.822510 0 1
109.773109 -9.762551 215.831146 0 1
109.341492 -10.161091 215.982483 0 1
108.806946 -10.234350 215.884842 0 1
108.474480 -10.390095 216.072021 0 1
108.067245 -10.524501 216.220596 0 1
107.596275 -10.627278 216.304764 0 1
107.072334 -10.729610 216.384613 0 1
106.662483 -10.837429 216.488724 0 1
106.104729 -10.907274 216.510162 0 1
105.542793 -10.917478 216.432693 0 1
105.028198 -11.008380 216.463043 0 1
104.525124 -11.004388 216.366348 0 1
103.998856 -11.054941 216.339401 0 1
103.424767 -11.019477 216.233582 0 1
102.918533 -10.929651 216.278214 0 1
102.395798 -10.520061 216.015381 0 1
101.926208 -10.185859 215.884171 0 1
101.491592 -9.916316 215.819946 0 1
101.023010 -9.631893 215.750198 0 1
100.591652 -9.325667 215.626709 0 1
100.122223 -8.906209 215.382858 0 1
99.872505 -8.516646 215.044830 0 1
99.646416 -8.174709 214.739532 0 1
99.289513 -7.869881 214.559021 0 1
98.997200 -7.540902 214.414886 0 1
98.563263 -7.409453 214.486725 0 1
98.278923 -6.761156 214.333923 0 1
97.982239 -6.207969 214.259079 0 1
97.733376 -5.689167 214.170410 0 1
97.445969 -5.138038 214.093399 0 1
97.380623 -4.591429 213.858887 0 1
97.254883 -4.070194 213.676010 0 1
97.264977 -3.629169 213.440567 0 1
97.228699 -3.103066 213.193253 0 1
97.321671 -2.620275 212.877045 0 1
97.371490 -2.091782 212.606964 0 1
97.437996 -1.506480 212.516220 0 1
97.629692 -1.093876 212.396698 0 1
97.846855 -0.571482 212.307678 0 1
98.320633 -0.137566 212.114349 0 1
98.841805 -0.044868 211.901382 0 1
99.210808 0.286682 211.742722 0 1
99.410805 0.720539 211.635544 0 1
99.623322 1.211505 211.507919 0 1
99.827377 1.644997 211.388138 0 1
100.201378 1.991995 211.198807 0 1
100.536072 2.326252 211.035400 0 1
100.968498 2.499396 210.844360 0 1
101.532669 2.491938 210.729202 0 1
102.031845 2.602507 210.726486 0 1
102.539848 2.692530 210.729324 0 1
102.853424 2.997224 210.783020 0 1
103.343559 3.140233 210.791565 0 1
103.775375 3.349773 210.810364 0 1
104.202080 3.575241 210.836487 0 1
104.626190 3.745239 210.845871 0 1
105.187546 3.739937 210.811264 0 1
105.734093 3.636626 210.751373 0 1
106.265633 3.503883 210.673569 0 1
106.849281 3.273067 210.557816 0 1
107.360443 3.113368 210.626083 0 1
107.961792 2.968392 210.815308 0 1
108.401917 3.041171 210.981720 0 1
108.931351 2.799423 211.119354 0 1
109.488518 2.592675 211.274948 0 1
110.027031 2.106058 211.387100 0 1
110.237640 1.729875 211.414047 0 1
110.615402 1.328911 211.491241 0 1
111.017029 0.988665 211.580246 0 1
111.287086 0.533976 211.612015 0 1
111.806664 0.117788 211.738235 0 1
112.037804 -0.302769 211.896118 0 1
112.244545 -0.627128 212.118759 0 1
112.389076 -1.014428 212.333160 0 1
112.498245 -1.388444 212.516586 0 1
112.596954 -1.782679 212.706909 0 1
112.744049 -2.259071 212.944443 0 1
112.889542 -2.599547 213.152618 0 1
112.985664 -3.027460 213.349731 0 1
113.085815 -3.504449 213.562057 0 1
113.077522 -4.058897 213.710754 0 1
113.054192 -4.612212 213.849319 0 1
113.014610 -5.184136 213.990082 0 1
112.907265 -5.650294 214.120972 0 1
112.541267 -6.167373 214.311203 0 1
112.266525 -6.523438 214.481277 0 1
112.112846 -6.910654 214.764328 0 1
111.933159 -7.371995 215.098755 0 1
111.709969 -7.777055 215.348022 0 1
111.256020 -8.181794 215.424774 0 1
110.902725 -8.645141 215.605804 0 1
110.467072 -8.990153 215.609390 0 1
110.123459 -9.475543 215.814011 0 1
109.665771 -9.856058 215.838867 0 1
109.205406 -10.156633 215.878845 0 1
108.620377 -10.206912 215.825226 0 1
108.321251 -10.382227 216.043427 0 1
107.900757 -10.534319 216.205032 0 1
107.429115 -10.599983 216.240677 0 1
107.037727 -10.725261 216.375107 0 1
106.560844 -10.764950 216.372086 0 1
106.110924 -10.857457 216.439911 0 1
105.533577 -10.887727 216.382645 0 1
105.029518 -10.967496 216.406052 0 1
104.412506 -10.986424 216.320831 0 1
103.936089 -10.986891 216.225662 0 1
103.343742 -10.994211 216.177933 0 1
102.885559 -10.900371 216.245346 0 1
102.378845 -10.470124 215.968063 0 1
101.868622 -10.106029 215.824310 0 1
101.445290 -9.832578 215.746902 0 1
101.043137 -9.592164 215.695190 0 1
100.636276 -9.336876 215.619324 0 1
100.137131 -8.874890 215.337585 0 1
99.902267 -8.484166 214.990128 0 1
99.799469 -8.291900 214.809006 0 1
99.508202 -7.877184 214.484024 0 1
99.224121 -7.576761 214.365112 0 1
98.773079 -7.410626 214.407501 0 1
98.459167 -7.115838 214.392166 0 1
98.293320 -6.630684 214.256638 0 1
97.973991 -6.133888 214.230301 0 1
97.632584 -5.560265 214.177979 0 1
97.443581 -4.988451 214.015259 0 1
97.424309 -4.463520 213.759949 0 1
97.319382 -3.929172 213.560349 0 1
97.325233 -3.497601 213.329849 0 1
97.316010 -2.906762 213.022720 0 1
97.350555 -2.329862 212.714066 0 1
97.445732 -1.892267 212.507050 0 1
97.567444 -1.288663 212.426392 0 1
97.826500 -0.911426 212.305954 0 1
98.061798 -0.449172 212.216354 0 1
98.481064 -0.164936 212.047974 0 1
98.941757 -0.009652 211.860046 0 1
99.352791 0.296918 211.681686 0 1
99.519112 0.841771 211.579666 0 1
99.642441 1.438600 211.485184 0 1
100.031097 1.716729 211.287949 0 1
100.416313 2.057900 211.091660 0 1
100.713219 2.391682 210.957565 0 1
101.242882 2.440822 210.754730 0 1
101.786613 2.471567 210.712463 0 1
102.255630 2.626116 210.727737 0 1
102.709167 2.768193 210.741486 0 1
103.105682 2.978343 210.768890 0 1
103.570854 3.165489 210.786072 0 1
103.933662 3.386843 210.808792 0 1
104.431396 3.526603 210.812149 0 1
104.882462 3.650359 210.812317 0 1
105.409859 3.575732 210.758926 0 1
105.967392 3.506864 210.698074 0 1
106.518944 3.333250 210.602554 0 1
107.080063 3.150265 210.555145 0 1
107.512802 2.962356 210.646225 0 1
108.056931 2.930197 210.840500 0 1
108.553238 2.888211 211.004196 0 1
109.094231 2.652319 211.151291 0 1
109.667107 2.389620 211.306198 0 1
110.117661 1.934494 211.398590 0 1
110.397476 1.535096 211.444839 0 1
110.726540 1.196124 211.516342 0 1
110.936012 0.779528 211.526093 0 1
111.455322 0.286485 211.632950 0 1
111.894928 0.002737 211.758713 0 1
111.963860 -0.613579 211.922379 0 1
112.279404 -0.840019 212.204865 0 1
112.383461 -1.281661 212.404663 0 1
112.540161 -1.669570 212.628799 0 1
112.642471 -2.126903 212.830612 0 1
112.799522 -2.465427 213.048294 0 1
112.917168 -2.924902 213.266174 0 1
113.028061 -3.351834 213.473587 0 1
113.033325 -3.887046 213.627365 0 1
112.960472 -4.375154 213.720230 0 1
112.931282 -5.015707 213.865921 0 1
112.891113 -5.531418 214.021103 0 1
112.600891 -6.026348 214.222641 0 1
112.243805 -6.505571 214.442932 0 1
112.103546 -6.865958 214.712036 0 1
111.954544 -7.313247 215.054321 0 1
111.641006 -7.744296 215.273956 0 1
111.185150 -8.185106 215.379333 0 1
110.816399 -8.674527 215.574051 0 1
110.375031 -9.034714 215.577286 0 1
109.983185 -9.541561 215.772369 0 1
109.571411 -9.909625 215.821777 0 1
109.080261 -10.132113 215.788330 0 1
108.545334 -10.199842 215.795105 0 1
108.210388 -10.358648 215.995544 0 1
107.780685 -10.497371 216.139725 0 1
107.335403 -10.584006 216.208420 0 1
106.919014 -10.710610 216.342926 0 1
106.417847 -10.756475 216.342514 0 1
105.934814 -10.848802 216.400284 0 1
105.342491 -10.868252 216.327164 0 1
104.820305 -10.908370 216.285431 0 1
104.232368 -10.933873 216.204147 0 1
103.696037 -10.957399 216.140396 0 1
103.081680 -10.867252 216.075195 0 1
102.669670 -10.675632 216.048050 0 1
102.157570 -10.236800 215.816589 0 1
101.790199 -10.055967 215.808273 0 1
101.339912 -9.798866 215.769241 0 1
100.942635 -9.542352 215.692307 0 1
100.457954 -9.158739 215.503891 0 1
100.141449 -8.803779 215.253342 0 1
99.925117 -8.435882 214.917343 0 1
99.695442 -8.081827 214.609558 0 1
99.401428 -7.822826 214.475403 0 1
99.117477 -7.462929 214.328659 0 1
98.663208 -7.378574 214.425812 0 1
98.397644 -6.845319 214.291550 0 1
98.142174 -6.403104 214.240936 0 1
97.880058 -5.907558 214.181931 0 1
97.646957 -5.430015 214.096390 0 1
97.457428 -4.817280 213.918304 0 1
97.483696 -4.361635 213.663055 0 1
97.381210 -3.864356 213.482040 0 1
97.410660 -3.340936 213.188065 0 1
97.295151 -2.861066 213.016693 0 1
97.380005 -2.363999 212.705643 0 1
97.503944 -1.831877 212.459778 0 1
97.643898 -1.340744 212.383774 0 1
97.865219 -0.824429 212.290237 0 1
98.168724 -0.472324 212.172592 0 1
98.599319 -0.276142 211.996704 0 1
99.066750 -0.079144 211.807373 0 1
99.372795 0.291987 211.673004 0 1
99.602921 0.785963 211.547806 0 1
99.703743 1.402092 211.459900 0 1
100.161575 1.693372 211.223648 0 1
100.462540 1.977273 211.069733 0 1
100.745659 2.351264 210.937180 0 1
101.325577 2.329509 210.736618 0 1
101.834076 2.439546 210.705368 0 1
102.357773 2.518337 210.701263 0 1
102.766006 2.713246 210.727493 0 1
103.177666 2.887836 210.746140 0 1
103.664139 3.062036 210.762833 0 1
104.036125 3.352383 210.794022 0 1
104.556137 3.440352 210.785538 0 1
104.922981 3.674524 210.815414 0 1
105.519638 3.518446 210.737732 0 1
106.112968 3.437404 210.667404 0 1
106.580658 3.211738 210.560532 0 1
107.182526 3.116093 210.569870 0 1
107.612312 2.882087 210.666565 0 1
108.211494 2.867708 210.882462 0 1
108.621246 2.795310 211.010849 0 1
109.203522 2.600450 211.179398 0 1
109.707466 2.226863 211.296204 0 1
110.111313 1.783097 211.377655 0 1
110.452538 1.348556 211.439117 0 1
110.879204 1.083425 211.550751 0 1
111.031570 0.599165 211.532410 0 1
111.528091 0.179317 211.643082 0 1
111.906662 -0.146328 211.777893 0 1
112.011887 -0.678367 211.971970 0 1
112.270836 -0.945285 212.229218 0 1
112.305779 -1.433011 212.392227 0 1
112.509331 -1.779369 212.639786 0 1
112.629280 -2.219943 212.846634 0 1
112.739891 -2.654749 213.059570 0 1
112.840347 -3.097088 213.263168 0 1
112.979233 -3.491822 213.480713 0 1
112.971275 -4.067112 213.636429 0 1
112.963356 -4.604348 213.781799 0 1
112.890259 -5.194101 213.888519 0 1
112.812675 -5.643201 214.025879 0 1
112.385124 -6.241473 214.275314 0 1
112.146866 -6.648152 214.520905 0 1
111.926254 -7.092802 214.810684 0 1
111.725739 -7.549222 215.142700 0 1
111.375664 -7.956974 215.298965 0 1
111.010475 -8.434721 215.495499 0 1
110.565697 -8.805049 215.499207 0 1
110.186882 -9.234686 215.627136 0 1
109.782288 -9.630167 215.704529 0 1
109.306572 -10.074923 215.819061 0 1
108.681091 -10.114106 215.698593 0 1
108.323990 -10.267518 215.870834 0 1
107.927361 -10.398035 216.010956 0 1
107.448715 -10.495709 216.096939 0 1
107.009567 -10.631534 216.239807 0 1
106.519547 -10.695231 216.264633 0 1
106.012558 -10.782336 216.311554 0 1
105.431511 -10.813912 216.259995 0 1
104.928085 -10.845738 216.218384 0 1
104.363945 -10.911621 216.201782 0 1
103.811905 -10.923013 216.107742 0 1
103.248642 -10.892494 216.032959 0 1
102.737404 -10.652786 215.986725 0 1
102.268837 -10.307599 215.840256 0 1
101.839905 -9.991676 215.702850 0 1
101.316460 -9.741097 215.714478 0 1
100.938316 -9.439317 215.579407 0 1
100.514305 -9.118519 215.434174 0 1
100.116081 -8.737160 215.187729 0 1
99.929825 -8.287865 214.739151 0 1
99.606590 -7.917040 214.478714 0 1
99.345863 -7.559671 214.309967 0 1
99.034874 -7.333626 214.274734 0 1
98.630661 -7.242357 214.360107 0 1
98.473114 -6.692386 214.165253 0 1
98.099411 -6.174993 214.151642 0 1
97.898232 -5.712107 214.066254 0 1
97.607590 -5.232222 214.026642 0 1
97.537453 -4.686768 213.794235 0 1
97.447632 -4.126748 213.570938 0 1
97.465912 -3.667612 213.314133 0 1
97.411865 -3.188788 213.105423 0 1
97.421989 -2.695713 212.836578 0 1
97.499641 -2.169771 212.525238 0 1
97.609612 -1.584032 212.396057 0 1
97.801872 -1.115628 212.310898 0 1
98.062180 -0.662120 212.209137 0 1
98.397545 -0.315997 212.081619 0 1
98.943222 -0.276278 211.859207 0 1
99.273521 0.052070 211.718643 0 1
99.600571 0.474605 211.564514 0 1
99.698662 1.036304 211.484879 0 1
99.967735 1.469004 211.329559 0 1
100.290245 1.882261 211.154800 0 1
100.663567 2.189213 210.967377 0 1
101.138977 2.280420 210.768372 0 1
101.732422 2.299899 210.690765 0 1
102.192154 2.427922 210.690186 0 1
102.672745 2.542806 210.694489 0 1
103.064102 2.796434 210.731750 0 1
103.489067 2.969803 210.749908 0 1
103.883232 3.175030 210.770569 0 1
104.286247 3.397711 210.792282 0 1
104.747528 3.537308 210.798615 0 1
105.295502 3.527531 210.759186 0 1
105.801498 3.445710 210.700165 0 1
106.304077 3.339933 210.626129 0 1
106.884483 3.083773 210.523376 0 1
107.442245 2.858343 210.605698 0 1
107.935654 2.786283 210.763062 0 1
108.431343 2.774965 210.943222 0 1
108.994949 2.583747 211.105698 0 1
109.514168 2.369576 211.252075 0 1
109.985626 1.919060 211.352386 0 1
110.306992 1.467284 211.408936 0 1
110.695312 1.138089 211.496796 0 1
110.880959 0.680492 211.491867 0 1
111.323555 0.272609 211.588425 0 1
111.711372 -0.051222 211.694092 0 1
111.856140 -0.462364 211.824890 0 1
112.098053 -0.825951 212.074615 0 1
112.228043 -1.291452 212.288910 0 1
112.365494 -1.677945 212.504074 0 1
112.500183 -2.064659 212.710052 0 1
112.640511 -2.498980 212.942627 0 1
112.717598 -2.914485 213.117615 0 1
112.837868 -3.320981 213.326172 0 1
112.921936 -3.831757 213.532532 0 1
112.820045 -4.376770 213.618927 0 1
112.837738 -4.883865 213.764099 0 1
112.833008 -5.423039 213.926895 0 1
112.573219 -5.948045 214.124161 0 1
112.199722 -6.407055 214.304459 0 1
112.072960 -6.782682 214.609253 0 1
111.837509 -7.229807 214.894470 0 1
111.576653 -7.668893 215.158325 0 1
111.256302 -7.992918 215.248642 0 1
110.914284 -8.444816 215.434921 0 1
110.476196 -8.838564 215.468323 0 1
110.123100 -9.262784 215.606934 0 1
109.713745 -9.632284 215.661789 0 1
109.281746 -10.022876 215.735962 0 1
108.689774 -10.060524 215.624130 0 1
108.341934 -10.237863 215.831696 0 1
107.921333 -10.362491 215.954483 0 1
107.463470 -10.460011 216.046951 0 1
107.058983 -10.594299 216.192688 0 1
106.511780 -10.666031 216.220901 0 1
105.995560 -10.729156 216.237305 0 1
105.499184 -10.805478 216.261993 0 1
104.941063 -10.810456 216.171768 0 1
104.409615 -10.868416 216.145447 0 1
103.865608 -10.849949 216.012695 0 1
103.289917 -10.898446 216.028641 0 1
102.738922 -10.609659 215.935226 0 1
102.301445 -10.253917 215.753723 0 1
101.837242 -9.913074 215.619461 0 1
101.399696 -9.662919 215.582123 0 1
100.912308 -9.356143 215.503662 0 1
100.523682 -9.084295 215.391678 0 1
100.139236 -8.621684 215.037872 0 1
99.952477 -8.225167 214.652771 0 1
99.733887 -7.873606 214.391983 0 1
99.444580 -7.642560 214.334442 0 1
99.200554 -7.340307 214.224518 0 1
98.745636 -7.274245 214.331253 0 1
98.521240 -6.710911 214.141586 0 1
98.125122 -6.188114 214.136566 0 1
97.959610 -5.800801 214.067841 0 1
97.633827 -5.273295 214.029617 0 1
97.630226 -4.772315 213.773758 0 1
97.571426 -4.263682 213.553192 0 1
97.453934 -3.720813 213.351257 0 1
97.447151 -3.248336 213.113205 0 1
97.444939 -2.833780 212.893982 0 1
97.492729 -2.354554 212.612442 0 1
97.576180 -1.726166 212.409973 0 1
97.851250 -1.367246 212.282730 0 1
98.071930 -0.801215 212.203278 0 1
98.366661 -0.463177 212.091476 0 1
98.889175 -0.329100 211.883118 0 1
99.282478 -0.065623 211.720261 0 1
99.618362 0.497719 211.555054 0 1
99.764824 1.051785 211.453644 0 1
100.036850 1.414910 211.299789 0 1
100.394264 1.884389 211.106308 0 1
100.764633 2.175730 210.923325 0 1
101.326172 2.251270 210.736938 0 1
101.950386 2.216702 210.671112 0 1
102.346756 2.400472 210.673874 0 1
102.786552 2.513186 210.684525 0 1
103.203529 2.710483 210.709442 0 1
103.657486 2.876522 210.721725 0 1
104.053856 3.121880 210.751450 0 1
104.405693 3.369008 210.778961 0 1
104.897118 3.472781 210.771255 0 1
105.453568 3.430508 210.722137 0 1
106.011269 3.326238 210.649582 0 1
106.509827 3.115683 210.540237 0 1
107.086716 2.986312 210.532364 0 1
107.628937 2.755857 210.646393 0 1
108.128250 2.738263 210.821121 0 1
108.629486 2.682930 210.998032 0 1
109.199150 2.472503 211.156830 0 1
109.706497 2.100247 211.274185 0 1
110.035316 1.643415 211.334274 0 1
110.355621 1.255346 211.390762 0 1
110.757309 0.865330 211.475388 0 1
111.097290 0.420541 211.529037 0 1
111.549088 -0.036755 211.642365 0 1
111.885155 -0.258231 211.790329 0 1
111.949364 -0.855636 211.980362 0 1
112.174522 -1.138267 212.211258 0 1
112.295349 -1.577781 212.430496 0 1
112.379494 -2.047012 212.619720 0 1
112.499634 -2.406591 212.806671 0 1
112.626595 -2.855380 213.034119 0 1
112.725502 -3.296542 213.236359 0 1
112.852341 -3.699628 213.449142 0 1
112.793884 -4.224283 213.557083 0 1
112.818077 -4.796671 213.730103 0 1
112.804230 -5.253508 213.852493 0 1
112.637352 -5.796273 214.026505 0 1
112.288658 -6.284461 214.245667 0 1
112.014084 -6.680116 214.454758 0 1
111.798904 -7.150445 214.786331 0 1
111.613647 -7.585624 215.102249 0 1
111.274086 -7.961025 215.230881 0 1
110.850510 -8.492685 215.431229 0 1
110.409760 -8.795336 215.369339 0 1
110.038223 -9.274321 215.550568 0 1
109.695717 -9.622005 215.636948 0 1
109.255997 -9.987594 215.687363 0 1
108.674698 -10.059178 215.620056 0 1
108.294151 -10.188287 215.749008 0 1
107.876518 -10.306240 215.867065 0 1
107.464378 -10.428872 216.000397 0 1
107.004227 -10.514022 216.070572 0 1
106.519150 -10.618144 216.153320 0 1
106.000046 -10.667955 216.154526 0 1
105.501770 -10.748162 216.187027 0 1
104.992477 -10.786555 216.145767 0 1
104.394936 -10.822423 216.077209 0 1
103.850418 -10.819955 215.964478 0 1
103.271530 -10.816062 215.937027 0 1
102.850990 -10.601284 215.864151 0 1
102.395012 -10.329281 215.792694 0 1
101.959457 -9.979258 215.627930 0 1
101.474129 -9.677443 215.557053 0 1
100.991043 -9.381454 215.489105 0 1
100.588882 -9.037014 215.298462 0 1
100.230934 -8.680954 215.066391 0 1
100.027039 -8.211122 214.600647 0 1
99.698090 -7.853497 214.389771 0 1
99.436546 -7.454782 214.219101 0 1
99.159103 -7.209621 214.155258 0 1
98.721672 -7.112119 214.243210 0 1
98.421791 -6.566494 214.132858 0 1
98.159630 -5.985309 214.004959 0 1
97.879021 -5.578859 214.011292 0 1
97.663795 -5.079827 213.910049 0 1
97.675064 -4.586546 213.645126 0 1
97.594948 -4.030666 213.415863 0 1
97.599228 -3.575818 213.175537 0 1
97.557076 -3.047382 212.927597 0 1
97.543114 -2.483262 212.644150 0 1
97.651794 -1.904177 212.372345 0 1
97.758644 -1.414287 212.325363 0 1
98.011902 -1.053094 212.217606 0 1
98.327408 -0.567825 212.106049 0 1
98.801125 -0.452571 211.915512 0 1
99.293503 -0.254862 211.715073 0 1
99.588554 0.229118 211.574905 0 1
99.793076 0.738715 211.458832 0 1
99.887154 1.277897 211.382843 0 1
100.247772 1.548066 211.190552 0 1
100.562111 1.830295 211.032684 0 1
101.032471 2.168453 210.806824 0 1
101.640244 2.162751 210.700043 0 1
102.120598 2.258178 210.661819 0 1
102.614250 2.438476 210.673859 0 1
103.004967 2.689066 210.711761 0 1
103.491882 2.797281 210.710815 0 1
103.878571 2.997137 210.738998 0 1
104.324104 3.153325 210.740585 0 1
104.699738 3.358553 210.761047 0 1
105.248672 3.419663 210.738159 0 1
105.841484 3.334860 210.666519 0 1
106.400940 3.155267 210.562347 0 1
106.927513 2.917863 210.514114 0 1
107.506279 2.695328 210.597107 0 1
107.935738 2.675175 210.741119 0 1
108.530769 2.656089 210.956299 0 1
109.027237 2.436403 211.093262 0 1
109.550308 2.188000 211.239288 0 1
109.871231 1.715902 211.284164 0 1
110.229149 1.246822 211.345215 0 1
110.640823 0.894359 211.439499 0 1
111.041573 0.431994 211.511581 0 1
111.419136 -0.019093 211.597321 0 1
111.708954 -0.287469 211.726532 0 1
111.821960 -0.688047 211.857254 0 1
111.988670 -1.047196 212.057938 0 1
112.163315 -1.467391 212.296112 0 1
112.270775 -1.858967 212.482666 0 1
112.422478 -2.244350 212.704681 0 1
112.517616 -2.706655 212.911911 0 1
112.649101 -3.105052 213.128113 0 1
112.770477 -3.515175 213.334610 0 1
112.820473 -4.030868 213.518570 0 1
112.757919 -4.564976 213.622452 0 1
112.757484 -4.977506 213.734314 0 1
112.659355 -5.577202 213.889343 0 1
112.412949 -6.042737 214.104736 0 1
111.955589 -6.541177 214.269318 0 1
111.871147 -6.852157 214.528610 0 1
111.758728 -7.256463 214.866623 0 1
111.477631 -7.697407 215.115295 0 1
111.054207 -8.118429 215.228455 0 1
110.704521 -8.562305 215.382401 0 1
110.265846 -8.924190 215.390228 0 1
109.980141 -9.316659 215.552933 0 1
109.689583 -9.580714 215.592148 0 1
109.193359 -9.897321 215.582245 0 1
108.729027 -10.012533 215.576797 0 1
108.279526 -10.127138 215.654129 0 1
107.894325 -10.258278 215.798126 0 1
107.490379 -10.401614 215.961792 0 1
107.001022 -10.497483 216.047150 0 1
106.542526 -10.569093 216.086472 0 1
106.145950 -10.621242 216.109192 0 1
105.616173 -10.702404 216.139771 0 1
105.103462 -10.780676 216.160522 0 1
104.580879 -10.770501 216.040527 0 1
103.974426 -10.807540 215.971573 0 1
103.398155 -10.796049 215.902557 0 1
102.960640 -10.607807 215.819229 0 1
102.542076 -10.376790 215.773376 0 1
102.086746 -10.040145 215.629166 0 1
101.611519 -9.772993 215.587921 0 1
101.151573 -9.450107 215.474258 0 1
100.629768 -9.055869 215.299957 0 1
100.195679 -8.574609 214.953094 0 1
100.093277 -8.275209 214.642761 0 1
99.854950 -7.890915 214.362000 0 1
99.567780 -7.508379 214.205841 0 1
99.275925 -7.187175 214.100403 0 1
98.786713 -7.101924 214.211823 0 1
98.531265 -6.618967 214.086578 0 1
98.184624 -6.131726 214.047195 0 1
98.069122 -5.675845 213.935699 0 1
97.745461 -5.175303 213.897842 0 1
97.751427 -4.680074 213.636734 0 1
97.619537 -4.123388 213.446411 0 1
97.616463 -3.655721 213.203857 0 1
97.532059 -3.115370 212.981857 0 1
97.640724 -2.735466 212.712128 0 1
97.670929 -2.171429 212.410339 0 1
97.799583 -1.652465 212.303894 0 1
98.033028 -1.186228 212.203293 0 1
98.215508 -0.757770 212.146286 0 1
98.705444 -0.518413 211.951340 0 1
99.150352 -0.286531 211.771744 0 1
99.505302 -0.016761 211.615921 0 1
99.730721 0.429581 211.504700 0 1
99.923660 0.987373 211.381393 0 1
100.134331 1.421818 211.255051 0 1
100.488594 1.757178 211.066452 0 1
100.884712 2.096067 210.867371 0 1
101.453545 2.131815 210.724258 0 1
102.059639 2.138118 210.655670 0 1
102.550018 2.258632 210.641113 0 1
102.986214 2.481205 210.670883 0 1
103.380127 2.678749 210.696960 0 1
103.795494 2.845196 210.709045 0 1
104.187721 3.120477 210.745071 0 1
104.727005 3.221927 210.726791 0 1
105.182724 3.347333 210.723373 0 1
105.767082 3.252526 210.651688 0 1
106.291145 3.165755 210.580948 0 1
106.894791 2.874470 210.510513 0 1
107.326401 2.684177 210.549316 0 1
107.766624 2.537288 210.654526 0 1
108.266983 2.601373 210.850677 0 1
108.738220 2.506361 211.001999 0 1
109.312210 2.307873 211.169540 0 1
109.722618 1.991660 211.265656 0 1
109.985283 1.547664 211.300201 0 1
110.389587 1.056214 211.375076 0 1
110.670189 0.705192 211.423111 0 1
111.212517 0.228071 211.542313 0 1
111.437256 -0.164789 211.617050 0 1
111.673943 -0.455842 211.749649 0 1
111.846123 -0.813882 211.899765 0 1
112.029861 -1.134899 212.109528 0 1
112.144508 -1.576894 212.313553 0 1
112.248955 -2.007858 212.517273 0 1
112.329666 -2.440445 212.699356 0 1
112.541649 -2.804955 212.954941 0 1
112.642464 -3.195985 213.147919 0 1
112.691818 -3.693196 213.330582 0 1
112.737457 -4.191422 213.502655 0 1
112.720078 -4.725625 213.642715 0 1
112.705231 -5.234131 213.783188 0 1
112.566841 -5.774945 213.955643 0 1
112.185524 -6.217754 214.109161 0 1
111.858231 -6.689426 214.358246 0 1
111.728455 -7.037525 214.621094 0 1
111.572823 -7.456673 214.941055 0 1
111.222252 -7.845565 215.083054 0 1
110.842224 -8.335873 215.290497 0 1
110.438148 -8.703436 215.297974 0 1
110.017181 -9.117457 215.397995 0 1
109.741623 -9.480602 215.532547 0 1
109.362022 -9.785670 215.559830 0 1
108.906204 -9.894366 215.496887 0 1
108.531212 -9.994143 215.515182 0 1
108.130386 -10.142124 215.651672 0 1
107.728096 -10.266805 215.793060 0 1
107.242630 -10.379674 215.898346 0 1
106.842758 -10.486392 216.005463 0 1
106.328545 -10.567493 216.056046 0 1
105.817101 -10.624939 216.063705 0 1
105.305801 -10.678510 216.047760 0 1
104.806854 -10.713962 216.001038 0 1
104.206627 -10.750169 215.935684 0 1
103.670914 -10.775391 215.888443 0 1
103.087585 -10.580599 215.748795 0 1
102.738495 -10.478517 215.781387 0 1
102.271393 -10.080506 215.568024 0 1
101.804520 -9.748675 215.452515 0 1
101.465500 -9.576198 215.439651 0 1
100.981636 -9.251745 215.345551 0 1
100.533287 -8.889065 215.156479 0 1
100.226921 -8.436374 214.766785 0 1
100.039047 -8.106428 214.480988 0 1
99.790138 -7.766681 214.297897 0 1
99.547447 -7.373960 214.129196 0 1
99.256950 -7.089472 214.044235 0 1
98.793335 -7.065118 214.188553 0 1
98.446854 -6.455632 214.060944 0 1
98.253693 -6.040617 213.952911 0 1
98.023697 -5.577263 213.916306 0 1
97.783287 -5.093390 213.832367 0 1
97.775421 -4.671476 213.616974 0 1
97.681740 -4.089393 213.384537 0 1
97.698128 -3.677824 213.158646 0 1
97.601974 -3.194298 212.975571 0 1
97.710732 -2.847711 212.715958 0 1
97.718239 -2.177075 212.393143 0 1
97.847221 -1.769698 212.284012 0 1
98.072159 -1.326571 212.185028 0 1
98.236313 -0.924685 212.131897 0 1
98.587044 -0.572960 211.999512 0 1
99.126999 -0.500305 211.777222 0 1
99.447701 -0.164238 211.642319 0 1
99.671577 0.267177 211.536148 0 1
99.883308 0.808755 211.413116 0 1
100.134933 1.167466 211.268875 0 1
100.417580 1.528102 211.113312 0 1
100.810013 1.885550 210.910538 0 1
101.249374 2.009025 210.765396 0 1
101.863930 2.063684 210.676315 0 1
102.432274 2.184289 210.634674 0 1
102.905731 2.300922 210.634933 0 1
103.322182 2.505793 210.658524 0 1
103.701927 2.737973 210.690063 0 1
104.130066 2.907988 210.700592 0 1
104.516602 3.180326 210.732956 0 1
105.005417 3.267229 210.719818 0 1
105.594505 3.186587 210.647308 0 1
106.161537 3.069458 210.564850 0 1
106.711227 2.826715 210.494537 0 1
107.212738 2.728605 210.533096 0 1
107.723488 2.513349 210.633530 0 1
108.223923 2.530680 210.819641 0 1
108.785118 2.412770 211.001251 0 1
109.309326 2.258738 211.162811 0 1
109.756813 1.830151 211.261032 0 1
110.076736 1.377579 211.311295 0 1
110.349861 1.051148 211.360840 0 1
110.702728 0.585157 211.420029 0 1
111.182930 0.125007 211.520081 0 1
111.343925 -0.229606 211.596313 0 1
111.614510 -0.531944 211.741104 0 1
111.786827 -0.899798 211.889023 0 1
112.020119 -1.216434 212.125259 0 1
112.071213 -1.736923 212.306381 0 1
112.215950 -2.089635 212.519867 0 1
112.368729 -2.488258 212.740677 0 1
112.468399 -2.921097 212.937012 0 1
112.576080 -3.370512 213.149216 0 1
112.682556 -3.754726 213.343414 0 1
112.599991 -4.348070 213.448914 0 1
112.636147 -4.831362 213.612579 0 1
112.627663 -5.307542 213.754944 0 1
112.457970 -5.793797 213.911789 0 1
112.153458 -6.222606 214.092194 0 1
111.791504 -6.730630 214.351013 0 1
111.627640 -7.191461 214.712494 0 1
111.458092 -7.587755 214.995193 0 1
111.018463 -8.059217 215.146179 0 1
110.585732 -8.493757 215.221268 0 1
110.174248 -8.902495 215.306534 0 1
109.782982 -9.338861 215.427399 0 1
109.360764 -9.647193 215.434265 0 1
108.982246 -9.806878 215.444382 0 1
108.493225 -9.932547 215.440796 0 1
108.008080 -10.131716 215.619675 0 1
107.579437 -10.250652 215.742874 0 1
107.157127 -10.364559 215.865448 0 1
106.709496 -10.462556 215.952835 0 1
106.220314 -10.503481 215.951736 0 1
105.738625 -10.586183 215.992172 0 1
105.236603 -10.660736 216.008759 0 1
104.659737 -10.701421 215.952255 0 1
104.090073 -10.755365 215.921875 0 1
103.503128 -10.701287 215.801590 0 1
103.092300 -10.546690 215.716003 0 1
102.753609 -10.407193 215.695709 0 1
102.276787 -10.061000 215.541321 0 1
101.806366 -9.667812 215.362198 0 1
101.394241 -9.501711 215.391815 0 1
100.922577 -9.201137 215.320374 0 1
100.482117 -8.778616 215.050644 0 1
100.333328 -8.494291 214.782883 0 1
100.122238 -8.065105 214.401566 0 1
99.872658 -7.683836 214.216507 0 1
99.594116 -7.350358 214.098938 0 1
99.221901 -7.074410 214.045837 0 1
98.827011 -6.961105 214.112808 0 1
98.438446 -6.395089 214.036606 0 1
98.311295 -5.857393 213.824402 0 1
97.980614 -5.442501 213.873245 0 1
97.810753 -4.929376 213.726974 0 1
97.785919 -4.354639 213.449860 0 1
97.739250 -3.874735 213.230850 0 1
97.738998 -3.427849 213.000671 0 1
97.717117 -2.961677 212.767303 0 1
97.703941 -2.529819 212.558746 0 1
97.823303 -1.958959 212.307373 0 1
98.077522 -1.571821 212.179276 0 1
98.203842 -1.038959 212.140671 0 1
98.553238 -0.645632 212.011978 0 1
99.058678 -0.586819 211.801315 0 1
99.491585 -0.308454 211.622620 0 1
99.736031 0.091238 211.510391 0 1
99.870911 0.656920 211.427383 0 1
100.142822 1.112438 211.267075 0 1
100.437996 1.408346 211.109665 0 1
100.724106 1.816732 210.954559 0 1
101.140167 1.975211 210.795959 0 1
101.723450 1.983779 210.698715 0 1
102.301826 2.113861 210.635193 0 1
102.830704 2.201306 210.617264 0 1
103.175674 2.498689 210.664841 0 1
103.685646 2.608971 210.659103 0 1
104.108437 2.763403 210.669876 0 1
104.498718 3.017623 210.701828 0 1
104.955269 3.168940 210.701035 0 1
105.467651 3.180113 210.659637 0 1
106.029083 3.093104 210.584946 0 1
106.593163 2.847878 210.491806 0 1
107.102074 2.680175 210.516220 0 1
107.644447 2.462275 210.598389 0 1
108.140457 2.502041 210.784912 0 1
108.696373 2.400153 210.969772 0 1
109.223495 2.201276 211.125412 0 1
109.691467 1.850504 211.239563 0 1
110.010666 1.355911 211.282959 0 1
110.305885 1.003147 211.339539 0 1
110.699486 0.543825 211.411774 0 1
111.127007 0.044449 211.502365 0 1
111.284111 -0.276199 211.583572 0 1
111.520027 -0.560579 211.714447 0 1
111.646919 -0.935809 211.834045 0 1
111.977768 -1.226731 212.101181 0 1
112.027214 -1.736016 212.273727 0 1
112.193390 -2.090663 212.503250 0 1
112.273285 -2.608347 212.706314 0 1
112.427704 -2.922021 212.908875 0 1
112.545799 -3.355801 213.122482 0 1
112.621017 -3.844514 213.319595 0 1
112.568253 -4.359799 213.429825 0 1
112.547874 -4.893503 213.566635 0 1
112.565399 -5.341520 213.729843 0 1
112.347038 -5.852892 213.886993 1 0
112.077370 -6.292449 214.108688 0 1
111.779976 -6.744175 214.355362 0 1
111.592682 -7.205117 214.701660 0 1
111.394768 -7.585915 214.950058 0 1
110.991684 -8.044502 215.110733 0 1
110.496544 -8.538492 215.193008 0 1
110.166275 -8.878718 215.280670 0 1
109.750977 -9.271574 215.350159 0 1
109.333519 -9.571267 215.363434 0 1
108.988655 -9.794720 215.436462 0 1
108.244438 -9.941396 215.403564 0 1
107.872307 -10.115075 215.584976 0 1
107.459816 -10.226450 215.692169 0 1
106.995369 -10.335148 215.801575 0 1
106.509407 -10.430882 215.873611 0 1
106.079597 -10.538706 215.978119 0 1
105.545074 -10.594107 215.970642 0 1
105.016769 -10.619620 215.905945 0 1
104.422569 -10.686311 215.882263 0 1
103.899757 -10.688595 215.800537 0 1
103.275047 -10.638170 215.764557 0 1
102.975357 -10.383565 215.582932 0 1
102.627487 -10.266253 215.600296 0 1
102.190376 -9.937952 215.447266 0 1
101.713661 -9.542598 215.261810 0 1
101.349518 -9.398248 215.307007 0 1
100.839912 -9.083286 215.225586 0 1
100.414528 -8.683323 214.970032 0 1
100.276215 -8.263976 214.539536 0 1
100.112663 -7.848417 214.243225 0 1
99.838379 -7.515380 214.121063 0 1
99.540924 -7.170340 214.003326 0 1
99.247482 -6.896947 213.931091 0 1
98.773003 -6.836862 214.057022 0 1
98.472435 -6.379367 214.005051 0 1
98.367676 -5.836406 213.767410 0 1
97.942520 -5.331112 213.842422 0 1
97.931335 -4.891710 213.625427 0 1
97.867111 -4.362604 213.396744 0 1
97.841942 -3.898387 213.169876 0 1
97.791718 -3.404110 212.950241 0 1
97.756645 -3.008436 212.763702 0 1
97.748642 -2.609554 212.568726 0 1
97.863792 -2.149950 212.336273 0 1
98.062759 -1.688944 212.188385 0 1
98.168472 -1.286801 212.144516 0 1
98.505028 -0.821249 212.026291 0 1
98.967056 -0.639937 211.837112 0 1
99.373108 -0.517536 211.669571 0 1
99.637589 -0.098818 211.557068 0 1
99.863228 0.300716 211.442444 0 1
100.087502 0.906204 211.309723 0 1
100.324326 1.256841 211.173157 0 1
100.658386 1.519148 210.996140 0 1
100.915955 1.927315 210.860245 0 1
101.536064 1.887200 210.731750 0 1
102.133507 2.000540 210.647476 0 1
102.636772 2.071201 210.606995 0 1
103.085892 2.238473 210.612732 0 1
103.554985 2.393758 210.621521 0 1
103.943939 2.628415 210.648163 0 1
104.361465 2.828712 210.663025 0 1
104.730865 3.042371 210.688766 0 1
105.244415 3.170573 210.679321 0 1
105.817467 3.077800 210.600861 0 1
106.365425 2.880856 210.501266 0 1
106.882225 2.676307 210.504150 0 1
107.373894 2.462055 210.541687 0 1
107.907257 2.337296 210.668182 0 1
108.385559 2.417630 210.857086 0 1
108.926651 2.202592 211.016129 0 1
109.392807 2.001317 211.153214 0 1
109.730469 1.538195 211.209854 0 1
110.036118 1.125148 211.257858 0 1
110.404732 0.698893 211.324615 0 1
110.878654 0.231623 211.431580 0 1
111.059761 -0.062842 211.484695 0 1
111.198936 -0.424651 211.586502 0 1
111.487267 -0.682818 211.727036 0 1
111.650368 -1.031592 211.857330 0 1
111.902847 -1.506661 212.125641 0 1
112.033501 -1.932615 212.342377 0 1
112.141701 -2.373916 212.543701 0 1
112.269508 -2.770353 212.749954 0 1
112.376663 -3.205771 212.953659 0 1
112.528473 -3.622808 213.187729 0 1
112.619148 -4.056223 213.382202 0 1
112.540428 -4.653008 213.485947 0 1
112.491066 -5.164847 213.614471 0 1
112.409081 -5.656128 213.750061 0 1
112.236732 -6.020185 213.966934 0 1
111.818962 -6.491397 214.118317 0 1
111.627945 -6.941283 214.453293 0 1
111.436546 -7.371064 214.757721 0 1
111.054779 -7.895168 215.013260 0 1
110.701927 -8.279336 215.129807 0 1
110.280190 -8.671134 215.166687 0 1
109.926407 -9.070971 215.290939 0 1
109.606438 -9.447520 215.400833 0 1
109.218803 -9.619286 215.362122 0 1
108.607285 -9.798720 215.350464 0 1
108.193253 -9.989189 215.448227 0 1
107.724678 -10.115838 215.561874 0 1
107.332008 -10.252275 215.715927 0 1
106.850792 -10.337876 215.795135 0 1
106.352570 -10.396858 215.802063 0 1
105.905495 -10.503061 215.894684 0 1
105.370186 -10.569895 215.901459 0 1
104.781204 -10.618723 215.856216 0 1
104.236473 -10.663038 215.817719 0 1
103.627014 -10.687604 215.787109 0 1
103.220917 -10.478913 215.631805 0 1
102.914352 -10.285932 215.500687 0 1
102.516487 -10.123950 215.491180 0 1
102.073471 -9.837547 215.393326 0 1
101.601173 -9.481602 215.256409 0 1
101.169426 -9.264057 215.257065 0 1
100.643776 -8.883447 215.090668 0 1
100.470490 -8.518236 214.741119 0 1
100.289047 -8.091875 214.359344 0 1
99.989189 -7.696146 214.184631 0 1
99.733162 -7.325944 214.037369 0 1
99.473732 -6.984624 213.912277 0 1
99.090729 -6.882053 213.971024 0 1
98.731544 -6.566014 213.929703 0 1
98.438141 -6.031909 213.849213 0 1
98.186653 -5.521681 213.768234 0 1
97.949989 -5.084865 213.711639 0 1
97.917114 -4.552046 213.462234 0 1
97.877716 -4.048748 213.226166 0 1
97.932533 -3.651332 212.982254 0 1
97.809235 -3.140239 212.798660 0 1
97.802330 -2.658491 212.556854 0 1
97.938393 -2.183176 212.318863 0 1
98.153656 -1.734151 212.154663 0 1
98.275909 -1.272424 212.099655 0 1
98.557907 -0.885016 212.002838 0 1
98.948700 -0.718248 211.840317 0 1
99.442398 -0.534511 211.635788 0 1
99.708878 -0.220802 211.522278 0 1
99.962364 0.257547 211.393417 0 1
100.061104 0.790510 211.327362 0 1
100.372528 1.160273 211.156448 0 1
100.704506 1.508542 210.978973 0 1
101.053215 1.884986 210.819931 0 1
101.615517 1.838213 210.724503 0 1
102.164589 1.892481 210.647385 0 1
102.738815 2.029540 210.593628 0 1
103.215126 2.187409 210.590775 0 1
103.601418 2.395868 210.617310 0 1
104.035225 2.564818 210.625473 0 1
104.427864 2.801348 210.650070 0 1
104.871773 2.970824 210.661713 0 1
105.319962 3.029005 210.634476 0 1
105.871758 2.956818 210.562744 0 1
106.415413 2.791590 210.486313 0 1
106.966896 2.518530 210.508835 0 1
107.439453 2.430414 210.549759 0 1
108.006653 2.304402 210.695251 0 1
108.478905 2.357664 210.884689 0 1
109.039200 2.086709 211.039948 0 1
109.523781 1.832088 211.175537 0 1
109.851746 1.364924 211.227066 0 1
110.129539 1.015538 211.275604 0 1
110.492523 0.582249 211.344803 0 1
110.952789 0.124593 211.442139 0 1
111.033363 -0.333028 211.515106 0 1
111.309586 -0.629772 211.656296 0 1
111.440498 -0.977823 211.767319 0 1
111.709923 -1.336201 211.957367 0 1
111.912315 -1.761305 212.202682 0 1
112.043816 -2.165368 212.410309 0 1
112.125572 -2.575654 212.589233 0 1
112.251480 -3.019638 212.806000 0 1
112.432877 -3.431605 213.063461 0 1
112.481979 -3.924875 213.244247 0 1
112.473511 -4.391918 213.368774 0 1
112.438805 -4.959951 213.514420 0 1
112.443977 -5.476995 213.607697 0 1
112.225243 -5.810458 213.796204 1 0
111.984177 -6.227221 213.984589 0 1
111.640327 -6.714785 214.219376 0 1
111.543068 -7.059728 214.514389 0 1
111.291878 -7.527868 214.815613 0 1
110.863441 -8.039259 215.012817 0 1
110.477966 -8.429808 215.079895 0 1
110.040810 -8.900880 215.219894 0 1
109.677063 -9.219403 215.245026 0 1
109.291344 -9.472556 215.261505 0 1
109.095016 -9.608538 215.311371 0 1
108.535896 -9.792494 215.324387 0 1
107.976280 -9.951995 215.360825 0 1
107.627541 -10.098907 215.522766 0 1
107.215050 -10.210083 215.641251 0 1
106.729912 -10.303137 215.718750 0 1
106.250725 -10.372510 215.748825 0 1
105.761620 -10.464569 215.812805 0 1
105.248497 -10.543232 215.841263 0 1
104.677521 -10.582417 215.784531 0 1
104.066139 -10.619402 215.727814 0 1
103.476837 -10.602522 215.715637 0 1
103.149544 -10.277511 215.462738 0 1
102.786201 -10.190779 215.443817 0 1
102.318024 -9.941437 215.389572 0 1
101.944328 -9.588582 215.186142 0 1
101.613876 -9.403491 215.163818 0 1
101.190407 -9.174920 215.134354 0 1
100.713989 -8.874588 215.045319 0 1
100.500618 -8.487448 214.685532 0 1
100.289543 -7.982831 214.272644 0 1
100.033363 -7.617633 214.121414 0 1
99.778069 -7.244792 213.970612 0 1
99.519180 -6.873936 213.826385 0 1
99.063614 -6.796625 213.925522 0 1
98.653481 -6.483989 213.934418 0 1
98.448441 -6.032854 213.842773 0 1
98.227631 -5.539447 213.747574 0 1
97.975082 -5.068841 213.683990 0 1
97.946648 -4.563170 213.445953 0 1
97.904488 -4.080399 213.225250 0 1
98.004837 -3.697562 212.953781 0 1
97.818687 -3.118051 212.779694 0 1
97.914421 -2.724410 212.516373 0 1
98.010223 -2.271168 212.317917 0 1
98.199448 -1.837683 212.145264 0 1
98.338631 -1.232760 212.076523 0 1
98.632370 -0.869741 211.971008 0 1
99.123024 -0.756781 211.766449 0 1
99.584503 -0.537033 211.569916 0 1
99.830803 -0.188792 211.462799 0 1
100.012062 0.387965 211.369080 0 1
100.169037 0.854359 211.267487 0 1
100.485161 1.179483 211.095871 0 1
100.889961 1.597612 210.887924 0 1
101.296242 1.784020 210.774490 0 1
101.884514 1.770247 210.695847 0 1
102.498535 1.911655 210.609238 0 1
103.005234 2.039074 210.581268 0 1
103.346222 2.289953 210.608398 0 1
103.842697 2.412376 210.604156 0 1
104.275963 2.586801 210.612061 0 1
104.680939 2.773996 210.622192 0 1
105.071541 2.940832 210.634323 0 1
105.586945 2.985150 210.597305 0 1
106.143669 2.812515 210.501892 0 1
106.655716 2.555361 210.489929 0 1
107.180527 2.356963 210.523834 0 1
107.662682 2.312657 210.589767 0 1
108.211761 2.315838 210.771759 0 1
108.702393 2.175461 210.926559 0 1
109.249847 2.010266 211.101974 0 1
109.585457 1.565827 211.158646 0 1
109.895508 1.088160 211.200073 0 1
110.257164 0.709726 211.276306 0 1
110.738930 0.262956 211.385040 0 1
110.932022 -0.165068 211.454910 0 1
111.103607 -0.558582 211.580566 0 1
111.317230 -0.867137 211.703751 0 1
111.637230 -1.133637 211.867188 0 1
111.797981 -1.612337 212.087036 0 1
111.920273 -2.047420 212.289169 0 1
112.056213 -2.436543 212.499954 0 1
112.158882 -2.908788 212.710587 0 1
112.317673 -3.276606 212.928680 0 1
112.366249 -3.738045 213.105591 0 1
112.500702 -4.187933 213.332108 0 1
112.414963 -4.739953 213.430496 0 1
112.443657 -5.281816 213.565216 0 1
112.196922 -5.734634 213.699692 1 0
111.989204 -6.162861 213.928726 0 1
111.628433 -6.617180 214.112289 0 1
111.507675 -6.993309 214.415146 0 1
111.301620 -7.465897 214.757980 0 1
110.931442 -7.911862 214.937897 0 1
110.527756 -8.295024 215.009140 0 1
110.029076 -8.803025 215.119888 0 1
109.615990 -9.232126 215.206711 0 1
109.246384 -9.415361 215.197021 0 1
108.945267 -9.638532 215.299240 0 1
108.228096 -9.757120 215.221268 0 1
107.818581 -9.981772 215.379211 0 1
107.362999 -10.113411 215.513214 0 1
106.937111 -10.227440 215.633698 0 1
106.539230 -10.328995 215.731689 0 1
106.006821 -10.381732 215.734314 0 1
105.533348 -10.500186 215.829544 0 1
104.967323 -10.524099 215.753830 0 1
104.388199 -10.567971 215.710571 0 1
103.836479 -10.544981 215.638550 0 1
103.354012 -10.452435 215.594223 0 1
103.132828 -10.225280 215.418274 0 1
102.743721 -10.169925 215.438110 0 1
102.255928 -9.869907 215.339249 0 1
101.847954 -9.455744 215.090317 0 1
101.448715 -9.373784 215.220093 0 1
100.955627 -9.047099 215.119614 0 1
100.607704 -8.676083 214.861771 0 1
100.430763 -8.237433 214.430481 0 1
100.242195 -7.736975 214.129181 0 1
100.073181 -7.388027 213.963394 0 1
99.760933 -7.146682 213.916794 0 1
99.568092 -6.791921 213.757416 0 1
99.092827 -6.730211 213.873932 0 1
98.645416 -6.352522 213.872849 0 1
98.529808 -5.890449 213.709900 0 1
98.231674 -5.439167 213.694962 0 1
98.060928 -5.004714 213.591690 0 1
98.052345 -4.529366 213.354889 0 1
97.967522 -3.994492 213.134338 0 1
97.979881 -3.523285 212.878525 0 1
97.980659 -3.070682 212.639374 0 1
97.938423 -2.499947 212.416092 0 1
98.104088 -1.967416 212.207123 0 1
98.332748 -1.524589 212.077744 0 1
98.495613 -0.996146 212.019974 0 1
98.977509 -0.850918 211.819931 0 1
99.390938 -0.697803 211.650833 0 1
99.677513 -0.364484 211.529709 0 1
99.949272 0.024156 211.398590 0 1
100.098541 0.525387 211.320557 0 1
100.408401 0.905039 211.150146 0 1
100.739143 1.328668 210.971954 0 1
101.116219 1.743655 210.819519 0 1
101.652870 1.710741 210.733002 0 1
102.250755 1.790458 210.640671 0 1
102.855682 1.896459 210.574554 0 1
103.321907 2.038409 210.555298 0 1
103.702782 2.267265 210.581055 0 1
104.119431 2.464976 210.596985 0 1
104.519890 2.686021 210.615952 0 1
105.002518 2.823004 210.610748 0 1
105.486885 2.881034 210.580978 0 1
106.028709 2.808530 210.508163 0 1
106.634544 2.510233 210.486450 0 1
107.119484 2.328333 210.518234 0 1
107.589806 2.228217 210.565796 0 1
108.081261 2.158549 210.693665 0 1
108.575272 2.187776 210.881134 0 1
109.096962 1.958497 211.040695 0 1
109.466675 1.598542 211.120483 0 1
109.773521 1.122254 211.161789 0 1
110.084877 0.821668 211.228760 0 1
110.565582 0.350696 211.334930 0 1
110.803650 -0.124666 211.410172 0 1
110.976288 -0.509844 211.532516 0 1
111.268967 -0.800366 211.678665 0 1
111.433777 -1.186431 211.802292 0 1
111.706573 -1.458878 211.988052 0 1
111.798981 -2.002333 212.193375 0 1
111.947014 -2.407185 212.408585 0 1
112.071083 -2.781363 212.607208 0 1
112.200882 -3.163396 212.817947 0 1
112.314415 -3.621008 213.035828 0 1
112.394249 -4.138125 213.240097 0 1
112.360748 -4.533379 213.329636 0 1
112.310661 -5.106076 213.452362 0 1
112.365128 -5.536862 213.557465 1 0
112.106285 -5.935349 213.834961 1 0
111.798569 -6.383993 214.009277 0 1
111.461525 -6.802932 214.184555 0 1
111.385811 -7.172467 214.516083 0 1
111.176636 -7.622149 214.829224 0 1
110.738098 -8.097321 214.973541 0 1
110.290977 -8.471010 214.988724 0 1
109.891861 -8.910556 215.109848 0 1
109.537895 -9.306103 215.226517 0 1
109.029343 -9.453892 215.165344 0 1
108.779678 -9.595157 215.224365 0 1
108.323128 -9.737943 215.228516 0 1
107.902924 -9.888861 215.273544 0 1
107.444420 -10.022544 215.385788 0 1
107.023582 -10.157709 215.542938 0 1
106.577171 -10.232673 215.596237 0 1
106.073196 -10.364505 215.719513 0 1
105.521606 -10.431606 215.726959 0 1
105.051308 -10.474521 215.699249 0 1
104.446838 -10.525929 215.654160 0 1
103.855110 -10.505107 215.601120 0 1
103.369118 -10.331040 215.484024 0 1
103.026726 -10.132265 215.350174 0 1
102.638893 -10.081520 215.388153 0 1
102.186615 -9.779800 215.272598 0 1
101.775726 -9.357967 215.017807 0 1
101.427231 -9.325716 215.172195 0 1
100.930069 -8.956891 215.022263 0 1
100.598526 -8.560421 214.729950 0 1
100.461243 -8.147332 214.337234 0 1
100.247597 -7.630463 214.059387 0 1
100.065697 -7.313409 213.920303 0 1
99.768318 -7.013203 213.833969 0 1
99.431694 -6.755057 213.779694 0 1
99.028595 -6.664340 213.856720 0 1
98.678192 -6.185649 213.763763 0 1
98.476051 -5.658400 213.598740 0 1
98.137421 -5.216823 213.647125 0 1
98.059082 -4.662791 213.420441 0 1
98.042465 -4.194507 213.188950 0 1
98.032913 -3.790774 212.983521 0 1
97.985504 -3.195612 212.706192 0 1
98.001747 -2.696808 212.458694 0 1
98.117104 -2.169842 212.259094 0 1
98.317879 -1.699371 212.089432 0 1
98.568962 -1.238231 211.977936 0 1
98.788071 -0.939960 211.898117 0 1
99.348488 -0.886411 211.660248 0 1
99.757683 -0.577959 211.486008 0 1
99.977837 -0.178686 211.391068 0 1
100.096893 0.459202 211.324921 0 1
100.446815 0.792432 211.133270 0 1
100.710213 1.274577 210.986832 0 1
101.128311 1.622258 210.826752 0 1
101.696312 1.637958 210.734283 0 1
102.275345 1.748659 210.639145 0 1
102.813805 1.822642 210.575180 0 1
103.344826 1.961629 210.537689 0 1
103.728935 2.238324 210.572678 0 1
104.174820 2.410873 210.579376 0 1
104.570847 2.623645 210.597336 0 1
105.000008 2.806331 210.606735 0 1
105.490021 2.841018 210.568741 0 1
106.071556 2.712228 210.482559 0 1
106.560593 2.493572 210.477631 0 1
107.048080 2.337040 210.512802 0 1
107.403351 2.159616 210.536438 0 1
107.919250 2.075883 210.627808 0 1
108.410378 2.168083 210.814896 0 1
108.971542 1.962130 210.992523 0 1
109.303772 1.640140 211.064072 0 1
109.634087 1.200371 211.122696 0 1
110.042480 0.794908 211.211121 0 1
110.348808 0.455533 211.271194 0 1
110.735344 0.107317 211.369659 0 1
110.862747 -0.289545 211.453659 0 1
110.956703 -0.698521 211.556168 0 1
111.233589 -0.918660 211.684891 0 1
111.485260 -1.253899 211.835617 0 1
111.695732 -1.609544 212.021103 0 1
111.763359 -2.065375 212.184143 0 1
111.920372 -2.448056 212.403030 0 1
112.062164 -2.881282 212.629868 0 1
112.146545 -3.306446 212.818649 0 1
112.295189 -3.698014 213.042603 0 1
112.377068 -4.170359 213.235077 0 1
112.273712 -4.809404 213.361847 0 1
112.346062 -5.314265 213.397049 1 0
112.082779 -5.756673 213.660797 1 0
111.794586 -6.209092 213.863037 0 1
111.499130 -6.673890 214.081177 0 1
111.372398 -7.040840 214.367126 0 1
111.136978 -7.520791 214.692307 0 1
110.797394 -7.958844 214.886337 0 1
110.358795 -8.382835 214.958496 0 1
109.946068 -8.772192 215.024246 0 1
109.649200 -9.034641 215.049835 0 1
109.279007 -9.270152 215.088776 0 1
108.854713 -9.616960 215.260376 0 1
108.431686 -9.663074 215.192078 0 1
108.005180 -9.858989 215.258316 0 1
107.538170 -9.982964 215.339554 0 1
107.123550 -10.132764 215.515152 0 1
106.702835 -10.215041 215.592072 0 1
106.183296 -10.280517 215.608322 0 1
105.712479 -10.369054 215.657944 0 1
105.167664 -10.457815 215.701019 0 1
104.619774 -10.490345 215.636826 0 1
104.024757 -10.466740 215.555252 0 1
103.465225 -10.390405 215.529648 0 1
103.222198 -10.037752 215.246750 0 1
102.843910 -9.981105 215.241272 0 1
102.457565 -9.848477 215.214111 0 1
102.032188 -9.547197 215.094009 0 1
101.602867 -9.213608 214.947983 0 1
101.236038 -9.127694 215.050308 0 1
100.770638 -8.772218 214.891937 0 1
100.579346 -8.329434 214.462631 0 1
100.388412 -7.795484 214.117889 0 1
100.236481 -7.410143 213.922089 0 1
99.956429 -7.100188 213.825150 0 1
99.703918 -6.818945 213.731995 0 1
99.343094 -6.594201 213.710724 0 1
98.901634 -6.557304 213.835632 0 1
98.643913 -5.991634 213.688965 0 1
98.394920 -5.448484 213.577972 0 1
98.162277 -4.970950 213.506882 0 1
98.140190 -4.466603 213.263687 0 1
98.067833 -3.925611 213.028030 0 1
98.056511 -3.386662 212.750900 0 1
98.096008 -2.948215 212.511917 0 1
98.153122 -2.450739 212.325317 0 1
98.269417 -1.928501 212.142456 0 1
98.546661 -1.455482 211.987305 0 1
98.781670 -1.045340 211.898026 0 1
99.263885 -0.968561 211.695084 0 1
99.743599 -0.768420 211.484009 0 1
99.981018 -0.402032 211.380508 0 1
100.137215 0.105965 211.310822 0 1
100.302704 0.698981 211.210052 0 1
100.567192 1.073331 211.060837 0 1
100.998833 1.306646 210.886566 0 1
101.483681 1.624849 210.764435 0 1
102.057785 1.582864 210.685196 0 1
102.678604 1.761578 210.591461 0 1
103.227226 1.856496 210.535217 0 1
103.624443 2.075135 210.542557 0 1
104.036018 2.291923 210.561386 0 1
104.492592 2.468825 210.560898 0 1
104.883049 2.660068 210.577255 0 1
105.383850 2.794792 210.565292 0 1
105.925674 2.718913 210.494965 0 1
106.500458 2.521174 210.474884 0 1
106.989304 2.293163 210.508209 0 1
107.433571 2.101583 210.536682 0 1
107.957603 2.041659 210.635315 0 1
108.372955 2.117461 210.791138 0 1
108.966843 1.916157 210.983978 0 1
109.310677 1.615042 211.062897 0 1
109.610733 1.116446 211.098389 0 1
109.954857 0.740221 211.169983 0 1
110.376076 0.374990 211.270264 0 1
110.656586 -0.004418 211.350494 0 1
110.740013 -0.427837 211.441666 0 1
110.988167 -0.757206 211.577927 0 1
111.182182 -1.111965 211.703064 0 1
111.459541 -1.388366 211.848160 0 1
111.651604 -1.776800 212.036987 0 1
111.746956 -2.228607 212.216644 0 1
111.873535 -2.614661 212.417969 0 1
112.008659 -3.023359 212.632736 0 1
112.126854 -3.473207 212.852585 0 1
112.213028 -3.901016 213.041122 0 1
112.222725 -4.400879 213.193192 0 1
112.213364 -4.971376 213.367096 0 1
112.277199 -5.471221 213.366180 0 1
112.013664 -5.800848 213.672424 0 1
111.714500 -6.325944 213.912903 0 1
111.480927 -6.643776 214.039124 0 1
111.293884 -7.123115 214.395767 0 1
111.064178 -7.590823 214.713898 0 1
110.630409 -8.004544 214.801682 0 1
110.331619 -8.363368 214.922379 0 1
109.966774 -8.728469 214.999985 0 1
109.576782 -9.114639 215.080368 0 1
109.181992 -9.228759 215.030273 0 1
108.761635 -9.515539 215.153381 0 1
108.364914 -9.595256 215.115494 0 1
107.820160 -9.846697 215.208389 0 1
107.315582 -9.952704 215.268951 0 1
106.923187 -10.093286 215.427612 0 1
106.459488 -10.189455 215.507751 0 1
105.960976 -10.282618 215.571777 0 1
105.509209 -10.350063 215.597931 0 1
104.991158 -10.407034 215.587494 0 1
104.395699 -10.447446 215.543625 0 1
103.685425 -10.435528 215.548157 0 1
103.403122 -10.149314 215.321136 0 1
103.048180 -9.923872 215.165405 0 1
102.660919 -9.942549 215.233536 0 1
102.286873 -9.720804 215.157272 0 1
101.865257 -9.333112 214.943527 0 1
101.497833 -9.164622 214.944092 0 1
101.037079 -8.911544 214.914734 0 1
100.707016 -8.514883 214.615967 0 1
100.512306 -8.001439 214.205460 0 1
100.344872 -7.550140 213.975250 0 1
100.141937 -7.179757 213.810165 0 1
99.828102 -6.872969 213.722443 0 1
99.538933 -6.601676 213.652054 0 1
99.102898 -6.523193 213.743317 0 1
98.765038 -6.189230 213.710449 0 1
98.634125 -5.713244 213.553696 0 1
98.257378 -5.312874 213.613037 0 1
98.192825 -4.773500 213.383621 0 1
98.176994 -4.284995 213.145874 0 1
98.165695 -3.807449 212.903519 0 1
98.153015 -3.322993 212.657990 0 1
98.107056 -2.773270 212.441132 0 1
98.198051 -2.225899 212.250015 0 1
98.495850 -1.745735 212.032532 0 1
98.704636 -1.235189 211.924408 0 1
99.101868 -1.087525 211.762085 0 1
99.521324 -0.850645 211.586380 0 1
99.848206 -0.484689 211.444565 0 1
100.058426 -0.286319 211.344452 0 1
100.210648 0.222175 211.271622 0 1
100.443626 0.702076 211.140289 0 1
100.692009 1.036416 211.008591 0 1
101.112473 1.437022 210.845825 0 1
101.679634 1.549133 210.743896 0 1
102.305000 1.615722 210.646622 0 1
102.867775 1.702177 210.566879 0 1
103.401840 1.851535 210.516785 0 1
103.835930 2.040619 210.518723 0 1
104.248093 2.278301 210.539383 0 1
104.683197 2.458319 210.540924 0 1
105.107681 2.644878 210.555191 0 1
105.624428 2.735217 210.525528 0 1
106.187851 2.592239 210.461945 0 1
106.590958 2.295731 210.474121 0 1
107.073280 1.975732 210.507050 0 1
107.620247 2.047181 210.555420 0 1
108.097450 1.986837 210.673416 0 1
108.580879 1.963217 210.842117 0 1
109.144386 1.765653 211.022781 0 1
109.376884 1.456333 211.061554 0 1
109.573097 1.005822 211.062912 0 1
109.956528 0.682550 211.162354 0 1
110.390518 0.253314 211.261658 0 1
110.617966 -0.123429 211.349411 0 1
110.724159 -0.552568 211.458786 0 1
110.918480 -0.847929 211.571915 0 1
111.118187 -1.216389 211.702209 0 1
111.386292 -1.406931 211.822357 0 1
111.597260 -1.885895 212.034378 0 1
111.738815 -2.314088 212.236710 0 1
111.812164 -2.726977 212.406067 0 1
111.952820 -3.141038 212.629395 0 1
112.057465 -3.565690 212.827805 0 1
112.193771 -4.022211 213.061020 0 1
112.181969 -4.470736 213.190125 0 1
112.164856 -4.952028 213.331482 1 0
112.255730 -5.448170 213.327881 1 0
112.018990 -5.744195 213.535141 0 1
111.773613 -6.073880 213.761978 1 0
111.482674 -6.429947 213.856003 0 1
111.337128 -6.783470 214.074310 0 1
111.238464 -7.250754 214.486465 0 1
110.931587 -7.727864 214.750259 0 1
110.582649 -8.084297 214.846863 0 1
110.125298 -8.425511 214.819031 0 1
109.740982 -8.829386 214.927338 0 1
109.438347 -9.146710 215.037781 0 1
109.029648 -9.333536 215.069534 0 1
108.577568 -9.444224 215.043564 0 1
108.017334 -9.692695 215.116760 0 1
107.503464 -9.851559 215.156158 0 1
107.121498 -9.980844 215.282959 0 1
106.688171 -10.112306 215.422180 0 1
106.252808 -10.187483 215.476349 0 1
105.756874 -10.272254 215.519287 0 1
105.261757 -10.377535 215.596649 0 1
104.678360 -10.405452 215.529327 0 1
104.090446 -10.404568 215.491211 0 1
103.713348 -10.365325 215.486832 0 1
103.423027 -10.120144 215.292557 0 1
103.084137 -9.919670 215.157150 0 1
102.685387 -9.898720 215.186295 0 1
102.250031 -9.663308 215.112534 0 1
101.819374 -9.199701 214.810181 0 1
101.419121 -9.108380 214.922501 0 1
100.952560 -8.847338 214.884476 0 1
100.680290 -8.398170 214.491074 0 1
100.523094 -7.899852 214.136459 0 1
100.356125 -7.374547 213.864014 0 1
100.083694 -7.021170 213.732727 0 1
99.787621 -6.695650 213.627899 0 1
99.449875 -6.483825 213.606522 0 1
99.004440 -6.414008 213.711441 0 1
98.764786 -6.050265 213.640350 0 1
98.543594 -5.558437 213.502960 0 1
98.295815 -5.149122 213.499725 0 1
98.266640 -4.666759 213.276978 0 1
98.217094 -4.149466 213.045746 0 1
98.229874 -3.674225 212.790268 0 1
98.165466 -3.152348 212.571106 0 1
98.201706 -2.591427 212.349121 0 1
98.353188 -2.037951 212.147110 0 1
98.605598 -1.540765 211.966034 0 1
98.874306 -1.201134 211.853104 0 1
99.349648 -1.059412 211.659439 0 1
99.774132 -0.898303 211.468246 0 1
100.083710 -0.652717 211.320358 0 1
100.182594 -0.062755 211.284027 0 1
100.346344 0.434895 211.198837 0 1
100.619392 0.884172 211.050140 0 1
101.025070 1.263004 210.884689 0 1
101.515305 1.474149 210.776169 0 1
102.077705 1.463684 210.693207 0 1
102.681175 1.657210 210.593140 0 1
103.227417 1.712286 210.521500 0 1
103.587112 1.989913 210.526001 0 1
104.088570 2.080136 210.501053 0 1
104.531258 2.255362 210.505249 0 1
104.944534 2.477908 210.525574 0 1
105.340668 2.625486 210.526291 0 1
105.915794 2.609115 210.473221 0 1
106.393707 2.419756 210.460083 0 1
106.857216 2.139632 210.493195 0 1
107.290916 1.963527 210.521988 0 1
107.802063 1.830767 210.575211 0 1
108.309250 1.915563 210.731888 0 1
108.790756 1.801731 210.894730 0 1
109.215012 1.477554 211.002991 0 1
109.474434 1.083660 211.040146 0 1
109.826988 0.727144 211.120911 0 1
110.309814 0.248182 211.235153 0 1
110.525978 -0.123947 211.320465 0 1
110.637772 -0.552761 211.426361 0 1
110.806648 -0.857603 211.537094 0 1
111.043457 -1.200312 211.672211 0 1
111.260689 -1.468865 211.795303 0 1
111.529419 -1.733176 211.953430 0 1
111.596344 -2.376897 212.157288 0 1
111.804680 -2.728661 212.401001 0 1
111.895729 -3.112401 212.579239 0 1
112.003204 -3.591340 212.796036 0 1
112.136497 -4.000823 213.011185 0 1
112.156509 -4.501286 213.185608 0 1
112.119270 -5.047013 213.257416 1 0
112.149231 -5.566214 213.292343 0 1
111.918243 -5.779871 213.561813 1 0
111.703011 -6.161636 213.786163 1 0
111.419014 -6.459973 213.846130 0 1
111.260422 -6.829030 214.056427 0 1
111.148911 -7.286849 214.455292 0 1
110.851616 -7.747005 214.710648 0 1
110.458664 -8.163541 214.826614 0 1
110.002419 -8.528600 214.827957 0 1
109.625816 -8.914082 214.926117 0 1
109.215088 -9.120658 214.946564 0 1
108.839371 -9.296433 214.990143 0 1
108.477951 -9.415998 214.995163 0 1
108.041183 -9.584599 215.028915 0 1
107.594330 -9.771336 215.085434 0 1
107.099998 -9.931091 215.207733 0 1
106.597534 -10.020567 215.271332 0 1
106.193710 -10.154641 215.414429 0 1
105.687263 -10.221329 215.431198 0 1
105.192955 -10.326824 215.505386 0 1
104.630577 -10.373163 215.478455 0 1
104.075249 -10.345404 215.438065 0 1
103.745514 -10.323668 215.446701 0 1
103.444550 -9.984406 215.169327 0 1
103.113541 -9.857112 215.099884 0 1
102.684486 -9.810515 215.108826 0 1
102.366356 -9.665443 215.062180 0 1
101.973000 -9.293715 214.841461 0 1
101.488289 -9.008060 214.773666 0 1
101.060760 -8.848537 214.820892 0 1
100.753387 -8.446803 214.512787 0 1
100.618698 -7.961501 214.139267 0 1
100.470703 -7.411889 213.850952 0 1
100.186737 -7.056927 213.722595 0 1
99.918373 -6.756425 213.621399 0 1
99.569359 -6.456808 213.551788 0 1
99.099678 -6.378102 213.656998 0 1
98.833366 -6.065972 213.604019 0 1
98.651039 -5.521926 213.433517 0 1
98.324402 -5.153070 213.482193 0 1
98.332024 -4.775977 213.286575 0 1
98.299683 -4.324536 213.076843 0 1
98.320625 -3.873918 212.833328 0 1
98.227440 -3.302170 212.598282 0 1
98.256065 -2.743095 212.374756 0 1
98.302727 -2.279876 212.229630 0 1
98.597809 -1.649242 211.981033 0 1
98.884285 -1.260044 211.847595 0 1
99.379471 -1.145919 211.650223 0 1
99.832741 -0.984311 211.446777 0 1
100.087814 -0.699873 211.319717 0 1
100.164948 -0.164987 211.289597 0 1
100.287956 0.343713 211.229584 0 1
100.677696 0.798814 211.029800 0 1
101.073776 1.147513 210.883621 0 1
101.486626 1.390686 210.788773 0 1
102.073883 1.391572 210.701660 0 1
102.669243 1.592215 210.597687 0 1
103.225060 1.694581 210.520370 0 1
103.645584 1.882678 210.497635 0 1
104.164345 2.023728 210.483170 0 1
104.570000 2.202464 210.489532 0 1
104.959618 2.450817 210.517456 0 1
105.481361 2.577852 210.500259 0 1
106.030273 2.464091 210.449020 0 1
106.497391 2.181850 210.463547 0 1
106.964134 1.893124 210.499268 0 1
107.493690 1.854484 210.535400 0 1
107.975952 1.774730 210.609390 0 1
108.470482 1.859257 210.783279 0 1
108.866135 1.703369 210.905563 0 1
109.306969 1.368249 211.019485 0 1
109.518600 0.934787 211.032608 0 1
109.925827 0.577017 211.137253 0 1
110.349152 0.119743 211.239273 0 1
110.427124 -0.328329 211.317719 0 1
110.578857 -0.706349 211.432602 0 1
110.828644 -0.993112 211.562653 0 1
110.974678 -1.404847 211.687378 0 1
111.275925 -1.627010 211.831497 0 1
111.517426 -1.900169 211.991608 0 1
111.573952 -2.436770 212.158875 0 1
111.722488 -2.829822 212.372223 0 1
111.855545 -3.232713 212.585648 0 1
111.937569 -3.718298 212.790710 0 1
112.059593 -4.079934 212.974213 0 1
112.114555 -4.568943 213.183243 0 1
112.050522 -5.040456 213.179718 1 0
112.126183 -5.527490 213.232834 0 1
111.888298 -5.781733 213.324997 0 1
111.681038 -5.878996 213.390869 1 0
111.901070 -5.777381 213.505478 0 1
111.415154 -6.291151 213.716248 1 0
111.221916 -6.743403 213.951752 0 1
111.133560 -7.093493 214.234421 0 1
110.968102 -7.518220 214.562241 0 1
110.546928 -7.939649 214.676788 0 1
110.171539 -8.279103 214.711929 0 1
109.714813 -8.763717 214.848679 0 1
109.313148 -8.996113 214.865616 0 1
108.878403 -9.257100 214.971039 0 1
108.527351 -9.275625 214.894974 0 1
108.193855 -9.498965 214.996368 0 1
107.849602 -9.676521 215.060181 0 1
107.192963 -9.840164 215.099167 0 1
106.826271 -9.980312 215.244034 0 1
106.344650 -10.078609 215.319122 0 1
105.829002 -10.140068 215.335480 0 1
105.317078 -10.267599 215.441040 0 1
104.850700 -10.321455 215.442108 0 1
104.307449 -10.327935 215.407959 0 1
103.768906 -10.204365 215.336884 0 1
103.461243 -9.964495 215.150284 0 1
103.105515 -9.734115 214.992874 0 1
102.694336 -9.731648 215.035553 0 1
102.325554 -9.580783 214.989182 0 1
101.950890 -9.213970 214.756851 0 1
101.493370 -8.966716 214.723129 0 1
101.108513 -8.826196 214.766708 0 1
100.803986 -8.411437 214.445709 0 1
100.669350 -7.896203 214.084732 0 1
100.472336 -7.375178 213.828537 0 1
100.184875 -6.947770 213.655258 0 1
99.915588 -6.673165 213.572632 0 1
99.539803 -6.381051 213.514740 0 1
99.106606 -6.324289 213.625214 0 1
98.787178 -5.887989 213.539932 0 1
98.613380 -5.433472 213.398026 0 1
98.388298 -5.043402 213.384583 0 1
98.370644 -4.545221 213.140030 0 1
98.394119 -4.133303 212.911545 0 1
98.275848 -3.550187 212.693237 0 1
98.320099 -3.016179 212.441269 0 1
98.399811 -2.379008 212.226898 0 1
98.598557 -1.865222 212.028336 0 1
98.806190 -1.383028 211.881363 0 1
99.215714 -1.229331 211.716904 0 1
99.661888 -1.059071 211.523773 0 1
100.103737 -0.780327 211.315186 0 1
100.248871 -0.272560 211.247620 0 1
100.358849 0.319713 211.193924 0 1
100.682823 0.728736 211.030945 0 1
101.068748 1.043673 210.892487 0 1
101.556664 1.353126 210.780365 0 1
102.114639 1.354475 210.698990 0 1
102.720100 1.558590 210.592133 0 1
103.269211 1.575198 210.511017 0 1
103.715553 1.764591 210.469986 0 1
104.142281 1.961065 210.469803 0 1
104.572845 2.156696 210.479324 0 1
104.929634 2.337657 210.490921 0 1
105.367035 2.502065 210.491669 0 1
105.930855 2.498868 210.452637 0 1
106.462936 2.151027 210.459824 0 1
106.994514 1.835718 210.498520 0 1
107.521439 1.767290 210.537415 0 1
108.015800 1.729905 210.613754 0 1
108.487366 1.808701 210.781921 0 1
108.968773 1.639572 210.937225 0 1
109.229980 1.252776 210.976242 0 1
109.499214 0.802461 211.000290 0 1
109.934677 0.436454 211.120117 0 1
110.287781 -0.005883 211.224686 0 1
110.428627 -0.415424 211.332397 0 1
110.549728 -0.833548 211.447479 0 1
110.861351 -1.039964 211.580643 0 1
110.892296 -1.504839 211.682312 0 1
111.209869 -1.724957 211.827316 0 1
111.431694 -2.017250 211.972076 0 1
111.499146 -2.479442 212.117081 0 1
111.671310 -2.848361 212.342300 0 1
111.771957 -3.310717 212.545578 0 1
111.914536 -3.718396 212.773590 0 1
112.035126 -4.097889 212.961411 0 1
112.045303 -4.605915 213.151535 0 1
111.981506 -4.971432 213.143936 1 0
112.071365 -5.358538 213.110641 1 0
111.958557 -5.738912 213.293472 1 0
111.628967 -5.823072 213.170593 0 1
111.333267 -6.093792 213.155731 1 0
111.375435 -6.113879 213.462936 1 0
111.693489 -5.959937 213.615601 1 0
111.283440 -6.397977 213.723068 1 0
111.100090 -6.900331 214.021362 0 1
111.030830 -7.273549 214.349609 0 1
110.857178 -7.609284 214.575226 0 1
110.410187 -8.043200 214.667709 0 1
109.985298 -8.442412 214.734436 0 1
109.537941 -8.800206 214.784302 0 1
109.188660 -9.050917 214.878784 0 1
108.821777 -9.160435 214.875778 0 1
108.413841 -9.309050 214.892532 0 1
108.058426 -9.444248 214.917557 0 1
107.715401 -9.749846 215.091934 0 1
107.013542 -9.853874 215.087845 0 1
106.551483 -9.976910 215.196335 0 1
106.149353 -10.084402 215.300430 0 1
105.628403 -10.172566 215.348495 0 1
105.116508 -10.229824 215.349915 0 1
104.596077 -10.269005 215.348434 0 1
104.102654 -10.175448 215.282745 0 1
103.750229 -10.125058 215.268051 0 1
103.559418 -9.866825 215.057953 0 1
103.152702 -9.765785 215.014420 0 1
102.786819 -9.663485 214.966080 0 1
102.397728 -9.537163 214.921143 0 1
102.148224 -9.371143 214.844833 0 1
101.810753 -9.066688 214.666275 0 1
101.366928 -8.884346 214.693756 0 1
100.952415 -8.621449 214.609543 0 1
100.759689 -8.157064 214.226639 0 1
100.609253 -7.652784 213.953690 0 1
100.455177 -7.233360 213.748215 0 1
100.235260 -6.820909 213.564102 0 1
99.948761 -6.568502 213.502487 0 1
99.644409 -6.335549 213.453125 0 1
99.166916 -6.263403 213.563293 0 1
98.923172 -5.897750 213.460876 0 1
98.606575 -5.326135 213.353821 0 1
98.512154 -4.968101 213.257706 0 1
98.426582 -4.443220 213.051315 0 1
98.431328 -3.934030 212.787949 0 1
98.379692 -3.457273 212.581131 0 1
98.328857 -2.846178 212.378998 0 1
98.439346 -2.313920 212.196686 0 1
98.708382 -1.747545 211.963547 0 1
99.049690 -1.288987 211.783081 0 1
99.565308 -1.233107 211.583679 0 1
99.945938 -0.963333 211.395355 0 1
100.294823 -0.624251 211.229233 0 1
100.383240 0.011425 211.184982 0 1
100.571342 0.489505 211.090881 0 1
100.920631 0.850631 210.942581 0 1
101.289894 1.268329 210.824310 0 1
101.873505 1.274540 210.743378 0 1
102.470131 1.437952 210.637131 0 1
103.059830 1.470348 210.544556 0 1
103.650398 1.587415 210.454803 0 1
104.031502 1.873963 210.457962 0 1
104.437401 2.045423 210.458939 0 1
104.877480 2.218165 210.464615 0 1
105.328735 2.425067 210.473923 0 1
105.849167 2.404753 210.440796 0 1
106.392075 2.147431 210.454819 0 1
106.880402 1.865425 210.491150 0 1
107.357681 1.712038 210.524734 0 1
107.919098 1.665491 210.584122 0 1
108.419739 1.713953 210.742233 0 1
108.898865 1.584814 210.901184 0 1
109.189529 1.172997 210.943375 0 1
109.461998 0.711158 210.971649 0 1
110.011612 0.336898 211.133713 0 1
110.197403 -0.142268 211.213760 0 1
110.330177 -0.530410 211.320602 0 1
110.395325 -0.817896 211.393539 0 1
110.650742 -1.131931 211.530716 0 1
110.777382 -1.430128 211.627014 0 1
111.139145 -1.704809 211.799210 0 1
111.357613 -2.029459 211.937790 0 1
111.469139 -2.415702 212.080399 0 1
111.599831 -2.900433 212.307327 0 1
111.747704 -3.235259 212.506790 0 1
111.835747 -3.722751 212.714645 0 1
111.992065 -4.111856 212.934006 0 1
111.986069 -4.579978 213.101486 0 1
111.885750 -4.906100 213.079865 0 1
112.004807 -5.138055 213.068802 1 0
112.002586 -5.654166 213.212875 1 0
111.549431 -5.855989 213.153122 1 0
111.290573 -6.139370 213.155548 1 0
111.331528 -6.188879 213.557617 1 0
111.304840 -6.329865 213.683472 0 1
111.067764 -6.801760 213.910416 0 1
111.036949 -7.226279 214.301178 0 1
110.771027 -7.562462 214.456085 0 1
110.478325 -7.914134 214.595444 0 1
110.041061 -8.328616 214.664246 0 1
109.657516 -8.739900 214.791779 0 1
109.252792 -8.856698 214.739532 0 1
108.895599 -9.009838 214.766464 0 1
108.890663 -8.886916 214.662415 0 1
109.068878 -8.686625 214.546051 0 1
108.672356 -8.775330 214.511200 0 1
108.492722 -9.089772 214.732239 0 1
108.299583 -9.298331 214.856232 0 1
107.939537 -9.384251 214.837631 0 1
107.526962 -9.668598 214.977631 0 1
107.003990 -9.830636 215.054688 0 1
106.487099 -9.944432 215.134659 0 1
106.099823 -10.067154 215.267914 0 1
105.587425 -10.137300 215.289505 0 1
105.087318 -10.223014 215.335236 0 1
104.533279 -10.245663 215.324341 0 1
104.078201 -10.121235 215.237076 0 1
103.731178 -10.011332 215.166962 0 1
103.479874 -9.752553 214.966385 0 1
103.113411 -9.598556 214.872711 0 1
102.663200 -9.550327 214.886627 0 1
102.311035 -9.400438 214.813126 0 1
101.984886 -9.154575 214.676529 0 1
101.558975 -8.918548 214.631134 0 1
101.161865 -8.794661 214.702637 0 1
100.887627 -8.316132 214.303085 0 1
100.735184 -7.821453 214.017105 0 1
100.596291 -7.309842 213.749619 0 1
100.346008 -6.922187 213.592499 0 1
100.042221 -6.540500 213.456421 0 1
99.741409 -6.287754 213.394653 0 1
99.242447 -6.250928 213.529617 0 1
98.956383 -5.863558 213.421997 0 1
98.665535 -5.286294 213.293259 0 1
98.504288 -4.894119 213.226639 0 1
98.451637 -4.411653 213.017288 0 1
98.483353 -3.960841 212.765381 0 1
98.403091 -3.419177 212.551788 0 1
98.410759 -2.785061 212.335403 0 1
98.517349 -2.201030 212.141403 0 1
98.899490 -1.701896 211.892426 0 1
99.206680 -1.375050 211.732285 0 1
99.657814 -1.206128 211.541611 0 1
100.017250 -1.007856 211.366455 0 1
100.339920 -0.647138 211.210709 0 1
100.442970 -0.108377 211.159592 0 1
100.591637 0.381088 211.083603 0 1
100.883926 0.823286 210.955719 0 1
101.336540 1.237732 210.822830 0 1
101.933784 1.217411 210.737976 0 1
102.471664 1.334309 210.642212 0 1
103.095360 1.418392 210.540192 0 1
103.677269 1.551946 210.448746 0 1
104.066055 1.785843 210.437103 0 1
104.519981 2.002134 210.444687 0 1
104.934692 2.149315 210.443710 0 1
105.343597 2.353910 210.457565 0 1
105.929497 2.321236 210.433746 0 1
106.378853 2.025271 210.450806 0 1
106.889046 1.830315 210.490479 0 1
107.298370 1.648539 210.518524 0 1
107.909210 1.585248 210.573059 0 1
108.380058 1.638442 210.716446 0 1
108.912094 1.478606 210.888885 0 1
109.207291 1.034087 210.929199 0 1
109.488144 0.706319 210.981903 0 1
109.984756 0.216924 211.113678 0 1
110.170837 -0.220719 211.215057 0 1
110.267624 -0.600122 211.314529 0 1
110.427414 -0.917036 211.420929 0 1
110.738503 -1.199952 211.572632 0 1
110.782639 -1.658633 211.673981 0 1
111.094566 -1.871169 211.814102 0 1
111.297981 -2.183646 211.940750 0 1
111.397926 -2.616670 212.094284 0 1
111.570770 -3.031165 212.325165 0 1
111.707077 -3.451157 212.543869 0 1
111.779999 -3.897182 212.726578 0 1
111.913689 -4.324363 212.957916 0 1
111.706131 -4.698371 213.018631 1 0
111.902298 -5.148728 212.975082 1 0
111.934036 -5.620719 213.132187 1 0
111.464760 -5.916907 213.089142 1 0
111.211807 -6.235627 213.275909 1 0
110.998276 -6.404503 213.301224 1 0
111.180550 -6.309566 213.491058 1 0
111.167496 -6.563353 213.774979 0 1
110.934723 -7.047616 214.047165 0 1
110.795624 -7.440254 214.349106 0 1
110.483925 -7.880345 214.563507 0 1
110.037071 -8.315714 214.649063 0 1
109.616684 -8.628214 214.668579 0 1
109.288467 -8.776499 214.680817 0 1
109.176147 -8.736952 214.618286 0 1
108.845863 -8.657022 214.459656 0 1
108.482895 -8.837245 214.518188 0 1
108.350655 -9.198751 214.783249 0 1
107.959755 -9.285703 214.764053 0 1
107.723740 -9.648738 215.003250 0 1
107.168816 -9.751806 214.985199 0 1
106.681709 -9.885107 215.076996 0 1
106.205696 -9.987171 215.167175 0 1
105.671432 -10.034985 215.152237 0 1
105.254066 -10.132672 215.233444 0 1
104.688721 -10.218327 215.291138 0 1
104.219673 -10.086901 215.190399 0 1
103.805901 -10.032101 215.178909 0 1
103.559853 -9.681611 214.897949 0 1
103.173866 -9.563895 214.834686 0 1
102.762703 -9.545143 214.867554 0 1
102.403206 -9.404202 214.793274 0 1
102.076767 -9.154716 214.641785 0 1
101.690399 -8.900286 214.540070 0 1
101.280281 -8.766370 214.603119 0 1
100.974586 -8.435884 214.387695 0 1
100.832726 -7.979685 214.080917 0 1
100.738419 -7.411543 213.768494 0 1
100.520256 -7.012354 213.593994 0 1
100.241318 -6.719133 213.502197 0 1
99.958893 -6.342838 213.362625 0 1
99.619591 -6.176934 213.358704 0 1
99.140045 -6.151544 213.503540 0 1
98.903740 -5.634444 213.334641 0 1
98.601654 -5.055764 213.240952 0 1
98.530487 -4.538023 213.026367 0 1
98.523956 -4.092763 212.801376 0 1
98.504280 -3.565269 212.558899 0 1
98.462120 -3.024138 212.396545 0 1
98.561157 -2.344162 212.165222 0 1
98.814766 -1.835045 211.950195 0 1
99.098793 -1.420274 211.777603 0 1
99.632042 -1.343891 211.574783 0 1
100.064949 -1.203133 211.388412 0 1
100.347656 -0.855734 211.222824 0 1
100.463310 -0.267973 211.150650 0 1
100.614273 0.220184 211.079636 0 1
100.950462 0.599804 210.959412 0 1
101.348297 1.144794 210.834259 0 1
101.932243 1.173122 210.740433 0 1
102.499603 1.294827 210.641495 0 1
103.088409 1.383928 210.541946 0 1
103.575874 1.487399 210.458084 0 1
104.046387 1.694443 210.417847 0 1
104.506348 1.874772 210.410202 0 1
104.892265 2.011664 210.414658 0 1
105.281990 2.281404 210.447784 0 1
105.769974 2.308576 210.429550 0 1
106.221718 2.099185 210.439362 0 1
106.605385 1.888216 210.467972 0 1
106.982689 1.603438 210.493347 0 1
107.562767 1.545241 210.537262 0 1
108.088280 1.519619 210.608093 0 1
108.651924 1.523952 210.796814 0 1
109.002762 1.210193 210.875717 0 1
109.209160 0.747649 210.883728 0 1
109.713257 0.439939 211.037460 0 1
110.088676 0.030210 211.152267 0 1
110.186218 -0.380395 211.245651 0 1
110.206596 -0.834165 211.335129 0 1
110.431374 -1.178942 211.466949 0 1
110.688011 -1.478432 211.605255 0 1
110.964539 -1.778473 211.754929 0 1
111.169159 -2.070950 211.877457 0 1
111.324974 -2.417114 211.999786 0 1
111.474937 -2.774196 212.186066 0 1
111.549255 -3.251935 212.370255 0 1
111.700409 -3.654284 212.598907 0 1
111.822067 -4.076374 212.813385 0 1
111.867096 -4.550385 213.026398 1 0
111.714256 -4.863630 212.973618 0 1
111.936852 -5.284861 212.996613 1 0
111.704239 -5.681193 213.059372 1 0
111.292999 -6.030454 212.948761 1 0
111.020515 -6.324067 213.125336 1 0
111.129868 -6.389412 213.596985 1 0
110.933556 -6.846599 213.847260 0 1
110.900665 -7.200184 214.177109 0 1
110.623077 -7.679653 214.460571 0 1
110.231583 -8.010410 214.494019 0 1
109.817436 -8.491890 214.664154 0 1
109.564743 -8.656989 214.671646 0 1
109.203964 -8.725451 214.616592 0 1
108.804482 -8.535071 214.352753 0 1
108.579178 -8.769284 214.481293 0 1
108.344826 -9.086159 214.687256 0 1
108.007744 -9.219726 214.720520 0 1
107.725525 -9.512970 214.891617 0 1
107.240730 -9.659425 214.903931 0 1
106.699936 -9.853577 215.034500 0 1
106.233047 -9.952710 215.117157 0 1
105.695229 -9.999228 215.094681 0 1
105.237129 -10.088377 215.170898 0 1
104.669289 -10.156354 215.229095 0 1
104.241547 -10.011838 215.123383 0 1
103.837059 -9.918759 215.073837 0 1
103.595459 -9.583858 214.806076 0 1
103.213585 -9.448061 214.734238 0 1
102.799362 -9.470406 214.797028 0 1
102.453781 -9.330438 214.720734 0 1
102.099670 -9.093607 214.571182 0 1
101.802010 -8.883280 214.466553 0 1
101.390320 -8.736796 214.506271 0 1
101.069229 -8.513405 214.422302 0 1
100.928192 -8.028967 214.078796 0 1
100.827202 -7.512570 213.799408 0 1
100.602837 -7.050171 213.591400 0 1
100.359833 -6.779434 213.505020 0 1
100.120232 -6.448257 213.377426 0 1
99.800278 -6.147115 213.292999 0 1
99.375206 -6.093222 213.389206 0 1
99.023727 -5.870304 213.386932 0 1
98.768501 -5.313791 213.242966 0 1
98.628960 -4.773682 213.079025 0 1
98.602287 -4.342988 212.876541 0 1
98.581604 -3.838532 212.637634 0 1
98.483810 -3.279376 212.465256 0 1
98.572693 -2.767071 212.279312 0 1
98.642723 -2.216047 212.105652 0 1
99.023705 -1.751965 211.866776 0 1
99.282043 -1.477191 211.722305 0 1
99.738953 -1.285843 211.524643 0 1
100.124954 -1.041788 211.329834 0 1
100.430977 -0.674766 211.175568 0 1
100.533020 -0.143871 211.120712 0 1
100.819214 0.441196 211.001282 0 1
101.076653 0.814151 210.912064 0 1
101.556244 1.089424 210.807663 0 1
102.153519 1.151127 210.705200 0 1
102.733902 1.245190 210.607132 0 1
103.309792 1.271222 210.505341 0 1
103.800598 1.436914 210.424011 0 1
104.212708 1.641896 210.395432 0 1
104.629456 1.823780 210.389618 0 1
105.022141 2.081220 210.420059 0 1
105.502739 2.196631 210.419617 0 1
106.030022 2.082004 210.426697 0 1
106.409714 1.861512 210.451859 0 1
106.779167 1.613288 210.477112 0 1
107.229790 1.540249 210.510208 0 1
107.777397 1.462038 210.552170 0 1
108.310776 1.505550 210.673294 0 1
108.814384 1.367417 210.828262 0 1
109.131271 0.965250 210.887665 0 1
109.354767 0.637234 210.923737 0 1
109.855728 0.156758 211.068756 0 1
109.978882 -0.215235 211.147263 0 1
110.091171 -0.630201 211.260803 0 1
110.267555 -1.002490 211.386337 0 1
110.472404 -1.307163 211.503525 0 1
110.655258 -1.689821 211.637527 0 1
110.943726 -1.927893 211.774078 0 1
111.143478 -2.266351 211.904922 0 1
111.302216 -2.615749 212.042038 0 1
111.450272 -3.030620 212.241699 0 1
111.601929 -3.494881 212.484589 0 1
111.615456 -3.812760 212.593063 0 1
111.778564 -4.178942 212.827606 0 1
111.710587 -4.605909 212.983124 1 0
111.747604 -5.050104 212.899323 1 0
111.848122 -5.540411 213.035126 1 0
111.461868 -5.767483 212.947418 0 1
111.035599 -6.170156 212.926804 1 0
110.891052 -6.449367 213.244186 1 0
111.016327 -6.695601 213.771133 0 1
110.788780 -7.170046 214.064941 0 1
110.646759 -7.578777 214.374939 0 1
110.286308 -7.921542 214.448807 0 1
109.887115 -8.360375 214.579163 0 1
109.462029 -8.507520 214.502060 0 1
109.262848 -8.612587 214.536758 0 1
108.879272 -8.436456 214.285355 0 1
108.557861 -8.669510 214.396698 0 1
108.240791 -8.967590 214.569839 0 1
108.002701 -9.131179 214.644363 0 1
107.718498 -9.390817 214.793671 0 1
107.213562 -9.584673 214.830017 0 1
106.653740 -9.773618 214.912598 0 1
106.202507 -9.901684 215.035126 0 1
105.721291 -9.989717 215.083511 0 1
105.269356 -10.067215 215.145874 0 1
104.738953 -10.159169 215.228745 0 1
104.288025 -9.981307 215.089294 0 1
103.905609 -9.853571 215.012390 0 1
103.678375 -9.626966 214.837967 0 1
103.286194 -9.467189 214.742172 0 1
102.878578 -9.444696 214.763397 0 1
102.473305 -9.271726 214.667694 0 1
102.119781 -9.066903 214.541443 0 1
101.843407 -8.821125 214.381271 0 1
101.409187 -8.664363 214.414459 0 1
101.113586 -8.504928 214.389435 0 1
100.998451 -7.969603 214.023300 0 1
100.862778 -7.482320 213.771210 0 1
100.715378 -7.007458 213.539871 0 1
100.381760 -6.634407 213.411667 0 1
100.084618 -6.261314 213.273727 0 1
99.759171 -6.076449 213.263885 0 1
99.324371 -6.007455 213.350494 0 1
99.040100 -5.769654 213.327637 0 1
98.731483 -5.178050 213.208664 0 1
98.606583 -4.595971 213.004227 0 1
98.668610 -4.214302 212.769180 0 1
98.623611 -3.651118 212.535080 0 1
98.565941 -3.144780 212.393982 0 1
98.631416 -2.514493 212.191772 0 1
98.888931 -1.874909 211.940704 0 1
99.221123 -1.557235 211.757187 0 1
99.777657 -1.458958 211.551651 0 1
100.147598 -1.213364 211.360275 0 1
100.532600 -0.891152 211.176865 0 1
100.589722 -0.394831 211.109100 0 1
100.710594 0.164738 211.047760 0 1
101.080147 0.543948 210.936966 0 1
101.377327 0.987757 210.841217 0 1
101.987816 1.060620 210.738770 0 1
102.526466 1.162116 210.646713 0 1
103.095123 1.219553 210.551025 0 1
103.609161 1.331261 210.453781 0 1
104.077866 1.516553 210.393814 0 1
104.555435 1.753319 210.381989 0 1
104.971077 1.893702 210.389206 0 1
105.321136 2.176344 210.424881 0 1
105.849487 2.162820 210.421326 0 1
106.278465 1.847179 210.443100 0 1
106.670219 1.575797 210.469269 0 1
107.247032 1.451816 210.509415 0 1
107.769310 1.414369 210.552155 0 1
108.380592 1.391197 210.681290 0 1
108.728470 1.300312 210.783600 0 1
109.014259 0.946763 210.837723 0 1
109.339569 0.570456 210.907913 0 1
109.782616 0.259354 211.043915 0 1
109.902290 -0.148404 211.115692 0 1
110.021446 -0.613201 211.234207 0 1
110.157013 -1.035537 211.357086 0 1
110.389305 -1.376613 211.490860 0 1
110.519020 -1.764905 211.609970 0 1
110.871346 -1.967388 211.758926 0 1
111.078987 -2.321224 211.893692 0 1
111.198799 -2.637212 211.998657 0 1
111.346474 -3.097585 212.192688 0 1
111.455635 -3.518224 212.388336 0 1
111.563782 -3.890535 212.585632 0 1
111.774452 -4.304536 212.872391 0 1
111.526550 -4.847832 212.873184 1 0
111.744904 -5.311498 212.918655 1 0
111.518967 -5.609520 212.960831 1 0
111.139931 -6.126829 212.927887 1 0
110.891953 -6.405913 213.168869 1 0
111.060646 -6.510459 213.650238 1 0
110.816528 -7.001124 213.915894 0 1
110.774002 -7.347002 214.235779 0 1
110.396820 -7.793332 214.407028 0 1
110.005325 -8.162414 214.473419 0 1
109.555359 -8.396227 214.439041 0 1
109.247833 -8.533591 214.465378 0 1
108.808777 -8.392690 214.232513 0 1
108.480530 -8.644285 214.363327 0 1
108.200310 -8.983347 214.572250 0 1
107.794884 -9.108034 214.577438 0 1
107.546425 -9.391693 214.751160 0 1
106.988434 -9.685406 214.876740 0 1
106.478218 -9.786815 214.904068 0 1
106.014893 -9.902499 215.005905 0 1
105.517883 -9.985522 215.052246 0 1
104.890923 -10.049286 215.108017 0 1
104.427849 -10.028012 215.120605 0 1
104.092552 -9.828070 214.970810 0 1
103.804176 -9.577253 214.779495 0 1
103.460793 -9.416507 214.681549 0 1
103.036217 -9.348887 214.664230 0 1
102.693970 -9.197734 214.579788 0 1
102.355766 -9.033751 214.479477 0 1
102.006577 -8.806265 214.326538 0 1
101.604424 -8.696093 214.351471 0 1
101.169716 -8.554685 214.413361 0 1
101.072563 -8.066021 214.055893 0 1
100.887093 -7.552338 213.802933 0 1
100.770142 -7.105730 213.580719 0 1
100.586372 -6.703116 213.399658 0 1
100.275017 -6.430838 213.321548 0 1
99.998558 -6.052648 213.174072 0 1
99.584801 -5.968380 213.248047 0 1
99.212738 -5.804572 213.266144 0 1
99.042755 -5.463459 213.154480 0 1
98.743263 -4.918540 213.075821 0 1
98.682083 -4.429088 212.869278 0 1
98.715828 -3.994991 212.633087 0 1
98.644211 -3.360987 212.431900 0 1
98.657860 -2.840000 212.272461 0 1
98.761734 -2.188513 212.063904 0 1
99.195938 -1.681217 211.796036 0 1
99.673752 -1.560292 211.612778 0 1
100.142609 -1.355998 211.397278 0 1
100.462151 -0.984687 211.214493 0 1
100.576767 -0.527871 211.118866 0 1
100.709175 0.021819 211.055481 0 1
101.049202 0.455917 210.946671 0 1
101.382706 0.911160 210.848038 0 1
101.998817 1.006784 210.739517 0 1
102.578690 1.133767 210.639465 0 1
103.178558 1.146634 210.539062 0 1
103.763794 1.317360 210.429840 0 1
104.277344 1.485551 210.368484 0 1
104.705894 1.682635 210.368851 0 1
105.098053 1.904795 210.387054 0 1
105.525291 2.088938 210.405441 0 1
105.968414 1.907594 210.422058 0 1
106.513939 1.756145 210.460815 0 1
106.936287 1.461598 210.488068 0 1
107.462479 1.350150 210.529648 0 1
108.044556 1.363410 210.586960 0 1
108.611404 1.349853 210.749115 0 1
108.900215 0.982840 210.801285 0 1
109.207680 0.560212 210.856598 0 1
109.631798 0.228227 210.988113 0 1
109.869682 -0.103797 211.098495 0 1
109.957001 -0.569101 211.202194 0 1
110.041504 -1.009916 211.317657 0 1
110.218346 -1.348537 211.432068 0 1
110.482483 -1.619017 211.565964 0 1
110.750587 -1.905855 211.711044 0 1
111.010231 -2.201789 211.848434 0 1
111.092529 -2.614781 211.954712 0 1
111.279358 -2.957798 212.117630 0 1
111.395042 -3.464443 212.327301 0 1
111.541145 -3.799179 212.537674 0 1
111.688843 -4.269052 212.815247 0 1
111.493118 -4.901923 212.843811 1 0
111.760742 -5.377730 212.938416 1 0
111.400650 -5.738428 212.830338 1 0
111.053276 -6.048497 212.801331 0 1
110.796097 -6.451815 213.191391 1 0
110.991470 -6.581871 213.648880 1 0
110.760338 -7.005243 213.883286 0 1
110.585648 -7.450988 214.202881 0 1
110.307594 -7.793163 214.335785 0 1
109.924988 -8.213340 214.465729 0 1
109.447418 -8.317728 214.335541 0 1
109.134865 -8.370061 214.296432 0 1
108.739655 -8.405795 214.224670 0 1
108.400093 -8.596111 214.302429 0 1
108.161476 -8.960042 214.542557 0 1
107.793556 -9.063802 214.539520 0 1
107.505402 -9.383471 214.736679 0 1
107.093498 -9.550632 214.775467 0 1
106.586922 -9.751649 214.871338 0 1
106.121658 -9.860870 214.962067 0 1
105.579498 -9.918792 214.975723 0 1
105.024696 -10.021178 215.078049 0 1
104.459190 -10.021107 215.111542 0 1
104.159363 -9.804229 214.945648 0 1
103.906174 -9.610999 214.800812 0 1
103.578766 -9.413515 214.666214 0 1
103.164490 -9.282679 214.595718 0 1
102.714149 -9.124283 214.514069 0 1
102.382614 -9.042690 214.485214 0 1
102.077324 -8.740183 214.261948 0 1
101.691963 -8.732024 214.350510 0 1
101.269310 -8.495094 214.308136 0 1
101.143494 -8.050091 214.022110 0 1
100.967812 -7.556823 213.783508 0 1
100.851425 -7.070894 213.543335 0 1
100.594437 -6.626791 213.355072 0 1
100.290024 -6.321203 213.256302 0 1
99.993469 -5.977670 213.133270 0 1
99.556679 -5.896812 213.212204 0 1
99.127777 -5.802965 213.300018 0 1
98.849518 -5.218875 213.146729 0 1
98.750832 -4.640776 212.932281 0 1
98.742462 -4.165533 212.694550 0 1
98.705658 -3.662263 212.508163 0 1
98.674820 -3.042134 212.325653 0 1
98.757256 -2.409798 212.124329 0 1
99.036766 -1.944787 211.911774 0 1
99.383873 -1.701908 211.740616 0 1
99.885826 -1.538369 211.533447 0 1
100.299469 -1.274147 211.327057 0 1
100.613144 -0.783516 211.143356 0 1
100.739449 -0.415772 211.073288 0 1
100.868233 0.122359 211.011505 0 1
101.189407 0.627617 210.908920 0 1
101.705566 0.929873 210.796234 0 1
102.249733 0.963574 210.703995 0 1
102.865654 1.139393 210.589554 0 1
103.474457 1.171923 210.487854 0 1
104.021446 1.282949 210.389984 0 1
104.536812 1.495261 210.358261 0 1
104.880356 1.733579 210.370850 0 1
105.339119 1.890256 210.385681 0 1
105.762131 2.063373 210.409607 0 1
106.187721 1.734126 210.435196 0 1
106.559967 1.681270 210.464233 0 1
106.994911 1.275106 210.490662 0 1
107.492981 1.236457 210.531403 0 1
108.042969 1.297488 210.580048 0 1
108.577171 1.204322 210.719833 0 1
108.955444 0.827476 210.799332 0 1
109.375854 0.428538 210.905334 0 1
109.599083 0.101042 210.982239 0 1
109.805298 -0.227620 211.095764 0 1
109.899925 -0.654845 211.201080 0 1
109.935562 -1.105233 211.301422 0 1
110.132133 -1.448698 211.428238 0 1
110.405365 -1.731667 211.562088 0 1
110.687714 -2.022513 211.709595 0 1
110.895500 -2.312488 211.829849 0 1
111.055023 -2.675318 211.954849 0 1
111.218185 -3.007797 212.094772 0 1
111.324623 -3.531843 212.309113 0 1
111.499825 -3.904828 212.552002 0 1
111.680115 -4.377799 212.862198 1 0
111.423073 -4.843260 212.807739 1 0
111.593140 -5.314368 212.905472 0 1
111.351738 -5.716859 212.771011 1 0
110.935173 -6.085669 212.800323 1 0
110.725464 -6.466768 213.193298 1 0
110.867310 -6.684212 213.667862 0 1
110.679474 -7.101220 213.920456 0 1
110.434799 -7.586244 214.220413 0 1
110.133209 -7.913321 214.320190 0 1
109.677673 -8.219720 214.334427 0 1
109.349007 -8.429416 214.403809 0 1
108.991440 -8.260959 214.169037 0 1
108.602119 -8.395132 214.188690 0 1
108.302856 -8.612574 214.287079 0 1
107.994949 -8.883349 214.435944 0 1
107.710381 -9.067419 214.520111 0 1
107.405342 -9.383705 214.713562 0 1
106.948441 -9.620767 214.804214 0 1
106.257118 -9.728375 214.797440 0 1
105.824539 -9.868313 214.932785 0 1
105.332031 -9.908412 214.950775 0 1
104.721420 -9.985950 215.057816 0 1
104.463142 -9.818717 214.927979 0 1
104.179428 -9.719289 214.868698 0 1
103.821327 -9.485765 214.702408 0 1
103.515480 -9.277633 214.555908 0 1
103.116196 -9.211429 214.542587 0 1
102.767212 -9.087677 214.479279 0 1
102.407387 -8.919709 214.374069 0 1
102.101013 -8.723777 214.247040 0 1
101.694130 -8.639877 214.256073 0 1
101.323738 -8.454548 214.242188 0 1
101.159264 -7.997968 213.986908 0 1
101.027649 -7.563626 213.771286 0 1
100.852501 -7.040866 213.527496 0 1
100.627075 -6.560193 213.317932 0 1
100.373558 -6.285087 213.221100 0 1
100.070633 -5.968373 213.110275 0 1
99.617126 -5.808511 213.140640 0 1
99.195457 -5.680685 213.199112 0 1
98.903236 -5.214391 213.109604 0 1
98.828209 -4.675668 212.896698 0 1
98.841606 -4.213334 212.657516 0 1
98.774048 -3.702927 212.494324 0 1
98.756493 -3.085055 212.312973 0 1
98.807030 -2.537844 212.141235 0 1
99.055962 -2.038896 211.932053 0 1
99.480438 -1.715951 211.714157 0 1
99.999657 -1.575556 211.506271 0 1
100.412277 -1.263024 211.300079 0 1
100.740723 -0.702943 211.106979 0 1
100.780357 -0.262270 211.053696 0 1
101.029930 0.256251 210.968719 0 1
101.340897 0.780356 210.868469 0 1
101.943039 0.848064 210.761749 0 1
102.475418 0.980990 210.666687 0 1
103.088829 1.039492 210.557419 0 1
103.658989 1.141112 210.457718 0 1
104.142822 1.361435 210.378098 0 1
104.642387 1.519387 210.356644 0 1
105.092102 1.662763 210.370850 0 1
105.462471 1.902989 210.390457 0 1
105.852730 1.856934 210.413040 0 1
106.279030 1.613106 210.440765 0 1
106.614349 1.327597 210.463959 0 1
107.125435 1.238279 210.502472 0 1
107.606537 1.144241 210.542770 0 1
108.164818 1.226724 210.598343 0 1
108.748291 1.031487 210.750595 0 1
108.983795 0.610345 210.783798 0 1
109.421852 0.235106 210.909012 0 1
109.607529 -0.129824 211.013641 0 1
109.720604 -0.567300 211.127518 0 1
109.860046 -0.915169 211.238937 0 1
109.976593 -1.340960 211.357773 0 1
110.303474 -1.582915 211.504623 0 1
110.464340 -1.996299 211.635452 0 1
110.752556 -2.226116 211.769623 0 1
110.905708 -2.645649 211.901749 0 1
111.054337 -2.994539 212.019791 0 1
111.235336 -3.459038 212.232117 0 1
111.339302 -3.925297 212.485687 0 1
111.604317 -4.352573 212.814041 1 0
111.390717 -4.778525 212.806396 1 0
111.466805 -5.201965 212.827576 1 0
111.332626 -5.683192 212.734543 0 1
110.914017 -6.010648 212.715195 1 0
110.743126 -6.293729 213.007339 1 0
110.702072 -6.592860 213.516510 1 0
110.636246 -7.034412 213.829849 0 1
110.490585 -7.423752 214.094315 0 1
110.203667 -7.752811 214.212921 0 1
109.831764 -8.135900 214.328918 0 1
109.359711 -8.285781 214.285065 0 1
109.107376 -8.189274 214.136368 0 1
108.683304 -8.268042 214.108932 0 1
108.332512 -8.415802 214.142792 0 1
108.054482 -8.829089 214.406525 0 1
107.726143 -8.944020 214.423141 0 1
107.424408 -9.307961 214.656677 0 1
107.133911 -9.459910 214.711288 0 1
106.673744 -9.615630 214.740387 0 1
106.080521 -9.678227 214.711868 0 1
105.698158 -9.830415 214.865128 0 1
105.047096 -9.946137 215.000046 0 1
104.656776 -9.886139 214.971359 0 1
104.360207 -9.694798 214.827621 0 1
103.948349 -9.516523 214.717484 0 1
103.697830 -9.299618 214.559586 0 1
103.329788 -9.138875 214.462448 0 1
102.904366 -9.154558 214.520477 0 1
102.536942 -8.950552 214.385330 0 1
102.243492 -8.701886 214.219742 0 1
101.880775 -8.537859 214.137512 0 1
101.484802 -8.447787 214.169952 0 1
101.211517 -8.145065 214.055298 0 1
101.085869 -7.610588 213.783524 0 1
100.988152 -7.100426 213.535736 0 1
100.765129 -6.633935 213.341110 0 1
100.465881 -6.366501 213.246323 0 1
100.211708 -5.982837 213.092712 0 1
99.814445 -5.763066 213.053940 0 1
99.342026 -5.752712 213.184570 0 1
99.045296 -5.289148 213.063034 0 1
98.883766 -4.750597 212.897888 0 1
98.922119 -4.285863 212.641006 0 1
98.827637 -3.755738 212.492737 0 1
98.831421 -3.149293 212.308350 0 1
98.862656 -2.537529 212.125015 0 1
99.080704 -2.143100 211.951614 0 1
99.561302 -1.747551 211.695663 0 1
100.083893 -1.616450 211.490891 0 1
100.531120 -1.157192 211.251175 0 1
100.775528 -0.620994 211.089371 0 1
100.840767 -0.001098 211.021957 0 1
101.226685 0.377227 210.921600 0 1
101.449722 0.733482 210.853043 0 1
102.055206 0.831103 210.744049 0 1
102.542343 0.894249 210.661560 0 1
103.119545 1.003948 210.553787 0 1
103.719154 1.092245 210.449631 0 1
104.240479 1.264314 210.370911 0 1
104.743431 1.477663 210.356033 0 1
105.197273 1.676725 210.373795 0 1
105.575974 1.885618 210.395416 0 1
105.952957 1.693987 210.417374 0 1
106.433449 1.439983 210.452332 0 1
106.852936 1.163549 210.483643 0 1
107.387871 1.182928 210.520813 0 1
107.823425 1.135282 210.559433 0 1
108.397583 1.201378 210.663284 0 1
108.759995 0.806747 210.729141 0 1
109.222031 0.310667 210.843994 0 1
109.514397 -0.002230 210.961975 0 1
109.673683 -0.359428 211.077835 0 1
109.749008 -0.896208 211.204636 0 1
109.913628 -1.291588 211.330643 0 1
110.125496 -1.645766 211.467087 0 1
110.299377 -2.021868 211.592514 0 1
110.583977 -2.223742 211.716553 0 1
110.816582 -2.589710 211.860245 0 1
111.021339 -2.927320 211.994919 0 1
111.192497 -3.351624 212.177933 0 1
111.205215 -3.948460 212.438507 0 1
111.489075 -4.322865 212.746262 0 1
111.373665 -4.768002 212.797195 0 1
111.446541 -5.193328 212.783752 1 0
111.345528 -5.622616 212.718262 1 0
110.989014 -5.929034 212.684143 1 0
110.654999 -6.250031 212.971924 0 1
110.576164 -6.543137 213.374191 1 0
110.593346 -6.961082 213.750504 0 1
110.499695 -7.316287 213.997162 0 1
110.218796 -7.712044 214.184036 0 1
109.802887 -8.114193 214.298615 0 1
109.361938 -8.194707 214.209717 0 1
108.985992 -8.144865 214.070770 0 1
108.600662 -8.272360 214.094543 0 1
108.244255 -8.417482 214.125336 0 1
107.908180 -8.731977 214.296936 0 1
107.587692 -8.996202 214.433426 0 1
107.321175 -9.257949 214.587296 0 1
106.930267 -9.464290 214.666794 0 1
106.511147 -9.638007 214.725845 0 1
105.938438 -9.715129 214.745132 0 1
105.431244 -9.788101 214.817810 0 1
104.863106 -9.845781 214.921082 0 1
104.504967 -9.737413 214.851181 0 1
104.208374 -9.529716 214.704605 0 1
103.915199 -9.338287 214.567993 0 1
103.543167 -9.118904 214.421692 0 1
103.147827 -9.078838 214.430191 0 1
102.758133 -8.943685 214.359680 0 1
102.430603 -8.779231 214.261093 0 1
102.125443 -8.586008 214.151215 0 1
101.674759 -8.460779 214.121399 0 1
101.273453 -8.319397 214.149612 0 1
101.214531 -7.832245 213.878906 0 1
101.094215 -7.292288 213.618073 0 1
100.953575 -6.767293 213.386887 0 1
100.701096 -6.430527 213.253479 0 1
100.377663 -6.088988 213.124741 0 1
100.095047 -5.795877 213.012695 0 1
99.628212 -5.702698 213.069702 0 1
99.248161 -5.461764 213.049622 0 1
98.973808 -4.920329 212.922607 0 1
98.976753 -4.464949 212.693909 0 1
98.934692 -3.916235 212.502365 0 1
98.880188 -3.336932 212.345978 0 1
98.928665 -2.709192 212.154419 0 1
99.104332 -2.212600 211.962814 0 1
99.531143 -1.826092 211.724548 0 1
100.116898 -1.666509 211.495483 0 1
100.548714 -1.229912 211.270065 0 1
100.926826 -0.647559 211.073929 0 1
100.880394 -0.131402 211.021072 0 1
101.187881 0.237344 210.939514 0 1
101.496475 0.735339 210.845474 0 1
102.074356 0.747698 210.747971 0 1
102.620407 0.836902 210.652725 0 1
103.203949 0.912450 210.543945 0 1
103.783524 1.050023 210.444122 0 1
104.308250 1.216128 210.370728 0 1
104.843803 1.420131 210.360519 0 1
105.339600 1.583584 210.382095 0 1
105.687805 1.837085 210.401077 0 1
106.085739 1.537280 210.426514 0 1
106.574257 1.243027 210.462662 0 1
107.060135 1.109474 210.500488 0 1
107.560585 1.054029 210.534302 0 1
108.095947 1.048482 210.582108 0 1
108.563599 1.010828 210.688385 0 1
108.954025 0.500518 210.761322 0 1
109.270729 0.076837 210.874329 0 1
109.470940 -0.282117 210.994614 0 1
109.625015 -0.606511 211.105530 0 1
109.753624 -1.091514 211.241638 0 1
109.911736 -1.438015 211.359818 0 1
110.166702 -1.750976 211.499298 0 1
110.295280 -2.145572 211.618378 0 1
110.654594 -2.369601 211.769653 0 1
110.819672 -2.739657 211.896088 0 1
111.056236 -3.131479 212.046555 0 1
111.173912 -3.699596 212.303802 0 1
111.243568 -4.017570 212.487518 0 1
111.409729 -4.307230 212.707169 0 1
111.295021 -4.751129 212.757004 0 1
111.365768 -5.142932 212.647186 1 0
111.302216 -5.638594 212.689224 1 0
110.921005 -5.930321 212.663040 1 0
110.579430 -6.285743 213.021225 0 1
110.579201 -6.579168 213.462387 0 1
110.461487 -6.977995 213.702942 0 1
110.427399 -7.400063 214.023193 0 1
109.998375 -7.910633 214.217407 0 1
109.656654 -8.090192 214.212784 0 1
109.199745 -8.061197 214.056107 0 1
108.732620 -8.038041 213.950439 0 1
108.358513 -8.329978 214.081680 0 1
108.048439 -8.674473 214.280151 0 1
107.605232 -8.838579 214.318268 0 1
107.359924 -9.185725 214.538498 0 1
107.040237 -9.378787 214.619354 0 1
106.588562 -9.507197 214.626099 0 1
105.880753 -9.669854 214.689453 0 1
105.361870 -9.699547 214.742859 0 1
104.916817 -9.825404 214.899506 0 1
104.589005 -9.637517 214.757339 0 1
104.247856 -9.492056 214.668701 0 1
103.967308 -9.284842 214.517746 0 1
103.588303 -9.067850 214.378571 0 1
103.183228 -9.017896 214.377655 0 1
102.817055 -8.876386 214.300552 0 1
102.426300 -8.685664 214.193146 0 1
102.087105 -8.504210 214.105652 0 1
101.684296 -8.392721 214.078979 0 1
101.326431 -8.215625 214.065353 0 1
101.239990 -7.670939 213.781921 0 1
101.104256 -7.081249 213.519745 0 1
100.959694 -6.618433 213.323761 0 1
100.642517 -6.292706 213.196289 0 1
100.396393 -5.926907 213.051498 0 1
100.058609 -5.687850 212.965256 0 1
99.597939 -5.619145 213.027313 0 1
99.166733 -5.333009 213.010147 0 1
99.021858 -4.835159 212.849716 0 1
99.028130 -4.377276 212.629013 0 1
98.929558 -3.854249 212.485916 0 1
98.947311 -3.247479 212.297333 0 1
98.986603 -2.638859 212.113739 0 1
99.201225 -2.114882 211.903885 0 1
99.663841 -1.852451 211.688110 0 1
100.146713 -1.714022 211.501266 0 1
100.647278 -1.163537 211.241165 0 1
100.954254 -0.567297 211.056625 0 1
101.044205 -0.087547 210.987732 0 1
101.430939 0.417198 210.883667 0 1
101.832878 0.681914 210.793594 0 1
102.436745 0.764531 210.686264 0 1
102.979668 0.835378 210.587814 0 1
103.546791 0.923812 210.494751 0 1
104.135857 1.088545 210.405045 0 1
104.718781 1.298197 210.361816 0 1
105.200851 1.486728 210.373962 0 1
105.672508 1.637551 210.400131 0 1
106.124046 1.508311 210.428513 0 1
106.523369 1.163065 210.460876 0 1
107.006813 1.046117 210.496643 0 1
107.548668 0.961483 210.538361 0 1
108.071541 1.014044 210.579254 0 1
108.557693 0.975059 210.683167 0 1
108.851746 0.549565 210.731705 0 1
109.235786 0.131651 210.856949 0 1
109.378822 -0.216360 210.956635 0 1
109.506676 -0.639801 211.078323 0 1
109.632462 -1.075434 211.203323 0 1
109.764885 -1.477419 211.333435 0 1
110.120758 -1.774771 211.489853 0 1
110.250908 -2.208475 211.622101 0 1
110.542320 -2.449809 211.751511 0 1
110.673630 -2.822527 211.872208 0 1
110.912056 -3.199608 212.026123 0 1
111.117325 -3.553306 212.212494 0 1
111.084351 -4.026899 212.429245 0 1
111.255028 -4.317430 212.641495 0 1
111.213753 -4.584897 212.757172 1 0
111.262993 -4.989131 212.589783 1 0
111.376114 -5.470283 212.689529 1 0
110.924812 -5.814745 212.594666 1 0
110.510330 -6.282578 213.051422 1 0
110.537781 -6.633642 213.538605 1 0
110.400764 -7.118141 213.770096 0 1
110.245972 -7.529535 214.025925 0 1
109.873886 -7.904082 214.135986 0 1
109.471458 -8.026074 214.100616 0 1
109.067528 -7.984655 213.972244 0 1
108.595924 -8.048417 213.941254 0 1
108.177658 -8.336868 214.062302 0 1
107.807152 -8.652637 214.214218 0 1
107.482803 -8.931089 214.358734 0 1
107.174759 -9.116235 214.440689 0 1
106.831001 -9.368758 214.569229 0 1
106.464737 -9.536801 214.620590 0 1
105.871300 -9.609418 214.629425 0 1
105.359062 -9.664555 214.713470 0 1
104.958557 -9.763786 214.841064 0 1
104.596809 -9.616903 214.739777 0 1
104.282738 -9.412682 214.595581 0 1
103.946953 -9.217945 214.464325 0 1
103.602882 -9.004970 214.332336 0 1
103.179695 -8.929989 214.310715 0 1
102.789185 -8.845022 214.279068 0 1
102.414406 -8.611305 214.147293 0 1
102.057091 -8.392167 214.048904 0 1
101.661240 -8.239518 214.003250 0 1
101.428955 -7.965930 213.901978 0 1
101.293808 -7.473580 213.680878 0 1
101.173416 -6.907264 213.440674 0 1
100.973297 -6.461307 213.258545 0 1
100.668694 -6.131773 213.129242 0 1
100.397202 -5.803701 213.001358 0 1
99.966125 -5.607842 212.939133 0 1
99.530380 -5.599822 213.036240 0 1
99.112091 -5.232435 212.989365 0 1
99.064102 -4.748199 212.778244 0 1
99.035004 -4.283913 212.588715 0 1
99.001091 -3.728620 212.422928 0 1
98.965714 -3.197763 212.279465 0 1
99.026886 -2.581691 212.085327 0 1
99.301155 -2.143510 211.879990 0 1
99.773827 -1.952758 211.679947 0 1
100.246063 -1.748676 211.483383 0 1
100.638153 -1.266701 211.276321 0 1
101.000771 -0.673534 211.071884 0 1
101.073318 -0.097847 210.984283 0 1
101.501488 0.500402 210.866760 0 1
102.022453 0.598930 210.764679 0 1
102.564590 0.766025 210.665466 0 1
103.131996 0.803610 210.563889 0 1
103.711105 0.881529 210.482193 0 1
104.271317 1.126658 210.388672 0 1
104.834869 1.294644 210.366516 0 1
105.405014 1.491804 210.388687 0 1
105.830849 1.476782 210.412323 0 1
106.310143 1.284966 210.443451 0 1
106.651390 0.985477 210.473770 0 1
107.234634 0.961858 210.516251 0 1
107.855469 0.907030 210.563324 0 1
108.294586 0.990137 210.612488 0 1
108.623192 0.659937 210.666412 0 1
109.003899 0.283810 210.767151 0 1
109.133034 -0.061310 210.850037 0 1
109.382248 -0.351654 210.974258 0 1
109.462631 -0.785931 211.094543 0 1
109.610542 -1.235025 211.237442 0 1
109.806282 -1.619879 211.377274 0 1
110.042038 -1.959873 211.513031 0 1
110.279434 -2.313342 211.655075 0 1
110.603745 -2.551061 211.788925 0 1
110.739334 -3.033495 211.946396 0 1
111.023117 -3.378732 212.109451 0 1
111.054100 -3.841915 212.325165 0 1
111.128395 -4.214521 212.542618 0 1
111.208084 -4.511627 212.723236 0 1
111.109283 -4.913963 212.604263 1 0
111.310173 -5.375886 212.612228 1 0
110.951469 -5.740644 212.566849 1 0
110.534843 -6.062607 212.789398 1 0
110.440422 -6.313560 213.156570 1 0
110.518082 -6.731044 213.593353 1 0
110.318993 -7.279000 213.846207 0 1
110.081306 -7.640438 214.012619 0 1
109.749542 -7.912799 214.088211 0 1
109.229782 -7.913575 213.954407 0 1
108.764244 -7.912368 213.882843 0 1
108.302452 -8.160095 213.970871 0 1
107.983391 -8.570232 214.191635 0 1
107.597839 -8.731592 214.234924 0 1
107.235558 -9.075080 214.419220 0 1
106.832642 -9.282492 214.501175 0 1
106.496681 -9.480247 214.581207 0 1
105.799149 -9.576853 214.600952 0 1
105.431389 -9.611743 214.658630 0 1
105.101509 -9.666435 214.741486 0 1
104.759911 -9.572394 214.687393 0 1
104.435326 -9.428382 214.596176 0 1
104.109161 -9.239996 214.465637 0 1
103.778854 -8.965343 214.291595 0 1
103.298943 -8.906834 214.284164 0 1
102.933601 -8.779433 214.224533 0 1
102.565529 -8.546449 214.105484 0 1
102.192245 -8.356009 214.028778 0 1
101.786263 -8.207946 213.979630 0 1
101.460182 -7.965301 213.897827 0 1
101.349312 -7.508790 213.693527 0 1
101.215523 -6.979962 213.469284 0 1
101.053329 -6.477674 213.264938 0 1
100.770813 -6.156519 213.135620 0 1
100.468376 -5.842636 213.015915 0 1
100.165779 -5.548009 212.895813 0 1
99.656685 -5.513273 212.945160 0 1
99.282387 -5.308820 212.940063 0 1
99.130661 -4.889585 212.802246 0 1
99.114082 -4.424661 212.604843 0 1
99.088058 -3.802341 212.415009 0 1
99.057190 -3.316181 212.282349 0 1
99.046883 -2.765413 212.129807 0 1
99.247505 -2.278206 211.933075 0 1
99.733803 -1.971735 211.697372 0 1
100.253235 -1.845099 211.508011 0 1
100.564896 -1.398179 211.326492 0 1
101.045914 -0.835478 211.113327 0 1
101.115990 -0.236965 210.989578 0 1
101.482552 0.331843 210.883194 0 1
101.980026 0.578337 210.773911 0 1
102.551254 0.671710 210.673050 0 1
103.106468 0.760153 210.571030 0 1
103.734291 0.828787 210.489182 0 1
104.163376 1.008258 210.419144 0 1
104.691147 1.149180 210.376205 0 1
105.311775 1.416924 210.382996 0 1
105.800079 1.418658 210.412231 0 1
106.265495 1.249469 210.439575 0 1
106.584976 0.902363 210.477097 0 1
107.222359 0.934182 210.516846 0 1
107.798973 0.848314 210.561249 0 1
108.242096 0.888057 210.598663 0 1
108.541328 0.640006 210.644226 0 1
108.885902 0.310557 210.729355 0 1
109.098541 -0.039806 210.836319 0 1
109.254112 -0.462705 210.961853 0 1
109.424416 -0.852927 211.100250 0 1
109.519310 -1.279647 211.231674 0 1
109.755592 -1.699552 211.391235 0 1
110.021767 -2.028539 211.529037 0 1
110.300514 -2.366384 211.673721 0 1
110.548187 -2.707080 211.814407 0 1
110.713326 -3.099858 211.962051 0 1
110.985222 -3.528783 212.158569 0 1
110.893051 -3.901999 212.307495 0 1
111.121056 -4.223512 212.544647 0 1
111.116890 -4.663352 212.756668 1 0
111.146797 -5.198110 212.529678 0 1
111.067329 -5.631997 212.557571 0 1
110.590958 -5.971291 212.676590 0 1
110.393501 -6.169614 213.057053 1 0
110.380257 -6.396157 213.291412 0 1
110.343620 -6.915344 213.625366 0 1
110.223907 -7.299604 213.807388 0 1
110.030663 -7.689786 214.027939 0 1
109.652542 -7.849055 214.003098 0 1
109.189857 -7.858403 213.907303 0 1
108.673988 -7.844101 213.841492 0 1
108.240860 -8.102818 213.937836 0 1
107.853027 -8.495624 214.117889 0 1
107.479050 -8.770317 214.244965 0 1
107.121330 -8.994815 214.338242 0 1
106.742638 -9.266374 214.468536 0 1
106.211761 -9.488700 214.540421 0 1
105.607796 -9.614138 214.647400 0 1
105.237686 -9.560401 214.631470 0 1
104.902290 -9.596426 214.698868 0 1
104.576591 -9.419241 214.575134 0 1
104.229927 -9.200585 214.427460 0 1
103.916046 -8.920152 214.256500 0 1
103.525856 -8.821790 214.216309 0 1
103.036736 -8.792995 214.224442 0 1
102.646591 -8.608147 214.137131 0 1
102.345093 -8.336123 214.016815 0 1
101.874855 -8.256354 213.997559 0 1
101.500008 -8.025679 213.920258 0 1
101.429245 -7.547503 213.705917 0 1
101.321945 -7.153701 213.542648 0 1
101.207817 -6.624926 213.325043 0 1
100.941399 -6.303453 213.195679 0 1
100.715469 -5.897007 213.038162 0 1
100.412590 -5.587869 212.910934 0 1
99.965958 -5.427282 212.852646 0 1
99.504028 -5.416560 212.924561 0 1
99.202248 -5.121950 212.858810 0 1
99.231163 -4.649710 212.640701 0 1
99.171669 -4.043377 212.457840 0 1
99.141594 -3.500936 212.307495 0 1
99.191956 -2.980917 212.144470 0 1
99.243210 -2.523968 212.001358 0 1
99.500603 -2.102403 211.808289 0 1
100.036133 -1.907594 211.585190 0 1
100.484062 -1.627576 211.405014 0 1
100.808891 -1.167732 211.231522 0 1
101.121880 -0.709497 211.072067 0 1
101.223404 -0.099510 210.957047 0 1
101.614677 0.342650 210.858185 0 1
102.077599 0.507072 210.762772 0 1
102.660255 0.638678 210.655060 0 1
103.224335 0.678401 210.564682 0 1
103.756920 0.769873 210.498672 0 1
104.320183 0.990175 210.414597 0 1
104.883774 1.186750 210.377258 0 1
105.465813 1.401054 210.392487 0 1
105.895287 1.294581 210.421463 0 1
106.303307 1.092030 210.453995 0 1
106.693077 0.883732 210.483170 0 1
107.246834 0.808705 210.519531 0 1
107.852524 0.770711 210.566528 0 1
108.309212 0.774381 210.606369 0 1
108.469833 0.480001 210.630157 0 1
108.812202 0.248525 210.712967 0 1
109.025627 -0.109822 210.828720 0 1
109.222816 -0.478220 210.959656 0 1
109.368317 -0.966282 211.115479 0 1
109.495529 -1.388792 211.261551 0 1
109.728348 -1.780052 211.413452 0 1
109.945763 -2.154612 211.556900 0 1
110.214417 -2.524380 211.713013 0 1
110.499657 -2.858127 211.850861 0 1
110.717438 -3.225480 212.006821 0 1
110.991890 -3.604241 212.194870 0 1
110.918137 -4.056922 212.386871 0 1
111.079346 -4.421129 212.626678 0 1
110.975632 -4.854964 212.710129 1 0
111.188644 -5.326644 212.543900 1 0
110.787704 -5.717124 212.530960 0 1
110.429947 -6.032905 212.810669 0 1
110.250481 -6.151529 213.155380 1 0
110.315567 -6.546662 213.412445 1 0
110.197754 -7.068046 213.654205 0 1
110.066284 -7.567738 213.935989 0 1
109.735428 -7.772562 213.962616 0 1
109.263008 -7.805215 213.882919 0 1
108.785461 -7.827210 213.837616 0 1
108.293610 -7.982403 213.882095 0 1
107.896278 -8.447694 214.094467 0 1
107.459557 -8.667889 214.175293 0 1
107.110985 -8.935800 214.296814 0 1
106.716148 -9.191459 214.412399 0 1
106.285118 -9.473135 214.538437 0 1
105.789566 -9.450666 214.510040 0 1
105.403313 -9.465528 214.542343 0 1
104.896942 -9.539080 214.650955 0 1
104.559662 -9.245909 214.437500 0 1
104.246750 -9.105993 214.358322 0 1
103.879799 -8.864400 214.225754 0 1
103.438438 -8.751896 214.180878 0 1
103.029442 -8.659549 214.141434 0 1
102.640099 -8.464466 214.063080 0 1
102.274391 -8.219686 213.965897 0 1
101.863670 -8.084691 213.923187 0 1
101.561050 -7.816701 213.818710 0 1
101.395393 -7.343857 213.618164 0 1
101.321236 -6.795939 213.391129 0 1
101.182182 -6.365111 213.219193 0 1
100.932739 -6.092314 213.108612 0 1
100.650719 -5.793705 212.992477 0 1
100.382721 -5.469822 212.866180 0 1
99.851265 -5.416941 212.855972 0 1
99.497185 -5.184944 212.791931 0 1
99.274460 -4.965214 212.755951 0 1
99.302025 -4.350468 212.514175 0 1
99.232307 -3.780163 212.360718 0 1
99.130737 -3.251806 212.238602 0 1
99.198814 -2.791538 212.088486 0 1
99.428848 -2.265983 211.872437 0 1
99.864967 -2.113012 211.691696 0 1
100.368721 -1.898900 211.507782 0 1
100.779991 -1.398127 211.311813 0 1
101.185196 -0.874410 211.120621 0 1
101.223785 -0.308520 210.981934 0 1
101.459427 0.188137 210.893951 0 1
101.829254 0.426824 210.812485 0 1
102.413246 0.494065 210.706757 0 1
102.992867 0.606913 210.606644 0 1
103.530830 0.651420 210.541306 0 1
104.142509 0.814886 210.473312 0 1
104.675346 1.035038 210.398712 0 1
105.259438 1.240773 210.389099 0 1
105.713585 1.261837 210.411530 0 1
106.136810 1.046784 210.443207 0 1
106.517326 0.769065 210.485626 0 1
107.103493 0.784798 210.509766 0 1
107.651924 0.717928 210.552643 0 1
108.206787 0.677018 210.595963 0 1
108.432610 0.405217 210.628174 0 1
108.764763 0.196457 210.707138 0 1
108.977974 -0.217522 210.840973 0 1
109.173103 -0.583595 210.973923 0 1
109.361221 -0.969271 211.114914 0 1
109.435127 -1.514490 211.297333 0 1
109.639748 -1.960122 211.469040 0 1
109.907936 -2.264795 211.593140 0 1
110.237549 -2.548535 211.723404 0 1
110.416786 -2.959647 211.884338 0 1
110.661720 -3.344666 212.046829 0 1
110.781921 -3.727381 212.209885 0 1
110.856033 -4.202276 212.441772 0 1
110.935280 -4.498554 212.614105 0 1
110.897514 -4.920145 212.682648 0 1
111.119118 -5.361794 212.536453 1 0
110.719742 -5.716659 212.517822 1 0
110.345703 -5.979941 212.795456 0 1
110.192329 -6.075612 213.115799 0 1
110.282516 -6.544015 213.402023 1 0
110.188728 -6.969959 213.596603 0 1
110.127769 -7.440735 213.864883 0 1
109.779175 -7.692809 213.915543 0 1
109.253960 -7.733400 213.838547 0 1
108.750633 -7.739573 213.795532 0 1
108.264389 -7.962144 213.870911 0 1
107.840965 -8.384522 214.053223 0 1
107.407410 -8.636006 214.153137 0 1
107.044807 -8.925149 214.282349 0 1
106.591103 -9.215238 214.412460 0 1
106.176888 -9.351808 214.453354 0 1
105.713318 -9.471207 214.528061 0 1
105.317940 -9.371131 214.477310 0 1
104.885201 -9.406875 214.537979 0 1
104.553070 -9.211406 214.413635 0 1
104.206764 -9.000419 214.293365 0 1
103.958611 -8.784064 214.182663 0 1
103.452652 -8.667139 214.139526 0 1
102.998337 -8.568488 214.102707 0 1
102.607567 -8.358939 214.019012 0 1
102.264305 -8.122915 213.926834 0 1
101.848648 -7.962198 213.869446 0 1
101.582573 -7.609869 213.727890 0 1
101.524521 -7.130263 213.528778 0 1
101.352524 -6.673797 213.341049 0 1
101.183266 -6.184388 213.144974 0 1
100.904404 -5.912756 213.040421 0 1
100.640236 -5.554653 212.895447 0 1
100.230759 -5.370311 212.826859 0 1
99.732124 -5.315763 212.819458 0 1
99.341698 -5.117384 212.797943 0 1
99.302902 -4.676137 212.623444 0 1
99.333710 -4.154969 212.440720 0 1
99.278824 -3.475857 212.256577 0 1
99.308723 -3.074388 212.131439 0 1
99.338310 -2.524241 211.971024 0 1
99.725609 -2.153980 211.747314 0 1
100.264244 -2.027398 211.562408 0 1
100.719009 -1.550531 211.368347 0 1
101.069115 -1.076263 211.194916 0 1
101.242584 -0.602379 211.032425 0 1
101.409760 -0.048659 210.920624 0 1
101.727562 0.392587 210.833359 0 1
102.346458 0.455040 210.721085 0 1
102.925461 0.497499 210.632416 0 1
103.494980 0.578722 210.563614 0 1
104.059822 0.645722 210.528625 0 1
104.622284 0.941259 210.421371 0 1
105.139252 1.150389 210.389908 0 1
105.651283 1.231115 210.408142 0 1
106.132904 1.037692 210.443268 0 1
106.406357 0.742397 210.484863 0 1
107.015335 0.712655 210.513321 0 1
107.494286 0.670964 210.542618 0 1
107.998978 0.611720 210.582855 0 1
108.341927 0.432224 210.619736 0 1
108.653954 0.137614 210.694427 0 1
108.889351 -0.206381 210.820831 0 1
109.092789 -0.626274 210.974548 0 1
109.232300 -1.082204 211.131027 0 1
109.372665 -1.549273 211.304932 0 1
109.597733 -2.001565 211.482178 0 1
109.862442 -2.316193 211.610031 0 1
110.181709 -2.637574 211.752319 0 1
110.408836 -3.083955 211.931686 0 1
110.597931 -3.443531 212.082825 0 1
110.768929 -3.808333 212.242828 0 1
110.817467 -4.305719 212.477768 0 1
110.812073 -4.650423 212.649475 0 1
110.947578 -5.029668 212.549408 1 0
111.012711 -5.436430 212.511841 0 1
110.531891 -5.830350 212.579361 1 0
110.083481 -5.940717 212.996414 1 0
110.156815 -6.356801 213.273972 1 0
110.252792 -6.814262 213.537674 1 0
110.078377 -7.252357 213.709335 0 1
109.849533 -7.534502 213.812317 0 1
109.362961 -7.716475 213.845978 0 1
108.961853 -7.652370 213.768204 0 1
108.458832 -7.798840 213.811127 0 1
107.983185 -8.152650 213.947479 0 1
107.523956 -8.422800 214.055725 0 1
107.140114 -8.827837 214.238388 0 1
106.693352 -9.033148 214.319275 0 1
106.309868 -9.295198 214.436752 0 1
105.790016 -9.348285 214.449203 0 1
105.333557 -9.359439 214.469315 0 1
104.940971 -9.332793 214.475220 0 1
104.591148 -9.125566 214.353958 0 1
104.233543 -8.968348 214.273834 0 1
103.880020 -8.680136 214.139008 0 1
103.382530 -8.620660 214.119034 0 1
102.989563 -8.523947 214.083939 0 1
102.610054 -8.261522 213.979507 0 1
102.251175 -8.027389 213.886993 0 1
101.793427 -7.942743 213.862442 0 1
101.653831 -7.428496 213.648087 0 1
101.507828 -6.952718 213.451431 0 1
101.364578 -6.462994 213.254990 0 1
101.162270 -6.107633 213.113571 0 1
100.893150 -5.763358 212.978729 0 1
100.627060 -5.429794 212.844620 0 1
100.150520 -5.270198 212.786407 0 1
99.675179 -5.221212 212.777878 0 1
99.428932 -4.922478 212.679916 0 1
99.399223 -4.294461 212.469452 0 1
99.308502 -3.753229 212.330414 0 1
99.231308 -3.189267 212.191895 0 1
99.341118 -2.696400 212.016678 0 1
99.686882 -2.274144 211.790512 0 1
100.259933 -2.122515 211.593170 0 1
100.726303 -1.606469 211.386551 0 1
101.165695 -1.035317 211.179260 0 1
101.364677 -0.556464 211.011063 0 1
101.501526 0.032580 210.900909 0 1
102.052063 0.335485 210.780197 0 1
102.629021 0.404281 210.683105 0 1
103.176544 0.470524 210.609985 0 1
103.688194 0.566705 210.560638 0 1
104.223328 0.784629 210.477951 0 1
104.749939 0.930012 210.423370 0 1
105.324974 1.157068 210.396622 0 1
105.785812 1.092565 210.423279 0 1
106.151360 0.838634 210.460648 0 1
106.590134 0.650724 210.499344 0 1
107.129684 0.631136 210.526810 0 1
107.652946 0.586649 210.556107 0 1
108.207825 0.576103 210.600830 0 1
108.470215 0.239219 210.652176 0 1
108.754036 -0.104633 210.773712 0 1
108.979019 -0.473176 210.914780 0 1
109.185783 -0.952180 211.086426 0 1
109.314117 -1.456927 211.270950 0 1
109.487762 -1.844873 211.416245 0 1
109.780128 -2.214612 211.567596 0 1
109.995827 -2.641134 211.737854 0 1
110.337593 -2.922526 211.863693 0 1
110.486969 -3.386506 212.054520 0 1
110.663437 -3.727717 212.201172 0 1
110.723007 -4.263652 212.434647 0 1
110.762932 -4.695645 212.653595 0 1
110.860138 -4.987883 212.616287 1 0
110.811455 -5.464306 212.469223 1 0
110.396736 -5.832961 212.613815 0 1
110.032280 -5.961754 213.067230 1 0
110.168190 -6.504196 213.353363 1 0
110.046738 -6.956635 213.541611 0 1
109.929726 -7.395037 213.741165 0 1
109.454102 -7.734045 213.871399 0 1
109.034355 -7.582028 213.742767 0 1
108.538612 -7.652424 213.747681 0 1
108.048332 -7.978348 213.869659 0 1
107.589874 -8.300952 214.002594 0 1
107.144684 -8.726176 214.188461 0 1
106.689407 -8.959658 214.281876 0 1
106.273590 -9.234918 214.402222 0 1
105.756241 -9.281698 214.414642 0 1
105.259354 -9.274076 214.420380 0 1
104.892670 -9.197581 214.386673 0 1
104.543388 -9.035506 214.302017 0 1
104.129623 -8.835885 214.208282 0 1
103.741989 -8.646783 214.122559 0 1
103.254242 -8.543659 214.087738 0 1
102.872467 -8.387210 214.027298 0 1
102.644760 -8.065340 213.896729 0 1
102.107582 -8.008193 213.883057 0 1
101.760147 -7.775974 213.795135 0 1
101.616272 -7.290116 213.590179 0 1
101.520729 -6.858272 213.412292 0 1
101.411766 -6.347180 213.205078 0 1
101.233749 -5.946961 213.046661 0 1
100.923744 -5.649777 212.933884 0 1
100.625305 -5.358635 212.817780 0 1
100.216736 -5.173816 212.749054 0 1
99.712494 -5.145825 212.739548 0 1
99.467941 -4.758577 212.604050 0 1
99.440506 -4.158569 212.414490 0 1
99.333809 -3.544183 212.260345 0 1
99.421471 -2.959425 212.063919 0 1
99.477745 -2.431234 211.897644 0 1
99.981483 -2.223043 211.685669 0 1
100.540009 -1.902945 211.497696 0 1
100.998459 -1.402237 211.304443 0 1
101.344620 -0.914032 211.126389 0 1
101.383400 -0.377279 210.971527 0 1
101.771431 0.113852 210.846588 0 1
102.303024 0.301879 210.742523 0 1
102.858643 0.344784 210.666428 0 1
103.424049 0.420487 210.612350 0 1
103.981628 0.571957 210.552505 0 1
104.533142 0.812330 210.463577 0 1
105.094849 0.999052 210.408447 0 1
105.546036 1.016899 210.417526 0 1
105.970520 0.885449 210.449966 0 1
106.344704 0.629962 210.500748 0 1
106.927444 0.603748 210.520859 0 1
107.404243 0.536807 210.550674 0 1
107.912926 0.517040 210.583771 0 1
108.240555 0.259609 210.634506 0 1
108.513443 -0.027483 210.732590 0 1
108.786446 -0.352668 210.851990 0 1
108.983696 -0.742178 211.001068 0 1
109.154503 -1.155026 211.151840 0 1
109.318817 -1.703758 211.354568 0 1
109.498489 -2.047834 211.492508 0 1
109.788086 -2.422419 211.645676 0 1
110.054993 -2.746817 211.783524 0 1
110.301941 -3.151317 211.949280 0 1
110.472824 -3.526471 212.106339 0 1
110.641266 -3.857742 212.249969 0 1
110.698532 -4.391457 212.483582 0 1
110.752831 -4.842785 212.707275 1 0
110.811317 -5.242616 212.467102 1 0
110.507889 -5.687498 212.495316 0 1
110.044334 -5.886950 212.905396 1 0
109.986511 -6.367988 213.263412 1 0
110.015488 -6.850964 213.484497 0 1
109.823593 -7.387743 213.714340 0 1
109.364975 -7.518282 213.730621 0 1
108.899796 -7.518421 213.702759 0 1
108.340508 -7.702329 213.763809 0 1
107.930161 -8.088913 213.916809 0 1
107.446701 -8.370162 214.029602 0 1
106.992653 -8.693464 214.165939 0 1
106.535347 -9.033151 214.311234 0 1
106.063248 -9.136829 214.350693 0 1
105.581345 -9.222412 214.386322 0 1
105.079216 -9.271958 214.425049 0 1
104.765289 -9.064325 214.312714 0 1
104.435959 -8.827619 214.202454 0 1
104.030037 -8.631877 214.116241 0 1
103.604912 -8.502963 214.062134 0 1
103.178207 -8.368048 214.012238 0 1
102.809097 -8.160591 213.930817 0 1
102.459656 -7.909176 213.834717 0 1
102.019104 -7.790812 213.794022 0 1
101.748329 -7.496179 213.674652 0 1
101.662163 -6.913476 213.433563 0 1
101.486641 -6.465465 213.253922 0 1
101.320396 -6.029025 213.079285 0 1
101.045265 -5.696290 212.949921 0 1
100.725822 -5.403005 212.833267 0 1
100.338638 -5.216184 212.762222 0 1
99.856049 -5.134969 212.732758 0 1
99.500412 -4.860829 212.638245 0 1
99.496254 -4.323196 212.453476 0 1
99.436272 -3.667233 212.263824 0 1
99.384727 -3.150230 212.129227 0 1
99.510674 -2.565454 211.923233 0 1
99.973892 -2.338269 211.721008 0 1
100.423462 -2.122465 211.573303 0 1
100.929062 -1.511233 211.345673 0 1
101.306473 -1.068663 211.184326 0 1
101.488228 -0.429098 210.968857 0 1
101.675674 0.034863 210.870148 0 1
102.248192 0.205199 210.763550 0 1
102.797859 0.314373 210.678482 0 1
103.361458 0.337095 210.638763 0 1
103.932785 0.460668 210.587738 0 1
104.499237 0.767483 210.479019 0 1
105.030098 0.927000 210.423676 0 1
105.553932 0.968575 210.423828 0 1
105.991745 0.818680 210.459396 0 1
106.319168 0.531868 210.523743 0 1
106.942192 0.549201 210.529358 0 1
107.413292 0.462908 210.561005 0 1
107.930023 0.437069 210.590240 0 1
108.243423 0.160429 210.659409 0 1
108.543884 -0.170826 210.782547 0 1
108.741165 -0.543355 210.916885 0 1
109.029060 -0.914914 211.062988 0 1
109.136116 -1.351556 211.220337 0 1
109.288605 -1.850891 211.406143 0 1
109.597481 -2.196691 211.550430 0 1
109.754784 -2.653471 211.730850 0 1
110.082581 -2.958586 211.866730 0 1
110.265060 -3.340276 212.022217 0 1
110.522598 -3.707493 212.185898 0 1
110.553925 -4.140043 212.361725 0 1
110.590652 -4.629538 212.577179 0 1
110.654076 -5.089091 212.576355 0 1
110.591545 -5.516965 212.450348 1 0
110.234703 -5.824648 212.647690 0 1
109.942825 -6.054529 213.121307 1 0
109.984138 -6.501769 213.324158 1 0
109.930298 -7.051536 213.564590 0 1
109.657860 -7.530424 213.769196 0 1
109.197701 -7.474173 213.702286 0 1
108.611885 -7.497791 213.681107 0 1
108.168869 -7.744844 213.775696 0 1
107.734123 -8.136773 213.931000 0 1
107.281967 -8.484962 214.072876 0 1
106.881485 -8.694405 214.162369 0 1
106.412811 -8.957456 214.277023 0 1
105.930000 -9.089713 214.324326 0 1
105.499802 -9.144144 214.347641 0 1
105.018799 -9.148575 214.353653 0 1
104.645813 -8.927540 214.249603 0 1
104.288139 -8.663138 214.121277 0 1
103.903969 -8.510111 214.066910 0 1
103.389603 -8.413774 214.028015 0 1
103.057915 -8.250604 213.965332 0 1
102.720558 -7.944921 213.844772 0 1
102.263580 -7.871340 213.818741 0 1
101.875381 -7.700718 213.757935 0 1
101.780479 -7.112599 213.512375 0 1
101.603943 -6.628170 213.313980 0 1
101.472641 -6.141259 213.120850 0 1
101.265610 -5.735357 212.956039 0 1
100.954903 -5.454309 212.855774 0 1
100.590668 -5.215508 212.761993 0 1
100.159554 -5.084058 212.711807 0 1
99.690498 -4.935898 212.653275 0 1
99.592224 -4.495878 212.488174 0 1
99.516861 -3.919525 212.320862 0 1
99.558182 -3.333069 212.131561 0 1
99.537865 -2.716470 211.957794 0 1
99.910866 -2.431479 211.764130 0 1
100.420090 -2.260254 211.619370 0 1
100.819626 -1.676001 211.405472 0 1
101.284927 -1.173619 211.220520 0 1
101.545219 -0.600588 211.014374 0 1
101.682602 -0.018216 210.874832 0 1
102.186852 0.102125 210.787674 0 1
102.791382 0.213288 210.701874 0 1
103.347351 0.288692 210.653931 0 1
103.917252 0.427299 210.598557 0 1
104.475235 0.661047 210.511139 0 1
104.999863 0.870211 210.438156 0 1
105.541824 0.945225 210.427170 0 1
105.956802 0.751087 210.467239 0 1
106.311188 0.506195 210.530228 0 1
106.926399 0.474244 210.544220 0 1
107.374931 0.403292 210.569763 0 1
107.904854 0.364542 210.598328 0 1
108.250443 0.100683 210.675613 0 1
108.491951 -0.269500 210.810471 0 1
108.704689 -0.649003 210.952240 0 1
108.982452 -1.030061 211.097580 0 1
109.129753 -1.499602 211.270370 0 1
109.264534 -1.903515 211.424744 0 1
109.557510 -2.326439 211.597794 0 1
109.770683 -2.733969 211.761810 0 1
110.131302 -2.989495 211.880676 0 1
110.263916 -3.495260 212.082474 0 1
110.477623 -3.844877 212.235840 0 1
110.487373 -4.452870 212.485992 0 1
110.645828 -4.914543 212.707199 1 0
110.657738 -5.377378 212.435577 0 1
110.312492 -5.697136 212.535858 1 0
109.906921 -5.864531 213.031647 1 0
109.857147 -6.417296 213.271896 0 1
109.907562 -6.785622 213.441986 0 1
109.735909 -7.292414 213.653244 0 1
109.308990 -7.448312 213.697144 0 1
108.773216 -7.435751 213.662994 0 1
108.284355 -7.538217 213.683868 0 1
107.835190 -7.999866 213.872940 0 1
107.409523 -8.289632 213.992905 0 1
106.935539 -8.602494 214.121933 0 1
106.469048 -8.858982 214.232285 0 1
105.996536 -9.025696 214.295029 0 1
105.451546 -9.080085 214.317093 0 1
105.011559 -8.985866 214.267715 0 1
104.608261 -8.830361 214.204193 0 1
104.276772 -8.586152 214.091019 0 1
103.895508 -8.352519 213.997055 0 1
103.357491 -8.378147 214.013092 0 1
103.076431 -8.094340 213.897385 0 1
102.760971 -7.860135 213.805527 0 1
102.225807 -7.771501 213.780075 0 1
101.908966 -7.555649 213.697617 0 1
101.780838 -6.986319 213.463242 0 1
101.608345 -6.531019 213.276337 0 1
101.519211 -6.021679 213.071747 0 1
101.210342 -5.684617 212.938705 0 1
100.914902 -5.366751 212.819977 0 1
100.591194 -5.039763 212.691483 0 1
100.101974 -5.037289 212.692352 0 1
99.714211 -4.846641 212.617950 0 1
99.658203 -4.345881 212.428101 0 1
99.532448 -3.767977 212.271103 0 1
99.582870 -3.140126 212.066528 0 1
99.636154 -2.555384 211.882385 0 1
100.170006 -2.372988 211.684174 0 1
100.605247 -2.017725 211.534225 0 1
101.092613 -1.490620 211.334778 0 1
101.547394 -0.927811 211.121231 0 1
101.590988 -0.325670 210.936707 0 1
102.090027 0.085518 210.802856 0 1
102.642937 0.193624 210.718338 0 1
103.208771 0.251119 210.668976 0 1
103.758842 0.282524 210.642090 0 1
104.319984 0.555727 210.545486 0 1
104.837433 0.717941 210.483383 0 1
105.345139 0.847986 210.441574 0 1
105.835556 0.720309 210.471603 0 1
106.165886 0.457162 210.545898 0 1
106.740532 0.406896 210.556305 0 1
107.207840 0.330886 210.584641 0 1
107.744247 0.277666 210.610153 0 1
108.125809 0.075587 210.681320 0 1
108.433723 -0.271000 210.809402 0 1
108.623718 -0.597397 210.930145 0 1
108.898026 -1.028285 211.092453 0 1
109.055702 -1.457276 211.253159 0 1
109.155807 -1.919157 211.426346 0 1
109.340714 -2.336561 211.590469 0 1
109.595482 -2.709602 211.744934 0 1
109.914047 -3.001490 211.871765 0 1
110.155914 -3.357822 212.022964 0 1
110.338959 -3.820835 212.216660 0 1
110.483955 -4.261670 212.406296 0 1
110.487129 -4.756535 212.615021 0 1
110.604790 -5.154253 212.525665 1 0
110.293854 -5.522293 212.465729 1 0
110.033882 -5.830788 212.777405 1 0
109.851166 -6.057039 213.117371 1 0
109.823723 -6.516131 213.312073 0 1
109.777939 -7.024762 213.539047 0 1
109.626694 -7.424892 213.708710 0 1
109.116104 -7.360472 213.647873 0 1
108.581596 -7.337655 213.613693 0 1
108.123276 -7.608620 213.711868 0 1
107.669037 -7.987164 213.866058 0 1
107.219185 -8.356483 214.015411 0 1
106.729996 -8.608560 214.118729 0 1
106.295311 -8.943489 214.265259 0 1
105.791832 -9.020960 214.292328 0 1
105.238869 -9.024931 214.290665 0 1
104.872017 -8.796496 214.185364 0 1
104.494011 -8.647625 214.119659 0 1
104.200325 -8.402622 214.012375 0 1
103.765945 -8.291504 213.966248 0 1
103.323959 -8.196231 213.934082 0 1
102.936676 -7.965715 213.845993 0 1
102.549248 -7.733439 213.754929 0 1
102.088081 -7.624223 213.724457 0 1
101.907036 -7.162203 213.533005 0 1
101.772346 -6.662570 213.326218 0 1
101.688553 -6.123040 213.110168 0 1
101.438782 -5.761958 212.965836 0 1
101.151779 -5.471552 212.857346 0 1
100.856346 -5.122020 212.717606 0 1
100.469620 -4.926776 212.647476 0 1
99.879868 -4.946645 212.653152 0 1
99.708916 -4.547182 212.497696 0 1
99.631355 -4.015157 212.324326 0 1
99.613037 -3.359041 212.124573 0 1
99.652641 -2.903269 211.977463 0 1
99.975830 -2.542006 211.778748 0 1
100.505440 -2.298160 211.629929 0 1
100.900795 -1.723530 211.418106 0 1
101.345673 -1.254796 211.244858 0 1
101.612900 -0.711671 211.047119 0 1
101.775505 -0.118058 210.876877 0 1
102.348015 0.061671 210.773911 0 1
102.916351 0.092703 210.730515 0 1
103.503014 0.191050 210.680954 0 1
104.057213 0.298652 210.634125 0 1
104.571579 0.577011 210.535812 0 1
105.100769 0.737980 210.473602 0 1
105.649857 0.725909 210.471725 0 1
106.004936 0.471115 210.540115 0 1
106.481987 0.343896 210.577957 0 1
106.989708 0.247251 210.606689 0 1
107.547386 0.240236 210.615524 0 1
108.008591 0.087935 210.675339 0 1
108.307777 -0.131585 210.757507 0 1
108.504616 -0.559505 210.913605 0 1
108.781868 -0.911294 211.047241 0 1
108.899033 -1.367263 211.214645 0 1
108.978050 -1.858020 211.393173 0 1
109.252525 -2.245713 211.553818 0 1
109.517624 -2.616309 211.704758 0 1
109.802452 -2.954211 211.848419 0 1
110.042053 -3.327971 212.006943 0 1
110.264214 -3.758019 212.186523 0 1
110.328453 -4.197754 212.370163 0 1
110.417389 -4.723549 212.591690 0 1
110.434639 -5.191284 212.571106 1 0
110.360497 -5.414564 212.438400 1 0
110.016777 -5.660727 212.623138 1 0
109.872780 -5.737666 212.966492 1 0
109.777611 -6.291134 213.213318 1 0
109.803574 -6.688785 213.389938 0 1
109.690971 -7.189535 213.602341 0 1
109.225578 -7.316671 213.634155 0 1
108.679123 -7.297964 213.596939 0 1
108.157013 -7.489670 213.660431 0 1
107.776596 -7.925745 213.837738 0 1
107.291588 -8.261930 213.973679 0 1
106.794044 -8.511551 214.077866 0 1
106.385056 -8.780386 214.194641 0 1
105.880936 -8.863815 214.219025 0 1
105.310226 -8.965554 214.264618 0 1
104.978401 -8.806936 214.188675 0 1
104.589951 -8.594367 214.094391 0 1
104.243416 -8.279750 213.957260 0 1
103.730782 -8.263716 213.952591 0 1
103.312401 -8.091348 213.887329 0 1
102.904198 -7.947870 213.839249 0 1
102.603149 -7.666608 213.726761 0 1
102.147461 -7.533255 213.683182 0 1
101.921143 -7.124495 213.515884 0 1
101.799835 -6.592083 213.298279 0 1
101.714447 -6.057680 213.083328 0 1
101.483078 -5.687158 212.937393 0 1
101.177216 -5.390600 212.823608 0 1
100.882423 -5.067485 212.694687 0 1
100.453308 -4.896871 212.635239 0 1
99.943474 -4.873800 212.624908 0 1
99.777130 -4.434669 212.449295 0 1
99.671738 -3.861930 212.262115 0 1
99.742989 -3.307830 212.073410 0 1
99.701530 -2.665664 211.895264 0 1
100.139435 -2.489836 211.720642 0 1
100.640099 -2.200698 211.591980 0 1
101.064102 -1.708192 211.410416 0 1
101.527390 -1.097056 211.181442 0 1
101.748924 -0.494461 210.970718 0 1
102.005974 -0.057306 210.835876 0 1
102.595497 0.070800 210.754105 0 1
103.172157 0.119826 210.712036 0 1
103.729790 0.174544 210.677734 0 1
104.285675 0.392812 210.597794 0 1
104.814659 0.542229 210.539932 0 1
105.360992 0.759340 210.460770 0 1
105.760262 0.535959 210.524658 0 1
106.146370 0.327993 210.585434 0 1
106.707855 0.331966 210.578018 0 1
107.164444 0.151928 210.635956 0 1
107.771385 0.157910 210.647781 0 1
108.118767 -0.042323 210.721176 0 1
108.343094 -0.469888 210.875244 0 1
108.642143 -0.815532 211.009430 0 1
108.753799 -1.318150 211.188675 0 1
108.913849 -1.746408 211.346405 0 1
109.059639 -2.128620 211.498337 0 1
109.388870 -2.421558 211.623871 0 1
109.534027 -2.930587 211.824692 0 1
109.885506 -3.163194 211.932907 0 1
110.013580 -3.589570 212.107529 0 1
110.258430 -4.001732 212.286041 0 1
110.327354 -4.416211 212.461029 0 1
110.411758 -4.951448 212.685349 1 0
110.530060 -5.236887 212.473404 1 0
110.088684 -5.562838 212.542038 0 1
109.952377 -5.671049 212.811081 1 0
109.708794 -5.887740 213.034073 1 0
109.659973 -6.455164 213.278290 0 1
109.653984 -6.896134 213.470810 0 1
109.473755 -7.202490 213.596771 0 1
108.908623 -7.237940 213.582504 0 1
108.375145 -7.327325 213.600235 0 1
107.923721 -7.649478 213.724747 0 1
107.462372 -7.936142 213.835632 0 1
107.007576 -8.387072 214.023651 0 1
106.560089 -8.627189 214.124268 0 1
106.073456 -8.808204 214.199173 0 1
105.561211 -8.903739 214.234726 0 1
105.109764 -8.727768 214.155518 0 1
104.669327 -8.600303 214.098358 0 1
104.381310 -8.329819 213.982010 0 1
103.929924 -8.167987 213.916229 0 1
103.516998 -8.040196 213.863754 0 1
103.088455 -7.886539 213.810654 0 1
102.708435 -7.655811 213.721252 0 1
102.342545 -7.467824 213.653793 0 1
102.035225 -7.180894 213.537613 0 1
101.893616 -6.633855 213.311981 0 1
101.821777 -6.156568 213.120911 0 1
101.630173 -5.702285 212.938019 0 1
101.315102 -5.398971 212.823776 0 1
101.009979 -5.081783 212.699539 0 1
100.606651 -4.901707 212.635147 0 1
100.071617 -4.845888 212.614609 0 1
99.797005 -4.490789 212.470535 0 1
99.744812 -3.945297 212.275696 0 1
99.779839 -3.361069 212.082031 0 1
99.770645 -2.827541 211.921066 0 1
100.155128 -2.615131 211.760727 0 1
100.584084 -2.399557 211.662811 0 1
100.961784 -1.815235 211.448547 0 1
101.435806 -1.289374 211.253738 0 1
101.806313 -0.691156 211.031006 0 1
101.898140 -0.204907 210.877441 0 1
102.436272 -0.092270 210.810760 0 1
103.009850 0.020021 210.749420 0 1
103.596420 0.042067 210.723221 0 1
104.141083 0.204969 210.659271 0 1
104.711121 0.405119 210.585190 0 1
105.236023 0.650145 210.495422 0 1
105.642105 0.471588 210.546387 0 1
106.053650 0.253134 210.612213 0 1
106.626282 0.217867 210.614410 0 1
107.093353 0.101746 210.653366 0 1
107.674606 0.135100 210.652756 0 1
107.970810 -0.131418 210.747284 0 1
108.317680 -0.413541 210.856628 0 1
108.565399 -0.809523 211.003738 0 1
108.709465 -1.276976 211.173248 0 1
108.887794 -1.688941 211.324707 0 1
108.970001 -2.067708 211.471344 0 1
109.171921 -2.488724 211.635788 0 1
109.476860 -2.821135 211.780594 0 1
109.723991 -3.147966 211.919815 0 1
109.994667 -3.491416 212.065552 0 1
110.204803 -3.849986 212.220505 0 1
110.299911 -4.307836 212.414307 0 1
110.311363 -4.849854 212.635788 0 1
110.279350 -5.346133 212.480331 1 0
110.048714 -5.570580 212.577393 0 1
109.713982 -5.607733 212.916550 1 0
109.606102 -6.181312 213.155075 0 1
109.573868 -6.710546 213.384323 0 1
109.447411 -7.137083 213.570053 0 1
108.893204 -7.169811 213.551239 0 1
108.378563 -7.255171 213.569885 0 1
107.949089 -7.585763 213.695328 0 1
107.425316 -7.883559 213.811050 0 1
106.995453 -8.314119 213.992172 0 1
106.522484 -8.535580 214.080246 0 1
106.040466 -8.752043 214.172623 0 1
105.618904 -8.814373 214.193344 0 1
105.151054 -8.743383 214.162216 0 1
104.746605 -8.574917 214.089172 0 1
104.487236 -8.247969 213.945267 0 1
104.073944 -8.130701 213.900009 0 1
103.545273 -8.115810 213.895325 0 1
103.226906 -7.861878 213.796204 0 1
102.874229 -7.598107 213.694885 0 1
102.399246 -7.525014 213.675674 0 1
102.086624 -7.226027 213.555954 0 1
101.983238 -6.682073 213.329544 0 1
101.864311 -6.201032 213.137955 0 1
101.733475 -5.754583 212.954132 0 1
101.493927 -5.436728 212.833450 0 1
101.159813 -5.129717 212.718689 0 1
100.850182 -4.864050 212.615143 0 1
100.381012 -4.769322 212.584137 0 1
99.945427 -4.642978 212.530991 0 1
99.848396 -4.131165 212.334244 0 1
99.725838 -3.586406 212.163910 0 1
99.779419 -2.988827 211.967484 0 1
100.088249 -2.656916 211.784973 0 1
100.574478 -2.525608 211.710144 0 1
100.956459 -1.934644 211.488083 0 1
101.416458 -1.419478 211.298965 0 1
101.834038 -0.833952 211.078903 0 1
101.878464 -0.282783 210.898087 0 1
102.430809 -0.102448 210.813965 0 1
103.019051 -0.093951 210.787369 0 1
103.589218 0.022044 210.729980 0 1
104.116707 0.098390 210.691650 0 1
104.708717 0.392233 210.589203 0 1
105.205025 0.549764 210.528259 0 1
105.593430 0.405346 210.565994 0 1
105.985504 0.209633 210.626831 0 1
106.554558 0.197489 210.621628 0 1
107.061737 0.058037 210.668716 0 1
107.633606 0.051949 210.679825 0 1
108.017662 -0.170256 210.760910 0 1
108.259521 -0.486688 210.878662 0 1
108.516129 -0.902471 211.033661 0 1
108.652168 -1.384676 211.208420 0 1
108.802666 -1.754349 211.346985 0 1
108.960770 -2.185786 211.514374 0 1
109.190056 -2.549673 211.659851 0 1
109.413223 -2.971329 211.835144 0 1
109.718903 -3.329521 211.988724 0 1
109.894661 -3.693945 212.143158 0 1
110.128136 -4.080801 212.312347 0 1
110.135406 -4.494565 212.477600 0 1
110.302307 -5.068404 212.712036 1 0
110.011292 -5.385540 212.709671 0 1
109.805183 -5.467803 212.849686 1 0
109.556686 -6.047756 213.098160 0 1
109.487160 -6.555023 213.312805 0 1
109.491028 -7.050066 213.534561 0 1
108.952126 -7.067833 213.511139 0 1
108.437103 -7.065569 213.484573 0 1
107.960976 -7.445444 213.633606 0 1
107.530502 -7.779036 213.769684 0 1
107.067055 -8.201789 213.944717 0 1
106.601799 -8.416663 214.032028 0 1
106.137222 -8.686893 214.146561 0 1
105.584717 -8.782065 214.179459 0 1
105.159393 -8.641802 214.117203 0 1
104.757576 -8.461056 214.037949 0 1
104.418686 -8.107590 213.883850 0 1
104.013214 -8.025518 213.853455 0 1
103.471840 -7.896207 213.805725 0 1
103.150467 -7.755990 213.754089 0 1
102.810738 -7.475912 213.644745 0 1
102.384781 -7.360551 213.609207 0 1
102.088524 -6.985186 213.452942 0 1
101.991119 -6.504867 213.257690 0 1
101.941017 -6.001887 213.054825 0 1
101.712875 -5.597122 212.894257 0 1
101.392082 -5.295951 212.779984 0 1
101.109070 -4.950551 212.647934 0 1
100.688370 -4.744698 212.571640 0 1
100.219017 -4.677321 212.550400 0 1
100.002213 -4.349454 212.413757 0 1
99.827072 -3.848364 212.228027 0 1
99.847145 -3.333918 212.054871 0 1
99.920586 -2.813377 211.874802 0 1
100.455147 -2.624685 211.746857 0 1
100.855476 -2.215450 211.593842 0 1
101.235870 -1.711334 211.405106 0 1
101.667725 -1.140746 211.194305 0 1
101.932549 -0.535087 210.973602 0 1
102.254898 -0.262390 210.868988 0 1
102.796097 -0.140998 210.810852 0 1
103.363785 -0.040518 210.756668 0 1
103.913162 0.071214 210.707993 0 1
104.447632 0.271688 210.628799 0 1
105.024567 0.404783 210.578323 0 1
105.423630 0.441220 210.556305 0 1
105.831558 0.258160 210.608902 0 1
106.300636 0.146316 210.637924 0 1
106.799751 0.078842 210.660004 0 1
107.340065 -0.035682 210.704651 0 1
107.778992 -0.196940 210.767288 0 1
108.133804 -0.425948 210.850937 0 1
108.333984 -0.862182 211.008499 0 1
108.524483 -1.274452 211.163986 0 1
108.688454 -1.682758 211.316193 0 1
108.780449 -2.100256 211.476654 0 1
109.068352 -2.474069 211.627945 0 1
109.327087 -2.849276 211.782043 0 1
109.611481 -3.197988 211.932083 0 1
109.846611 -3.546967 212.080322 0 1
110.034248 -3.948660 212.250732 0 1
110.119987 -4.414330 212.444305 0 1
110.212852 -4.939538 212.668137 0 1
109.945915 -5.371144 212.768112 1 0
109.633667 -5.736414 212.961823 1 0
109.504883 -6.250865 213.180588 0 1
109.453964 -6.786131 213.411575 0 1
109.199898 -7.046898 213.511887 0 1
108.614883 -7.064815 213.493759 0 1
108.176003 -7.144663 213.509781 0 1
107.733597 -7.685967 213.732574 0 1
107.251694 -7.953773 213.837967 0 1
106.839317 -8.276478 213.971527 0 1
106.366409 -8.476742 214.053833 0 1
105.853539 -8.644941 214.121201 0 1
105.339645 -8.703257 214.145554 0 1
104.931778 -8.484995 214.047470 0 1
104.593109 -8.274168 213.955017 0 1
104.225525 -8.039375 213.856201 0 1
103.708275 -8.012276 213.849594 0 1
103.387550 -7.714594 213.731232 0 1
103.003845 -7.490423 213.647644 0 1
102.518143 -7.402719 213.621613 0 1
102.169647 -7.153620 213.523056 0 1
102.108009 -6.641484 213.310760 0 1
102.009521 -6.267764 213.158310 0 1
101.960922 -5.840726 212.988083 0 1
101.674194 -5.479546 212.846725 0 1
101.357346 -5.157977 212.725250 0 1
101.096764 -4.838681 212.603836 0 1
100.666550 -4.614803 212.517075 0 1
100.156181 -4.602882 212.518494 0 1
99.988884 -4.188303 212.353836 0 1
99.865067 -3.665890 212.159851 0 1
99.969536 -3.037597 211.935913 0 1
100.239304 -2.761031 211.806671 0 1
100.716553 -2.514260 211.703323 0 1
101.028061 -1.942048 211.489594 0 1
101.506401 -1.444520 211.305374 0 1
101.947159 -0.851139 211.082703 0 1
101.991966 -0.312045 210.897888 0 1
102.561073 -0.277687 210.863785 0 1
103.096275 -0.165732 210.809692 0 1
103.675636 -0.120674 210.776001 0 1
104.209793 0.077690 210.694778 0 1
104.766701 0.231598 210.638580 0 1
105.322174 0.448378 210.555725 0 1
105.694672 0.221977 210.621124 0 1
106.162277 0.080517 210.662277 0 1
106.678322 -0.003156 210.689087 0 1
107.202530 -0.083309 210.715637 0 1
107.679047 -0.183970 210.759033 0 1
108.029213 -0.457217 210.858246 0 1
108.246849 -0.891251 211.017242 0 1
108.451157 -1.216349 211.141418 0 1
108.626572 -1.708679 211.324020 0 1
108.760994 -2.184095 211.506317 0 1
109.006218 -2.537457 211.646484 0 1
109.271355 -2.901553 211.797516 0 1
109.571053 -3.251869 211.950790 0 1
109.724915 -3.597484 212.094757 0 1
110.004311 -3.994576 212.266922 0 1
109.983063 -4.500735 212.471939 0 1
110.186424 -5.010978 212.694244 1 0
109.768257 -5.354842 212.814453 1 0
109.427872 -5.992628 213.063461 0 1
109.332260 -6.354792 213.199432 0 1
109.359734 -6.901128 213.457962 0 1
108.924278 -6.973280 213.467285 0 1
108.400696 -6.988123 213.449387 0 1
107.920448 -7.373303 213.604919 0 1
107.509666 -7.653773 213.715973 0 1
107.028656 -7.971064 213.839462 0 1
106.642761 -8.288622 213.975708 0 1
106.135086 -8.548794 214.083725 0 1
105.592133 -8.599669 214.098175 0 1
105.213562 -8.437005 214.024460 0 1
104.838684 -8.265883 213.944351 0 1
104.558243 -7.966269 213.820755 0 1
104.007187 -7.922689 213.808319 0 1
103.549049 -7.818998 213.771591 0 1
103.223633 -7.587387 213.680038 0 1
102.891159 -7.358718 213.591736 0 1
102.479530 -7.235410 213.549271 0 1
102.220985 -6.915238 213.423538 0 1
102.094528 -6.473160 213.241211 0 1
102.070953 -5.990173 213.047211 0 1
101.889183 -5.597645 212.890121 0 1
101.606445 -5.287863 212.773697 0 1
101.320351 -4.955221 212.644943 0 1
100.972694 -4.682236 212.541061 0 1
100.521446 -4.537766 212.492447 0 1
100.083046 -4.351010 212.414001 0 1
99.937737 -3.844793 212.219864 0 1
100.016098 -3.272640 212.004852 0 1
100.229927 -2.838844 211.834473 0 1
100.706009 -2.676738 211.765457 0 1
100.967186 -2.187933 211.581955 0 1
101.414459 -1.686885 211.394241 0 1
101.732109 -1.204420 211.215179 0 1
102.063812 -0.597330 210.994904 0 1
102.317886 -0.376651 210.906845 0 1
102.877754 -0.244747 210.839935 0 1
103.455025 -0.170543 210.799103 0 1
104.009506 -0.046225 210.742126 0 1
104.517509 0.173996 210.660645 0 1
105.093025 0.362160 210.591660 0 1
105.498543 0.199794 210.634262 0 1
105.938065 -0.001930 210.691971 0 1
106.472794 -0.038966 210.698471 0 1
106.981934 -0.127268 210.730408 0 1
107.556557 -0.122333 210.734711 0 1
107.854675 -0.443159 210.852631 0 1
108.153976 -0.725864 210.962448 0 1
108.383919 -1.166564 211.124039 0 1
108.532066 -1.607934 211.284317 0 1
108.667625 -2.127622 211.479904 0 1
108.883339 -2.501238 211.632339 0 1
109.196724 -2.807242 211.759033 0 1
109.386559 -3.316764 211.964340 0 1
109.721809 -3.557034 212.078247 0 1
109.862663 -3.975319 212.251938 0 1
109.926254 -4.511057 212.473557 0 1
110.124229 -4.925794 212.656921 0 1
109.782982 -5.314052 212.799057 1 0
109.460785 -5.844537 213.002502 1 0
109.306580 -6.339302 213.187332 0 1
109.296333 -6.863630 213.436630 0 1
108.807579 -6.912045 213.434494 0 1
108.309303 -7.009551 213.451584 0 1
107.848679 -7.328676 213.580658 0 1
107.394104 -7.615942 213.692734 0 1
106.924507 -8.030602 213.863159 0 1
106.621437 -8.229617 213.946640 0 1
106.131340 -8.527101 214.073822 0 1
105.587082 -8.546492 214.075119 0 1
105.226440 -8.398264 214.007584 0 1
104.826729 -8.127559 213.884735 0 1
104.394020 -7.944090 213.812759 0 1
103.945953 -7.835374 213.770706 0 1
103.572296 -7.693853 213.718140 0 1
103.262299 -7.424066 213.612045 0 1
102.808609 -7.307699 213.570389 0 1
102.326942 -7.178986 213.531616 0 1
102.239159 -6.697882 213.333282 0 1
102.137741 -6.244682 213.145111 0 1
102.040337 -5.856938 212.991074 0 1
101.918480 -5.431457 212.820007 0 1
101.580513 -5.177668 212.727310 0 1
101.273590 -4.847914 212.603287 0 1
100.888046 -4.595612 212.509735 0 1
100.425194 -4.500818 212.475067 0 1
100.115944 -4.197637 212.358307 0 1
99.961525 -3.664764 212.152344 0 1
100.053619 -3.111497 211.943665 0 1
100.475304 -2.802621 211.810684 0 1
100.953598 -2.445306 211.672913 0 1
101.213882 -2.013972 211.515793 0 1
101.606209 -1.500758 211.321304 0 1
102.023872 -0.930319 211.106903 0 1
102.191475 -0.438244 210.931656 0 1
102.738876 -0.287670 210.857727 0 1
103.280739 -0.255663 210.831696 0 1
103.858109 -0.182673 210.788712 0 1
104.381973 0.057468 210.701813 0 1
104.926659 0.233370 210.635437 0 1
105.401627 0.188572 210.639679 0 1
105.748726 -0.046408 210.707581 0 1
106.316399 -0.049620 210.705978 0 1
106.740021 -0.221462 210.761948 0 1
107.321060 -0.192542 210.760529 0 1
107.668686 -0.445734 210.849182 0 1
108.021095 -0.704769 210.947174 0 1
108.252686 -1.143859 211.109833 0 1
108.441444 -1.584004 211.270569 0 1
108.557549 -2.133906 211.477676 0 1
108.768715 -2.477267 211.617798 0 1
109.053909 -2.830981 211.760666 0 1
109.229126 -3.301832 211.949753 0 1
109.590240 -3.548853 212.071625 0 1
109.778099 -4.023829 212.269638 0 1
109.859451 -4.469879 212.453506 0 1
109.999062 -4.936005 212.652191 0 1
109.730026 -5.292560 212.786301 1 0
109.389877 -5.814858 212.982895 0 1
109.227661 -6.346633 213.195557 0 1
109.247482 -6.872714 213.438278 0 1
108.709938 -6.837168 213.398041 0 1
108.194496 -6.975046 213.432693 0 1
107.742966 -7.408559 213.608292 0 1
107.254463 -7.675546 213.715637 0 1
106.813904 -7.996097 213.845840 0 1
106.400658 -8.288505 213.968277 0 1
105.892990 -8.415672 214.021912 0 1
105.449387 -8.407979 214.012283 0 1
105.030914 -8.252553 213.942017 0 1
104.726128 -7.970059 213.823364 0 1
104.291321 -7.809693 213.756180 0 1
103.833008 -7.763654 213.742065 0 1
103.434998 -7.554242 213.663086 0 1
103.077774 -7.317914 213.571625 0 1
102.635445 -7.219057 213.539047 0 1
102.384117 -6.875457 213.402878 0 1
102.291779 -6.422859 213.215912 0 1
102.292496 -5.921003 213.012192 0 1
102.106232 -5.498538 212.842499 0 1
101.830254 -5.174909 212.716873 0 1
101.478340 -4.854231 212.598816 0 1
101.170082 -4.549685 212.486557 0 1
100.765442 -4.437886 212.446487 0 1
100.228256 -4.381300 212.424454 0 1
100.148689 -3.832913 212.208954 0 1
100.124237 -3.330069 212.016983 0 1
100.397697 -2.898279 211.847183 0 1
100.904785 -2.567355 211.717682 0 1
101.164124 -2.109284 211.551453 0 1
101.673042 -1.561234 211.341324 0 1
101.960602 -1.025996 211.142105 0 1
102.219551 -0.509242 210.955536 0 1
102.803558 -0.357155 210.879974 0 1
103.352829 -0.304870 210.842834 0 1
103.869194 -0.221036 210.800095 0 1
104.457878 0.013244 210.715485 0 1
104.953400 0.155898 210.656937 0 1
105.394989 0.082153 210.674286 0 1
105.830635 -0.121488 210.730408 0 1
106.371300 -0.192234 210.748856 0 1
106.870094 -0.242993 210.768936 0 1
107.449646 -0.229554 210.772018 0 1
107.770805 -0.547947 210.886047 0 1
108.081329 -0.903163 211.018234 0 1
108.265862 -1.318281 211.169922 0 1
108.437904 -1.792259 211.349609 0 1
108.598076 -2.333497 211.556213 0 1
108.836952 -2.674131 211.690201 0 1
109.113853 -3.037849 211.841080 0 1
109.470337 -3.455541 212.027679 0 1
109.599426 -3.856554 212.190765 0 1
109.780289 -4.261305 212.368698 0 1
109.883018 -4.671922 212.538254 0 1
109.846138 -5.152512 212.734039 1 0
109.433022 -5.498011 212.856659 1 0
109.179848 -5.999054 213.037201 0 1
109.174316 -6.561139 213.294632 0 1
108.910461 -6.792171 213.386703 0 1
108.387421 -6.770849 213.356705 0 1
107.905220 -7.072877 213.468582 0 1
107.459137 -7.462374 213.624435 0 1
107.074249 -7.776269 213.753952 0 1
106.616684 -8.065144 213.871201 0 1
106.161629 -8.404034 214.019135 0 1
105.636139 -8.340051 213.985413 0 1
105.228027 -8.276643 213.956009 0 1
104.889832 -8.009918 213.838791 0 1
104.443962 -7.791292 213.745911 0 1
103.945122 -7.718436 213.721771 0 1
103.569611 -7.530608 213.646774 0 1
103.286186 -7.218614 213.523682 0 1
102.782280 -7.150910 213.507111 0 1
102.472923 -6.907142 213.414139 0 1
102.368172 -6.406893 213.210526 0 1
102.308586 -5.850497 212.982010 0 1
102.166229 -5.429872 212.811584 0 1
101.832634 -5.111910 212.692474 0 1
101.516464 -4.821534 212.584305 0 1
101.201088 -4.511712 212.469727 0 1
100.786934 -4.355472 212.413071 0 1
100.266670 -4.307783 212.393311 0 1
100.151306 -3.723961 212.168091 0 1
100.187935 -3.249529 211.983002 0 1
100.575325 -2.904700 211.849915 0 1
101.068878 -2.482676 211.685226 0 1
101.400391 -1.919938 211.470490 0 1
101.810066 -1.418681 211.284897 0 1
102.206909 -0.801023 211.052994 0 1
102.436127 -0.507869 210.948715 0 1
102.977333 -0.441794 210.904449 0 1
103.557037 -0.406607 210.870041 0 1
104.075302 -0.263751 210.809845 0 1
104.619698 0.022982 210.706161 0 1
105.174011 0.191213 210.640701 0 1
105.549065 -0.036962 210.704498 0 1
105.990150 -0.166890 210.741684 0 1
106.540764 -0.276410 210.775787 0 1
107.088226 -0.284490 210.785110 0 1
107.519974 -0.497247 210.864655 0 1
107.825989 -0.724851 210.947815 0 1
108.042595 -1.154605 211.108414 0 1
108.307320 -1.566566 211.258209 0 1
108.411148 -2.105788 211.460297 0 1
108.632851 -2.499560 211.619049 0 1
108.873528 -2.948970 211.800827 0 1
109.081367 -3.319339 211.952484 0 1
109.449997 -3.650105 212.100494 0 1
109.593605 -4.086462 212.287003 0 1
109.715492 -4.511059 212.465057 0 1
109.862823 -4.935799 212.645615 0 1
109.356407 -5.346992 212.793411 1 0
109.220161 -5.845257 212.976212 0 1
109.118088 -6.399142 213.222885 0 1
108.936516 -6.749914 213.369492 0 1
108.418053 -6.721459 213.337646 0 1
107.930351 -6.994294 213.434494 0 1
107.470070 -7.360683 213.580856 0 1
107.095695 -7.761495 213.748230 0 1
106.594116 -7.976282 213.832794 0 1
106.129936 -8.301863 213.974106 0 1
105.589058 -8.296822 213.965363 0 1
105.191734 -8.185806 213.915268 0 1
104.865265 -7.941808 213.810699 0 1
104.488235 -7.718765 213.713684 0 1
104.036858 -7.653229 213.692871 0 1
103.661987 -7.460645 213.617111 0 1
103.312035 -7.254077 213.538025 0 1
102.940514 -7.079721 213.475327 0 1
102.500389 -6.929873 213.422531 0 1
102.410614 -6.415091 213.212418 0 1
102.382851 -5.854250 212.980850 0 1
102.190460 -5.412994 212.804077 0 1
101.884552 -5.092945 212.683731 0 1
101.570442 -4.727742 212.546265 0 1
101.273102 -4.468007 212.445312 0 1
100.776848 -4.320436 212.399033 0 1
100.320900 -4.194888 212.349915 0 1
100.200691 -3.673420 212.147278 0 1
100.240784 -3.173866 211.951233 0 1
100.723961 -2.946917 211.859818 0 1
101.118401 -2.361760 211.641220 0 1
101.500725 -1.891764 211.460999 0 1
101.920479 -1.298559 211.238297 0 1
102.284027 -0.816196 211.055939 0 1
102.681145 -0.527746 210.943771 0 1
103.250885 -0.446327 210.895813 0 1
103.824486 -0.359287 210.848160 0 1
104.356926 -0.141918 210.764267 0 1
104.822845 0.000291 210.708939 0 1
105.286232 -0.086847 210.724304 0 1
105.701752 -0.224801 210.764511 0 1
106.298294 -0.278454 210.778595 0 1
106.702766 -0.398375 210.811096 0 1
107.287758 -0.356849 210.812546 0 1
107.641510 -0.598566 210.900177 0 1
107.907829 -1.006521 211.047653 0 1
108.178902 -1.366080 211.182816 0 1
108.267380 -1.862453 211.362625 0 1
108.421265 -2.307714 211.535141 0 1
108.637596 -2.681411 211.687088 0 1
108.917961 -3.052835 211.843414 0 1
109.103386 -3.514520 212.030472 0 1
109.440300 -3.745589 212.137329 0 1
109.627724 -4.155804 212.319305 0 1
109.707870 -4.633709 212.511322 0 1
109.747841 -5.067647 212.694031 1 0
109.286491 -5.371151 212.798325 0 1
109.137772 -5.859493 212.985504 0 1
109.036415 -6.345306 213.177582 0 1
108.886703 -6.625080 213.312607 0 1
108.318481 -6.628592 213.289932 0 1
107.861847 -6.996692 213.430511 0 1
107.447899 -7.324232 213.563263 0 1
106.974457 -7.638519 213.693634 0 1
106.498871 -7.941292 213.817734 0 1
106.015038 -8.242212 213.945541 0 1
105.506233 -8.232802 213.937164 0 1
105.124786 -8.051936 213.855682 0 1
104.846649 -7.705843 213.704315 0 1
104.363136 -7.605271 213.668549 0 1
103.913956 -7.459810 213.613739 0 1
103.534973 -7.317781 213.559952 0 1
103.156395 -7.079924 213.468643 0 1
102.753220 -6.908247 213.406448 0 1
102.519165 -6.575648 213.272217 0 1
102.403122 -6.097792 213.078308 0 1
102.315880 -5.566776 212.862305 0 1
102.140282 -5.204636 212.718979 0 1
101.774582 -4.957103 212.632858 0 1
101.543686 -4.585111 212.488327 0 1
101.163498 -4.327717 212.396362 0 1
100.626083 -4.232569 212.365891 0 1
100.368774 -3.947523 212.254425 0 1
100.258003 -3.493665 212.075226 0 1
100.486870 -3.084518 211.918427 0 1
100.927773 -2.784927 211.798676 0 1
101.276711 -2.214674 211.583038 0 1
101.741913 -1.685648 211.379837 0 1
102.013756 -1.273103 211.226273 0 1
102.393364 -0.704982 211.013046 0 1
102.953682 -0.560257 210.943283 0 1
103.566460 -0.470978 210.891678 0 1
104.077400 -0.402479 210.855438 0 1
104.654762 -0.112441 210.745758 0 1
105.182396 -0.001987 210.703018 0 1
105.551003 -0.234567 210.769012 0 1
106.099945 -0.289140 210.778030 0 1
106.538139 -0.423303 210.824539 0 1
107.115662 -0.460244 210.842514 0 1
107.486053 -0.689438 210.928528 0 1
107.846733 -0.976354 211.033829 0 1
108.019440 -1.389192 211.186829 0 1
108.174507 -1.830701 211.348480 0 1
108.369194 -2.338092 211.543930 0 1
108.550926 -2.735403 211.704788 0 1
108.850151 -3.059012 211.843353 0 1
109.034607 -3.522419 212.030869 0 1
109.345886 -3.799957 212.157059 0 1
109.497009 -4.194627 212.326294 0 1
109.676834 -4.643234 212.512970 0 1
109.665054 -5.081265 212.694061 1 0
109.248482 -5.377645 212.799149 0 1
109.042084 -5.884595 212.991257 0 1
109.004723 -6.316339 213.157867 0 1
108.751259 -6.558042 213.276169 0 1
108.204910 -6.725817 213.328354 0 1
107.756111 -7.019208 213.437790 0 1
107.272949 -7.332247 213.564972 0 1
106.862755 -7.734993 213.735687 0 1
106.381592 -7.991890 213.838547 0 1
105.971741 -8.161642 213.907227 0 1
105.516258 -8.065913 213.863098 0 1
105.094818 -7.904934 213.792953 0 1
104.779373 -7.620313 213.667175 0 1
104.321915 -7.519930 213.631638 0 1
103.918991 -7.411461 213.591095 0 1
103.495171 -7.215720 213.517075 0 1
103.174881 -6.980232 213.423584 0 1
102.699448 -6.873468 213.392868 0 1
102.525429 -6.386702 213.196976 0 1
102.506897 -5.818729 212.961212 0 1
102.355095 -5.364441 212.780060 0 1
101.998009 -5.031531 212.655136 0 1
101.721954 -4.706903 212.532867 0 1
101.469856 -4.361070 212.398605 0 1
101.046707 -4.207637 212.349350 0 1
100.509941 -4.158260 212.336426 0 1
100.365616 -3.672165 212.147736 0 1
100.369629 -3.231694 211.975082 0 1
100.862923 -2.913090 211.850418 0 1
101.284668 -2.505229 211.688126 0 1
101.542999 -2.010722 211.502304 0 1
101.951035 -1.465387 211.295868 0 1
102.264412 -1.020715 211.125229 0 1
102.718384 -0.629906 210.976822 0 1
103.304924 -0.546327 210.926727 0 1
103.875572 -0.526943 210.896912 0 1
104.347733 -0.306576 210.816742 0 1
104.819298 -0.193967 210.767059 0 1
105.262695 -0.202749 210.762680 0 1
105.719894 -0.368392 210.804947 0 1
106.209595 -0.452612 210.830505 0 1
106.769081 -0.511468 210.848969 0 1
107.299171 -0.510553 210.863022 0 1
107.624901 -0.830470 210.978577 0 1
107.876289 -1.204420 211.120087 0 1
108.065971 -1.638430 211.277267 0 1
108.232132 -2.052252 211.432709 0 1
108.373306 -2.475239 211.597656 0 1
108.562042 -2.952540 211.787613 0 1
108.910553 -3.183930 211.889969 0 1
109.092438 -3.613424 212.072083 0 1
109.314941 -3.982512 212.229843 0 1
109.503624 -4.341958 212.382141 0 1
109.627670 -4.869154 212.600296 0 1
109.335258 -5.117764 212.694870 0 1
109.096344 -5.649328 212.904907 0 1
108.903679 -6.159885 213.083435 0 1
108.804794 -6.534139 213.270523 0 1
108.262138 -6.593172 213.272980 0 1
107.803986 -6.934300 213.399765 0 1
107.357544 -7.243313 213.526413 0 1
106.889137 -7.583673 213.665939 0 1
106.450119 -7.849630 213.776367 0 1
105.958336 -8.130249 213.892868 0 1
105.533920 -7.976291 213.825241 0 1
105.164894 -7.826110 213.757141 0 1
104.830719 -7.523090 213.627548 0 1
104.306320 -7.460888 213.607834 0 1
103.850815 -7.337748 213.559021 0 1
103.551689 -7.053534 213.445908 0 1
103.075890 -6.914487 213.397400 0 1
102.752068 -6.763824 213.343475 0 1
102.633850 -6.256934 213.140213 0 1
102.567528 -5.762075 212.936340 0 1
102.379738 -5.324358 212.763107 0 1
102.154587 -4.970168 212.623291 0 1
101.764351 -4.777862 212.557953 0 1
101.508148 -4.363332 212.397751 0 1
101.121704 -4.196907 212.344131 0 1
100.611633 -4.136726 212.328506 0 1
100.394211 -3.685680 212.152237 0 1
100.558098 -3.158129 211.946030 0 1
100.997131 -2.893598 211.838272 0 1
101.323662 -2.414212 211.653076 0 1
101.705879 -1.913489 211.462112 0 1
102.129356 -1.360623 211.251984 0 1
102.407951 -0.780990 211.037643 0 1
102.963860 -0.701569 210.992050 0 1
103.550163 -0.631825 210.942215 0 1
104.075470 -0.520424 210.890381 0 1
104.628677 -0.281919 210.802017 0 1
105.141235 -0.184433 210.761078 0 1
105.512444 -0.430174 210.829010 0 1
106.046585 -0.458206 210.834747 0 1
106.537682 -0.558762 210.868713 0 1
107.105431 -0.585448 210.886429 0 1
107.469948 -0.794898 210.964600 0 1
107.755424 -1.163627 211.098236 0 1
107.968407 -1.528228 211.236862 0 1
108.140182 -2.026078 211.418564 0 1
108.205589 -2.473702 211.588867 0 1
108.482323 -2.844866 211.741058 0 1
108.768982 -3.177627 211.883102 0 1
108.920708 -3.699711 212.092255 0 1
109.265862 -3.911643 212.198959 0 1
109.429306 -4.352013 212.382248 0 1
109.568176 -4.911189 212.615707 0 1
109.185341 -5.229483 212.736572 0 1
108.980843 -5.797668 212.953598 0 1
108.892502 -6.290134 213.139648 0 1
108.478500 -6.438099 213.214523 0 1
107.984543 -6.680412 213.300217 0 1
107.578758 -7.078110 213.458450 0 1
107.098755 -7.312080 213.550262 0 1
106.657532 -7.595985 213.666351 0 1
106.290718 -7.950245 213.818253 0 1
105.789238 -8.037328 213.851608 0 1
105.427628 -7.889490 213.786987 0 1
105.024010 -7.667306 213.684189 0 1
104.609688 -7.487020 213.612869 0 1
104.181679 -7.361885 213.565048 0 1
103.817009 -7.131996 213.473572 0 1
103.430908 -6.927138 213.396408 0 1
102.961723 -6.813166 213.357452 0 1
102.696823 -6.464285 213.222427 0 1
102.634689 -6.028218 213.045502 0 1
102.501976 -5.495943 212.826599 0 1
102.287575 -5.092740 212.666748 0 1
101.972786 -4.806318 212.566101 0 1
101.747902 -4.445420 212.423477 0 1
101.426262 -4.163421 212.321259 0 1
100.994484 -4.046628 212.287872 0 1
100.508720 -3.907741 212.237671 0 1
100.505699 -3.411499 212.042450 0 1
100.864532 -3.091332 211.913834 0 1
101.176353 -2.674393 211.748825 0 1
101.407845 -2.271403 211.597107 0 1
101.864494 -1.746928 211.394501 0 1
102.272797 -1.168303 211.175873 0 1
102.676186 -0.756038 211.018692 0 1
103.229630 -0.678299 210.972641 0 1
103.798660 -0.703958 210.959579 0 1
104.374733 -0.486263 210.870270 0 1
104.828773 -0.283880 210.795380 0 1
105.251984 -0.398848 210.823425 0 1
105.716019 -0.516527 210.852814 0 1
106.231056 -0.576291 210.870438 0 1
106.761681 -0.598020 210.879990 0 1
107.228165 -0.731029 210.935440 0 1
107.567917 -0.972507 211.026840 0 1
107.770653 -1.414401 211.184647 0 1
107.948486 -1.788847 211.327560 0 1
108.066048 -2.299289 211.515808 0 1
108.307610 -2.703760 211.680038 0 1
108.558197 -3.053072 211.825790 0 1
108.787086 -3.361965 211.953979 0 1
109.003120 -3.801001 212.138962 0 1
109.177109 -4.203229 212.311295 0 1
109.426125 -4.566240 212.470963 0 1
109.402199 -5.004389 212.648865 0 1
108.965530 -5.370097 212.782852 0 1
108.849548 -5.874028 212.963165 0 1
108.804886 -6.423671 213.219208 0 1
108.219658 -6.454272 213.211014 0 1
107.820557 -6.738899 213.320709 0 1
107.343948 -7.053758 213.441895 0 1
106.872482 -7.431214 213.596832 0 1
106.505493 -7.637238 213.682983 0 1
106.008110 -8.013437 213.842590 0 1
105.572304 -7.866140 213.776352 0 1
105.195648 -7.576144 213.649460 0 1
104.819283 -7.443401 213.594727 0 1
104.314949 -7.367993 213.568436 0 1
103.933281 -7.131786 213.472931 0 1
103.597321 -6.887745 213.374954 0 1
103.113159 -6.787981 213.344437 0 1
102.769264 -6.551552 213.256577 0 1
102.713310 -6.009347 213.035248 0 1
102.529144 -5.490208 212.823517 0 1
102.387184 -5.041648 212.640930 0 1
102.103561 -4.746450 212.534225 0 1
101.897316 -4.468065 212.428894 0 1
101.521927 -4.111784 212.298752 0 1
101.055923 -4.019497 212.273956 0 1
100.582260 -3.899678 212.234390 0 1
100.515686 -3.357900 212.020355 0 1
101.051003 -3.100138 211.913254 0 1
101.376656 -2.619614 211.726624 0 1
101.635658 -2.105999 211.534378 0 1
102.045006 -1.665444 211.362579 0 1
102.365448 -1.051246 211.128784 0 1
102.882072 -0.818903 211.033752 0 1
103.454178 -0.749112 210.986130 0 1
103.961319 -0.611502 210.922409 0 1
104.540588 -0.462421 210.859207 0 1
105.051552 -0.333076 210.806900 0 1
105.451843 -0.532684 210.861572 0 1
105.990837 -0.546151 210.863144 0 1
106.481300 -0.679443 210.907974 0 1
107.032898 -0.689737 210.918198 0 1
107.376083 -0.948615 211.012589 0 1
107.658463 -1.327276 211.152664 0 1
107.869492 -1.672471 211.280014 0 1
107.977654 -2.150351 211.457626 0 1
108.158890 -2.605784 211.637558 0 1
108.406212 -2.970902 211.785553 0 1
108.655563 -3.322647 211.933640 0 1
108.831856 -3.813601 212.133606 0 1
109.050011 -4.105478 212.262634 0 1
109.354057 -4.476740 212.429382 0 1
109.344391 -4.972702 212.635269 0 1
108.904457 -5.384403 212.786575 0 1
108.781128 -5.876422 212.966110 0 1
108.683884 -6.315048 213.168747 0 1
108.151688 -6.443633 213.202652 0 1
107.721802 -6.758554 213.323380 0 1
107.258942 -7.023753 213.425446 0 1
106.819466 -7.479539 213.616623 0 1
106.325729 -7.732949 213.717178 0 1
105.832130 -7.950929 213.812607 0 1
105.421890 -7.755082 213.724396 0 1
105.101273 -7.506659 213.618637 0 1
104.738739 -7.290623 213.527618 0 1
104.243134 -7.229152 213.508209 0 1
103.867661 -7.032282 213.432114 0 1
103.516556 -6.764449 213.325424 0 1
103.072968 -6.672853 213.302521 0 1
102.764351 -6.334588 213.166397 0 1
102.740646 -5.745074 212.920822 0 1
102.650383 -5.288755 212.740067 0 1
102.386261 -4.909914 212.589554 0 1
102.060326 -4.599008 212.477646 0 1
101.747002 -4.302875 212.365784 0 1
101.490936 -4.008043 212.257446 0 1
100.967316 -3.933745 212.239716 0 1
100.686508 -3.690469 212.150864 0 1
100.784378 -3.344464 212.012863 0 1
101.203949 -2.919260 211.842545 0 1
101.527245 -2.441969 211.657135 0 1
101.862427 -1.897170 211.449554 0 1
102.332275 -1.387825 211.249451 0 1
102.708511 -0.910147 211.069000 0 1
103.236992 -0.815479 211.017090 0 1
103.767303 -0.827603 211.000870 0 1
104.348518 -0.617525 210.913116 0 1
104.893990 -0.446536 210.844070 0 1
105.274475 -0.626577 210.895966 0 1
105.809227 -0.614345 210.886032 0 1
106.283058 -0.774612 210.936783 0 1
106.842957 -0.754183 210.935196 0 1
107.193695 -1.019634 211.034348 0 1
107.583817 -1.246360 211.123215 0 1
107.771126 -1.634221 211.261765 0 1
107.864754 -2.129758 211.447617 0 1
108.051407 -2.638514 211.646667 0 1
108.296936 -2.976882 211.784485 0 1
108.556877 -3.357334 211.942184 0 1
108.767731 -3.797393 212.124374 0 1
109.025314 -4.045524 212.238968 0 1
109.291656 -4.444808 212.412430 0 1
109.303825 -4.874221 212.592392 0 1
108.863922 -5.315804 212.757477 0 1
108.751068 -5.806042 212.942444 0 1
108.672241 -6.262691 213.148438 0 1
108.177704 -6.368161 213.171158 0 1
107.678078 -6.681787 213.291428 0 1
107.245491 -6.940775 213.388184 0 1
106.812302 -7.361283 213.561554 0 1
106.336243 -7.689435 213.698242 0 1
105.860428 -7.842374 213.766861 0 1
105.487434 -7.651340 213.678696 0 1
105.135841 -7.327866 213.541199 0 1
104.713242 -7.231624 213.498856 0 1
104.215302 -7.142520 213.473099 0 1
103.870712 -6.936213 213.386581 0 1
103.505974 -6.706872 213.301056 0 1
103.080841 -6.564885 213.259445 0 1
102.888771 -6.194339 213.105026 0 1
102.775826 -5.634879 212.873428 0 1
102.647240 -5.117445 212.670593 0 1
102.389442 -4.840419 212.561691 0 1
102.069252 -4.528915 212.446487 0 1
101.752708 -4.201594 212.325790 0 1
101.383675 -3.964213 212.244247 0 1
100.917503 -3.899760 212.226181 0 1
100.654442 -3.555612 212.098343 0 1
101.085228 -3.227908 211.964188 0 1
101.348427 -2.789957 211.790054 0 1
101.719894 -2.178195 211.554794 0 1
102.120903 -1.706486 211.371902 0 1
102.453850 -1.208249 211.179962 0 1
102.882866 -0.950601 211.077225 0 1
103.451607 -0.865476 211.024796 0 1
104.037804 -0.758964 210.968292 0 1
104.569336 -0.533982 210.879868 0 1
105.085823 -0.526796 210.864853 0 1
105.516144 -0.693983 210.913803 0 1
106.056198 -0.724367 210.920227 0 1
106.570457 -0.836337 210.959641 0 1
107.057030 -0.889996 210.983322 0 1
107.376404 -1.173849 211.092453 0 1
107.560158 -1.621315 211.250290 0 1
107.797318 -1.975422 211.389725 0 1
107.894493 -2.463056 211.573700 0 1
108.119843 -2.852875 211.729889 0 1
108.318100 -3.303741 211.911972 0 1
108.673744 -3.537800 212.025421 0 1
108.841438 -3.972025 212.200531 0 1
109.092247 -4.352154 212.366440 0 1
109.270988 -4.784043 212.550568 0 1
108.906410 -5.179224 212.698593 0 1
108.792030 -5.689730 212.900696 0 1
108.653419 -6.155982 213.103455 0 1
108.151451 -6.275839 213.132050 0 1
107.677299 -6.577568 213.245010 0 1
107.325172 -6.818604 213.342697 0 1
106.830360 -7.241957 213.509323 0 1
106.372017 -7.557069 213.643005 0 1
105.893661 -7.803825 213.750732 0 1
105.522491 -7.597042 213.655563 0 1
105.206879 -7.304071 213.530273 0 1
104.746048 -7.187289 213.477264 0 1
104.284676 -7.072066 213.440735 0 1
103.914879 -6.863908 213.356949 0 1
103.566658 -6.658789 213.278946 0 1
103.097153 -6.522918 213.241943 0 1
102.931175 -6.169749 213.094589 0 1
102.801903 -5.600947 212.858459 0 1
102.641212 -5.089340 212.659744 0 1
102.411469 -4.699993 212.506836 0 1
102.084679 -4.423542 212.402756 0 1
101.781090 -4.063106 212.268036 0 1
101.374458 -3.858639 212.203690 0 1
100.836800 -3.798556 212.188889 0 1
100.909729 -3.344270 212.011520 0 1
101.266930 -2.977592 211.862183 0 1
101.646301 -2.441717 211.652527 0 1
102.089119 -1.875137 211.432785 0 1
102.465828 -1.394700 211.246674 0 1
102.828606 -0.999592 211.096695 0 1
103.397331 -0.966811 211.059830 0 1
103.941963 -0.887533 211.011734 0 1
104.501053 -0.620525 210.912292 0 1
105.024986 -0.580728 210.883820 0 1
105.410400 -0.771362 210.938248 0 1
105.982498 -0.789802 210.941345 0 1
106.511826 -0.852254 210.964127 0 1
106.984306 -0.960338 211.007767 0 1
107.339058 -1.234107 211.111603 0 1
107.514732 -1.706069 211.279312 0 1
107.769524 -2.072176 211.423386 0 1
107.878998 -2.541974 211.601746 0 1
108.103638 -3.019803 211.792603 0 1
108.279922 -3.353680 211.928711 0 1
108.598045 -3.662688 212.067337 0 1
108.832848 -4.066755 212.238998 0 1
109.013641 -4.467808 212.411407 0 1
109.194267 -4.866578 212.584534 0 1
108.711357 -5.371123 212.772614 0 1
108.568787 -5.881353 212.977386 0 1
108.396172 -6.126759 213.077759 0 1
107.917847 -6.366697 213.161316 0 1
107.525360 -6.756768 213.320099 0 1
107.047249 -6.984838 213.404816 0 1
106.536644 -7.294210 213.530609 0 1
106.090401 -7.676193 213.689667 0 1
105.712128 -7.625364 213.669159 0 1
105.385178 -7.356030 213.552246 0 1
104.994858 -7.184333 213.482040 0 1
104.517487 -7.070446 213.435074 0 1
104.108330 -6.922264 213.377289 0 1
103.794159 -6.646935 213.269913 0 1
103.306107 -6.545653 213.240417 0 1
102.958534 -6.327014 213.160889 0 1
102.914780 -5.739478 212.914932 0 1
102.772438 -5.193727 212.697601 0 1
102.558647 -4.723791 212.509003 0 1
102.217575 -4.524681 212.440353 0 1
101.993568 -4.149473 212.298004 0 1
101.619011 -3.896428 212.208313 0 1
101.195229 -3.772038 212.172607 0 1
100.814392 -3.507729 212.076614 0 1
101.309113 -3.121253 211.915283 0 1
101.702164 -2.608072 211.707275 0 1
101.934868 -2.057155 211.504486 0 1
102.356873 -1.539219 211.302307 0 1
102.637596 -1.133634 211.150543 0 1
103.111977 -1.078580 211.110489 0 1
103.684212 -0.989152 211.055481 0 1
104.207710 -0.891690 211.003494 0 1
104.731422 -0.601686 210.897049 0 1
105.132874 -0.833090 210.964371 0 1
105.721352 -0.795657 210.944275 0 1
106.184921 -0.937801 210.990219 0 1
106.737396 -0.913114 210.986725 0 1
107.116005 -1.211631 211.097412 0 1
107.436661 -1.477730 211.196426 0 1
107.674561 -1.865788 211.344711 0 1
107.735146 -2.390156 211.537338 0 1
107.919044 -2.831624 211.715164 0 1
108.135719 -3.215738 211.871353 0 1
108.431602 -3.530331 212.005798 0 1
108.624817 -3.914830 212.167526 0 1
108.852722 -4.286251 212.328552 0 1
109.124557 -4.705482 212.510590 0 1
108.811699 -5.152809 212.686951 0 1
108.636086 -5.707621 212.907974 0 1
108.296616 -6.048266 213.039780 0 1
107.796097 -6.358708 213.152405 0 1
107.377861 -6.727944 213.302948 0 1
106.933487 -7.076426 213.442413 0 1
106.414543 -7.354338 213.554688 0 1
105.948074 -7.599526 213.658203 0 1
105.541183 -7.419561 213.579895 0 1
105.172638 -7.134431 213.456085 0 1
104.720108 -7.062352 213.428391 0 1
104.292519 -6.914634 213.370178 0 1
103.924141 -6.725947 213.299744 0 1
103.538055 -6.488410 213.208664 0 1
103.107353 -6.320280 213.153244 0 1
102.975571 -5.894748 212.977234 0 1
102.881241 -5.301735 212.736969 0 1
102.699196 -4.786234 212.534103 0 1
102.387291 -4.491419 212.418839 0 1
102.085564 -4.198749 212.313431 0 1
101.821625 -3.796021 212.162903 0 1
101.326454 -3.678891 212.134369 0 1
100.897331 -3.537266 212.086456 0 1
101.304184 -3.215070 211.952316 0 1
101.636230 -2.676059 211.736313 0 1
101.888496 -2.176008 211.547150 0 1
102.313660 -1.670643 211.350449 0 1
102.669815 -1.173212 211.162598 0 1
103.195450 -1.152298 211.127258 0 1
103.815231 -1.048547 211.069168 0 1
104.378204 -0.964002 211.023666 0 1
104.888908 -0.716012 210.931351 0 1
105.297394 -0.847250 210.964661 0 1
105.811203 -0.957938 210.999603 0 1
106.355362 -0.995388 211.012375 0 1
106.902580 -0.994659 211.018204 0 1
107.225380 -1.306902 211.135757 0 1
107.398766 -1.756080 211.291779 0 1
107.678101 -2.088614 211.423813 0 1
107.755417 -2.586955 211.613464 0 1
107.932701 -2.966690 211.766006 0 1
108.163422 -3.401944 211.943680 0 1
108.477020 -3.703128 212.078827 0 1
108.671989 -4.154301 212.265640 0 1
108.836670 -4.534998 212.429321 0 1
108.998215 -4.895151 212.583954 0 1
108.578041 -5.371177 212.766449 0 1
108.392021 -5.919507 212.987427 0 1
107.953522 -6.149615 213.073029 0 1
107.471977 -6.562464 213.231506 0 1
106.990395 -6.914474 213.373734 0 1
106.557983 -7.136171 213.461563 0 1
106.082184 -7.454102 213.596451 0 1
105.684998 -7.385064 213.564987 0 1
105.373573 -7.119952 213.446899 0 1
104.950928 -6.950602 213.381073 0 1
104.458549 -6.929962 213.376450 0 1
104.089645 -6.636550 213.256210 0 1
103.809509 -6.469135 213.194839 0 1
103.335709 -6.397504 213.172241 0 1
103.091553 -6.017847 213.028549 0 1
102.973961 -5.491217 212.812500 0 1
102.898003 -4.968800 212.597107 0 1
102.600464 -4.632132 212.470444 0 1
102.313545 -4.283410 212.338440 0 1
101.998749 -3.972395 212.223938 0 1
101.658691 -3.717404 212.135925 0 1
101.216087 -3.558700 212.085678 0 1
101.084412 -3.498618 212.065399 0 1
101.474609 -2.993922 211.866074 0 1
101.792290 -2.581467 211.696289 0 1
102.159958 -2.031971 211.484482 0 1
102.554688 -1.556600 211.298599 0 1
102.987099 -1.189593 211.151886 0 1
103.579903 -1.115011 211.098633 0 1
104.034378 -0.973553 211.037979 0 1
104.639351 -0.733842 210.942459 0 1
105.063240 -0.923053 210.995026 0 1
105.651764 -0.950234 210.994614 0 1
106.103729 -1.062300 211.033203 0 1
106.710213 -1.029542 211.027344 0 1
107.070755 -1.294942 211.124542 0 1
107.344803 -1.643325 211.249405 0 1
107.604195 -2.008328 211.393875 0 1
107.668671 -2.535534 211.591522 0 1
107.836609 -2.947186 211.754974 0 1
108.040649 -3.394209 211.937683 0 1
108.317848 -3.662146 212.054138 0 1
108.506508 -4.079495 212.227737 0 1
108.782806 -4.455320 212.392700 0 1
109.002899 -4.827242 212.558823 0 1
108.573303 -5.322217 212.744797 0 1
108.385719 -5.844789 212.955765 0 1
107.921051 -6.149871 213.071564 0 1
107.450432 -6.529036 213.217072 0 1
106.965103 -6.806340 213.326431 0 1
106.517059 -7.105464 213.448425 0 1
106.113785 -7.416639 213.577728 0 1
105.694794 -7.338564 213.544449 0 1
105.429008 -7.053810 213.419968 0 1
104.918900 -6.911657 213.365204 0 1
104.486710 -6.801816 213.319458 0 1
104.108963 -6.568735 213.228790 0 1
103.725746 -6.385921 213.161743 0 1
103.313507 -6.181021 213.085007 0 1
103.152740 -5.829310 212.945068 0 1
103.021454 -5.234468 212.705475 0 1
102.823997 -4.834839 212.545273 0 1
102.598007 -4.442639 212.392380 0 1
102.304115 -4.106103 212.265762 0 1
101.999580 -3.817438 212.162628 0 1
101.561440 -3.614183 212.096558 0 1
101.097359 -3.531696 212.078903 0 1
101.507004 -2.995255 211.865173 0 1
101.864998 -2.533285 211.676819 0 1
102.201370 -2.072121 211.496582 0 1
102.644279 -1.519952 211.282776 0 1
103.139381 -1.267537 211.169083 0 1
103.701973 -1.173315 211.112152 0 1
104.213638 -1.073634 211.062836 0 1
104.751228 -0.826108 210.964432 0 1
105.189430 -0.974531 211.009933 0 1
105.696999 -1.041421 211.025482 0 1
106.243683 -1.120979 211.052002 0 1
106.795395 -1.137728 211.065399 0 1
107.117073 -1.452849 211.180923 0 1
107.289864 -1.948099 211.364182 0 1
107.528381 -2.289916 211.492966 0 1
107.683937 -2.813094 211.698074 0 1
107.871719 -3.225482 211.866425 0 1
108.128723 -3.627270 212.032837 0 1
108.339828 -3.970427 212.177582 0 1
108.643173 -4.343579 212.341522 0 1
108.853752 -4.767939 212.526199 0 1
108.597878 -5.201784 212.695236 0 1
108.412392 -5.694448 212.894272 0 1
108.046783 -6.008127 213.015717 0 1
107.613655 -6.272536 213.111908 0 1
107.146721 -6.495141 213.194214 0 1
106.765930 -6.960816 213.389481 0 1
106.331940 -7.190562 213.484634 0 1
105.838997 -7.368112 213.557922 0 1
105.519615 -7.064651 213.423599 0 1
105.155937 -6.896384 213.354034 0 1
104.652939 -6.868407 213.344757 0 1
104.239746 -6.625122 213.248245 0 1
103.982124 -6.352729 213.140823 0 1
103.466537 -6.295695 213.128494 0 1
103.190948 -5.927238 212.985336 0 1
103.075989 -5.475457 212.800919 0 1
103.056358 -4.878062 212.553009 0 1
102.785538 -4.542962 212.429031 0 1
102.496811 -4.270522 212.326233 0 1
102.182457 -3.955099 212.213409 0 1
101.885162 -3.633314 212.096756 0 1
101.441071 -3.526391 212.069153 0 1
101.601288 -3.057231 211.882477 0 1
101.887573 -2.637690 211.716309 0 1
102.173950 -2.110388 211.511383 0 1
102.619392 -1.575808 211.302658 0 1
103.131821 -1.317725 211.187057 0 1
103.706429 -1.215521 211.124481 0 1
104.264236 -1.150131 211.086716 0 1
104.780190 -0.884051 210.981033 0 1
105.143517 -1.075659 211.044769 0 1
105.687187 -1.104965 211.045975 0 1
106.198784 -1.199325 211.074356 0 1
106.746971 -1.220612 211.089615 0 1
107.056595 -1.522976 211.206116 0 1
107.237740 -1.942589 211.361542 0 1
107.460777 -2.389511 211.529343 0 1
107.610703 -2.883421 211.721466 0 1
107.809555 -3.281734 211.886169 0 1
108.089081 -3.685351 212.055161 0 1
108.334099 -4.050540 212.210724 0 1
108.612335 -4.350524 212.342163 0 1
108.831833 -4.799840 212.538208 0 1
108.402992 -5.364821 212.754700 0 1
108.196167 -5.811949 212.933273 0 1
107.771194 -6.024980 213.010956 0 1
107.412704 -6.428891 213.173431 0 1
106.991302 -6.673518 213.267929 0 1
106.568817 -6.944777 213.380081 0 1
106.251595 -7.200539 213.486298 0 1
105.732224 -7.212167 213.487259 0 1
105.434410 -6.919771 213.361938 0 1
105.005577 -6.776314 213.304123 0 1
104.565689 -6.623793 213.242188 0 1
104.151321 -6.457767 213.182770 0 1
103.829552 -6.209530 213.083618 0 1
103.362152 -6.079905 213.040817 0 1
103.271553 -5.699967 212.884415 0 1
103.107361 -5.188022 212.682236 0 1
103.010384 -4.675703 212.474701 0 1
102.685539 -4.391637 212.368393 0 1
102.369797 -4.075170 212.253632 0 1
102.094551 -3.741328 212.130402 0 1
101.725632 -3.505106 212.050568 0 1
101.523216 -3.244112 211.956787 0 1
101.866936 -2.814997 211.778458 0 1
102.151909 -2.282621 211.574814 0 1
102.612900 -1.704004 211.349976 0 1
103.079521 -1.390210 211.216171 0 1
103.653015 -1.290781 211.152771 0 1
104.165985 -1.161222 211.092407 0 1
104.668846 -0.931251 211.001328 0 1
105.100006 -1.098117 211.052628 0 1
105.626053 -1.207946 211.077011 0 1
106.149567 -1.266847 211.096130 0 1
106.675339 -1.314134 211.121078 0 1
106.985062 -1.584708 211.224762 0 1
107.219444 -2.006454 211.383286 0 1
107.433784 -2.431896 211.545471 0 1
107.542992 -2.934427 211.739441 0 1
107.780472 -3.343968 211.908218 0 1
107.994072 -3.761650 212.081696 0 1
108.269020 -4.098715 212.228104 0 1
108.571869 -4.408616 212.364075 0 1
108.695023 -4.910209 212.579437 0 1
108.336182 -5.347039 212.743896 0 1
108.140884 -5.766469 212.910950 0 1
107.680084 -6.040871 213.014709 0 1
107.265038 -6.368236 213.144424 0 1
106.887070 -6.697077 213.275208 0 1
106.380066 -6.927744 213.369064 0 1
106.174980 -7.225783 213.494461 0 1
105.760368 -7.100475 213.439484 0 1
105.411324 -6.807053 213.313522 0 1
104.956612 -6.704913 213.274078 0 1
104.500816 -6.601834 213.235107 0 1
104.197197 -6.273419 213.103302 0 1
103.798378 -6.130693 213.053207 0 1
103.307251 -6.039011 213.025726 0 1
103.194008 -5.481267 212.798477 0 1
103.195297 -4.932570 212.570908 0 1
102.976715 -4.520827 212.412216 0 1
102.661552 -4.211486 212.298233 0 1
102.380539 -3.865300 212.168411 0 1
102.078621 -3.580564 212.069305 0 1
101.665749 -3.370117 212.001236 0 1
101.691711 -3.041898 211.872818 0 1
102.079376 -2.530701 211.664963 0 1
102.405960 -1.981912 211.458588 0 1
102.829872 -1.484531 211.262894 0 1
103.395287 -1.342280 211.183685 0 1
103.950790 -1.383448 211.176010 0 1
104.469589 -1.251285 211.114899 0 1
104.819176 -1.159623 211.073822 0 1
105.364403 -1.199018 211.076172 0 1
105.807915 -1.318776 211.112061 0 1
106.403572 -1.308805 211.115753 0 1
106.736748 -1.588148 211.217346 0 1
107.123428 -1.782897 211.295807 0 1
107.294968 -2.273543 211.482254 0 1
107.442780 -2.818858 211.690964 0 1
107.607422 -3.173660 211.835434 0 1
107.821404 -3.602748 212.008423 0 1
108.117119 -3.944391 212.160034 0 1
108.320251 -4.333344 212.324005 0 1
108.534790 -4.622891 212.453644 0 1
108.465355 -5.138531 212.664703 0 1
108.333755 -5.552996 212.829666 0 1
107.830223 -5.797360 212.917007 0 1
107.394638 -6.205403 213.080414 0 1
106.985779 -6.522827 213.204926 0 1
106.551666 -6.868569 213.347046 0 1
106.179314 -7.078567 213.430130 0 1
105.767830 -7.041325 213.415207 0 1
105.458450 -6.714228 213.273254 0 1
104.969551 -6.645782 213.249100 0 1
104.521858 -6.536171 213.206650 0 1
104.212929 -6.231604 213.084732 0 1
103.804344 -6.100616 213.041031 0 1
103.386650 -5.888621 212.960556 0 1
103.285599 -5.491814 212.799576 0 1
103.229874 -4.942808 212.573059 0 1
103.016197 -4.495407 212.399490 0 1
102.787781 -4.097898 212.248825 0 1
102.441322 -3.797883 212.139374 0 1
102.149178 -3.529218 212.045059 0 1
101.756737 -3.358127 211.993668 0 1
101.808792 -3.032592 211.865402 0 1
102.090569 -2.520978 211.660919 0 1
102.561783 -1.919287 211.426682 0 1
102.976921 -1.467597 211.251068 0 1
103.520561 -1.410665 211.203110 0 1
104.067703 -1.331410 211.153351 0 1
104.615929 -1.159667 211.079773 0 1
104.975769 -1.241614 211.096436 0 1
105.519272 -1.315647 211.111649 0 1
106.008530 -1.384267 211.132324 0 1
106.558784 -1.410925 211.154007 0 1
106.876236 -1.745283 211.275330 0 1
107.126930 -2.183968 211.442505 0 1
107.293159 -2.640516 211.617569 0 1
107.480507 -3.050217 211.783127 0 1
107.681885 -3.523629 211.966385 0 1
107.937256 -3.876503 212.123596 0 1
108.143219 -4.274612 212.293686 0 1
108.467819 -4.545370 212.419662 0 1
108.414963 -5.069378 212.632324 0 1
108.217209 -5.561738 212.827240 0 1
107.765404 -5.787653 212.909622 0 1
107.338348 -6.178786 213.066833 0 1
106.914230 -6.432772 213.164017 0 1
106.462326 -6.767007 213.300186 0 1
106.067696 -7.073046 213.428391 0 1
105.701065 -6.825007 213.321823 0 1
105.322945 -6.642945 213.240356 0 1
104.836380 -6.611922 213.232025 0 1
104.436531 -6.367953 213.136185 0 1
104.133865 -6.068094 213.014450 0 1
103.671562 -6.040798 213.018448 0 1
103.480042 -5.659462 212.862640 0 1
103.355019 -5.216038 212.684616 0 1
103.256638 -4.679660 212.467224 0 1
102.974976 -4.314603 212.328232 0 1
102.674858 -4.011151 212.218750 0 1
102.447594 -3.671970 212.088425 0 1
102.103004 -3.389781 211.990814 0 1
101.858429 -3.162167 211.914703 0 1
102.152901 -2.634185 211.703812 0 1
102.484703 -2.082532 211.487686 0 1
102.748810 -1.742517 211.355759 0 1
103.275238 -1.530692 211.253479 0 1
103.855789 -1.520493 211.226898 0 1
104.400726 -1.353241 211.150467 0 1
104.811462 -1.325320 211.129333 0 1
105.409340 -1.327470 211.118805 0 1
105.860237 -1.427476 211.146622 0 1
106.421577 -1.436129 211.161362 0 1
106.767639 -1.733835 211.268173 0 1
107.008247 -2.071014 211.397964 0 1
107.223564 -2.506753 211.564377 0 1
107.334869 -3.026313 211.767700 0 1
107.553436 -3.431546 211.932480 0 1
107.802032 -3.781448 212.081238 0 1
108.041626 -4.157646 212.242294 0 1
108.191376 -4.548677 212.406906 0 1
108.480499 -4.888988 212.557922 0 1
108.123711 -5.385322 212.753708 0 1
107.835815 -5.710807 212.878555 0 1
107.381226 -6.075799 213.022446 0 1
107.008865 -6.326375 213.119965 0 1
106.536957 -6.719938 213.279449 0 1
106.024193 -6.980281 213.388947 0 1
105.700859 -6.790496 213.306030 0 1
105.309059 -6.587931 213.217834 0 1
104.828041 -6.518128 213.191391 0 1
104.467842 -6.283136 213.099045 0 1
104.145004 -6.002295 212.985992 0 1
103.704597 -5.893752 212.954361 0 1
103.526176 -5.488089 212.789627 0 1
103.326256 -5.072935 212.624817 0 1
103.260109 -4.586629 212.430023 0 1
103.020538 -4.175687 212.270126 0 1
102.649979 -3.934553 212.187469 0 1
102.365784 -3.584580 212.058380 0 1
102.033371 -3.305463 211.964661 0 1
102.065041 -2.883000 211.802155 0 1
102.300972 -2.405611 211.611343 0 1
102.682121 -2.073554 211.475037 0 1
102.964149 -1.634746 211.308182 0 1
103.538750 -1.533672 211.244141 0 1
104.052238 -1.452934 211.196396 0 1
104.586060 -1.311842 211.129776 0 1
105.100395 -1.355705 211.132492 0 1
105.585289 -1.453342 211.159363 0 1
106.143158 -1.508117 211.179901 0 1
106.566071 -1.684657 211.245392 0 1
106.875786 -1.937351 211.344009 0 1
107.092514 -2.363070 211.504578 0 1
107.227676 -2.892118 211.713943 0 1
107.442139 -3.285883 211.872940 0 1
107.589005 -3.751715 212.062714 0 1
107.866638 -4.104371 212.214264 0 1
108.099091 -4.502876 212.383942 0 1
108.378654 -4.792506 212.512161 0 1
108.118065 -5.286591 212.711258 0 1
107.937950 -5.615822 212.843445 0 1
107.457039 -5.916080 212.955338 0 1
106.982285 -6.252957 213.089401 0 1
106.513672 -6.680713 213.265732 0 1
106.040810 -6.908099 213.358200 0 1
105.757668 -6.590938 213.218796 0 1
105.273079 -6.541071 213.198944 0 1
104.857864 -6.372992 213.133072 0 1
104.493797 -6.134783 213.039124 0 1
104.135071 -5.962569 212.970490 0 1
103.693810 -5.857896 212.939880 0 1
103.476830 -5.460823 212.782166 0 1
103.449905 -4.967393 212.578506 0 1
103.287430 -4.517785 212.400543 0 1
103.031372 -4.137706 212.254181 0 1
102.689362 -3.820359 212.138931 0 1
102.357460 -3.511760 212.029922 0 1
102.130081 -3.229723 211.929977 0 1
102.246025 -2.794751 211.762375 0 1
102.426186 -2.332595 211.579514 0 1
102.843071 -1.945467 211.419922 0 1
103.210121 -1.713810 211.319107 0 1
103.763336 -1.633439 211.269257 0 1
104.332413 -1.518467 211.205002 0 1
104.846443 -1.462018 211.169113 0 1
105.364059 -1.502461 211.174728 0 1
105.924500 -1.561598 211.194824 0 1
106.427910 -1.619909 211.220718 0 1
106.731857 -1.961169 211.350418 0 1
107.001183 -2.305020 211.481857 0 1
107.123573 -2.768734 211.659256 0 1
107.296402 -3.261311 211.859909 0 1
107.515266 -3.627661 212.008484 0 1
107.747711 -4.050780 212.189224 0 1
108.008804 -4.427969 212.349060 0 1
108.274467 -4.733618 212.487305 0 1
108.083061 -5.210474 212.678040 0 1
107.851433 -5.551393 212.810776 0 1
107.493118 -5.820966 212.914963 0 1
107.042046 -6.131962 213.037079 0 1
106.554420 -6.556399 213.209366 0 1
106.051018 -6.791504 213.308258 0 1
105.726402 -6.548824 213.200058 0 1
105.239975 -6.367609 213.125137 0 1
104.895767 -6.290212 213.097427 0 1
104.457932 -6.090557 213.022156 0 1
104.087143 -5.818913 212.912598 0 1
103.690392 -5.662474 212.859619 0 1
103.556450 -5.181806 212.663391 0 1
103.518837 -4.712608 212.467300 0 1
103.258240 -4.316668 212.314545 0 1
102.980873 -3.919305 212.166229 0 1
102.716324 -3.666909 212.077133 0 1
102.401443 -3.382139 211.977646 0 1
102.123848 -3.139255 211.895493 0 1
102.363968 -2.614577 211.687851 0 1
102.632599 -2.185040 211.514328 0 1
102.916168 -1.738237 211.345200 0 1
103.406120 -1.699924 211.309570 0 1
103.954918 -1.652422 211.268509 0 1
104.535866 -1.581889 211.219315 0 1
105.050812 -1.465322 211.166214 0 1
105.551758 -1.592466 211.203720 0 1
106.110054 -1.595869 211.209183 0 1
106.463486 -1.848814 211.302353 0 1
106.817390 -2.113973 211.406296 0 1
107.032623 -2.545570 211.574066 0 1
107.168152 -3.081225 211.783066 0 1
107.342209 -3.445884 211.931900 0 1
107.538261 -3.861252 212.106201 0 1
107.846756 -4.219580 212.260941 0 1
108.017326 -4.672303 212.450180 0 1
108.131889 -5.059052 212.616516 0 1
107.843964 -5.510627 212.791321 0 1
107.520767 -5.669375 212.851608 0 1
107.061508 -6.026199 212.992035 0 1
106.624115 -6.439382 213.161453 0 1
106.095497 -6.680415 213.260803 0 1
105.755745 -6.452200 213.158920 0 1
105.280060 -6.344329 213.113647 0 1
104.878799 -6.220243 213.068283 0 1
104.515877 -5.966862 212.966507 0 1
104.092384 -5.787278 212.899612 0 1
103.745056 -5.562549 212.816742 0 1
103.572075 -5.147547 212.648285 0 1
103.488060 -4.618178 212.429794 0 1
103.249306 -4.175313 212.255844 0 1
103.024033 -3.787075 212.109940 0 1
102.632645 -3.489692 212.008514 0 1
102.388786 -3.207784 211.910248 0 1
102.365677 -2.848273 211.773956 0 1
102.615952 -2.299621 211.556320 0 1
103.024536 -1.864629 211.384918 0 1
103.423241 -1.797767 211.343079 0 1
103.983391 -1.770205 211.307053 0 1
104.536110 -1.636459 211.236450 0 1
105.087563 -1.584005 211.204773 0 1
105.552422 -1.701311 211.242508 0 1
106.115105 -1.664980 211.233459 0 1
106.467278 -1.947326 211.338013 0 1
106.780594 -2.248778 211.457413 0 1
107.022652 -2.606349 211.596725 0 1
107.107094 -3.196001 211.825241 0 1
107.317345 -3.596466 211.990906 0 1
107.531982 -3.964577 212.147308 0 1
107.794617 -4.296721 212.289017 0 1
107.926376 -4.765906 212.483063 0 1
108.075432 -5.034588 212.602753 0 1
107.775955 -5.450017 212.762924 0 1
107.325058 -5.789232 212.897385 0 1
106.892570 -6.122331 213.031235 0 1
106.386719 -6.483706 213.179626 0 1
105.965126 -6.510480 213.186737 0 1
105.540154 -6.325297 213.104980 0 1
105.050865 -6.276768 213.087296 0 1
104.714157 -6.015623 212.983917 0 1
104.380463 -5.742553 212.872101 0 1
103.858368 -5.707222 212.870941 0 1
103.657722 -5.229787 212.680679 0 1
103.603973 -4.715191 212.466019 0 1
103.422981 -4.271609 212.290222 0 1
103.167397 -3.919572 212.159180 0 1
102.848808 -3.643637 212.060532 0 1
102.583115 -3.277757 211.927460 0 1
102.219711 -3.060207 211.862717 0 1
102.511703 -2.527150 211.648544 0 1
102.942970 -2.129206 211.480484 0 1
103.412117 -1.858030 211.365173 0 1
103.978859 -1.827664 211.326263 0 1
104.467628 -1.697481 211.261261 0 1
105.013107 -1.637523 211.224884 0 1
105.513351 -1.717913 211.249420 0 1
106.103165 -1.715811 211.250977 0 1
106.429802 -1.976189 211.347610 0 1
106.733498 -2.306255 211.476578 0 1
106.949020 -2.713072 211.634720 0 1
107.076721 -3.259279 211.848969 0 1
107.309578 -3.716338 212.038574 0 1
107.572861 -4.071918 212.192215 0 1
107.821556 -4.504180 212.373016 0 1
108.037804 -4.865661 212.530731 0 1
107.816856 -5.280277 212.695816 0 1
107.366859 -5.566364 212.802155 0 1
106.972115 -5.936180 212.951401 0 1
106.547638 -6.380256 213.137070 0 1
106.062454 -6.456914 213.165604 0 1
105.625359 -6.293250 213.089645 0 1
105.101395 -6.211385 213.060028 0 1
104.730209 -6.005312 212.979248 0 1
104.473053 -5.713789 212.858887 0 1
103.941010 -5.639967 212.839172 0 1
103.757797 -5.185645 212.660217 0 1
103.664108 -4.666715 212.445160 0 1
103.529045 -4.332843 212.311752 0 1
103.253639 -3.909582 212.148926 0 1
102.995079 -3.605756 212.040314 0 1
102.679428 -3.249342 211.913986 0 1
102.313911 -3.008386 211.839645 0 1
102.634880 -2.402913 211.593323 0 1
103.039856 -2.052240 211.448456 0 1
103.599777 -1.868710 211.360809 0 1
104.134041 -1.808034 211.314011 0 1
104.643410 -1.684632 211.247757 0 1
105.164360 -1.768929 211.268784 0 1
105.712349 -1.776699 211.267731 0 1
106.212929 -1.873516 211.310928 0 1
106.549622 -2.107078 211.398270 0 1
106.752739 -2.558490 211.571777 0 1
106.966309 -3.021413 211.755966 0 1
107.086143 -3.506923 211.946579 0 1
107.275520 -3.942065 212.127426 0 1
107.523819 -4.341684 212.300110 0 1
107.724800 -4.694774 212.447952 0 1
107.879646 -5.062331 212.606888 0 1
107.522545 -5.390977 212.733704 0 1
107.159164 -5.794323 212.893311 0 1
106.646881 -6.159261 213.043472 0 1
106.197487 -6.303295 213.099854 0 1
105.739990 -6.223474 213.062912 0 1
105.258652 -6.123959 213.020676 0 1
104.841522 -5.963090 212.959137 0 1
104.493401 -5.672889 212.842850 0 1
104.037804 -5.544314 212.798004 0 1
103.844070 -5.164556 212.647308 0 1
103.768204 -4.676091 212.446915 0 1
103.599037 -4.271670 212.284576 0 1
103.367645 -3.880841 212.135193 0 1
103.052223 -3.558641 212.017334 0 1
102.731216 -3.268273 211.919113 0 1
102.473763 -2.917926 211.795212 0 1
102.724998 -2.432003 211.599030 0 1
103.145348 -1.966543 211.413986 0 1
103.731499 -1.901891 211.361588 0 1
104.233971 -1.817143 211.312866 0 1
104.807480 -1.720890 211.256775 0 1
105.278061 -1.847622 211.294220 0 1
105.833420 -1.864926 211.299881 0 1
106.269478 -2.047162 211.370651 0 1
106.581299 -2.385409 211.502426 0 1
106.800522 -2.768059 211.652252 0 1
106.919304 -3.222970 211.827698 0 1
107.153061 -3.666375 212.013443 0 1
107.301163 -4.129725 212.203827 0 1
107.636673 -4.440676 212.344238 0 1
107.743622 -4.864142 212.518250 0 1
107.609154 -5.274913 212.690155 0 1
107.220772 -5.707236 212.857300 0 1
106.728096 -6.000769 212.975739 0 1
106.243164 -6.287292 213.093704 0 1
105.922012 -6.150655 213.034927 0 1
105.428116 -6.100661 213.013367 0 1
104.987000 -5.946500 212.951385 0 1
104.688072 -5.659230 212.833572 0 1
104.213295 -5.521362 212.784729 0 1
103.937698 -5.220539 212.665207 0 1
103.811447 -4.659572 212.439453 0 1
103.722054 -4.286787 212.289536 0 1
103.448906 -3.908177 212.142166 0 1
103.232452 -3.532669 212.001770 0 1
102.918175 -3.217841 211.888931 0 1
102.611992 -2.900785 211.783371 0 1
102.852333 -2.467855 211.605728 0 1
103.264946 -2.029270 211.428787 0 1
103.800362 -1.996689 211.393326 0 1
104.351974 -1.854664 211.321289 0 1
104.901024 -1.814325 211.284973 0 1
105.379051 -1.953527 211.327713 0 1
105.934418 -1.926156 211.322662 0 1
106.287117 -2.207514 211.427673 0 1
106.556313 -2.448398 211.525391 0 1
106.780960 -2.878693 211.697037 0 1
106.886620 -3.443754 211.918213 0 1
107.118813 -3.846743 212.083435 0 1
107.320190 -4.174927 212.222595 0 1
107.580795 -4.524156 212.376282 0 1
107.732277 -5.006941 212.579895 0 1
107.445862 -5.322816 212.704300 0 1
107.015068 -5.712604 212.855911 0 1
106.570656 -6.173029 213.048569 0 1
106.020981 -6.213131 213.059158 0 1
105.576332 -6.098518 213.010132 0 1
105.191452 -5.932795 212.942764 0 1
104.827713 -5.669914 212.834930 0 1
104.412209 -5.512601 212.775650 0 1
103.995094 -5.347253 212.718307 0 1
103.863876 -4.835060 212.509445 0 1
103.852005 -4.442008 212.347290 0 1
103.612457 -4.084351 212.207184 0 1
103.365547 -3.697452 212.059799 0 1
103.067719 -3.364523 211.940170 0 1
102.764099 -3.043022 211.831604 0 1
102.743408 -2.565456 211.648346 0 1
103.161057 -2.105926 211.458588 0 1
103.671173 -2.077528 211.428879 0 1
104.246323 -1.919140 211.344330 0 1
104.807724 -1.885050 211.310547 0 1
105.258118 -2.020322 211.351105 0 1
105.836166 -2.019294 211.353455 0 1
106.199265 -2.241790 211.439484 0 1
106.546326 -2.483528 211.538101 0 1
106.753204 -2.845340 211.681213 0 1
106.830513 -3.449440 211.921341 0 1
107.032669 -3.832215 212.076096 0 1
107.265968 -4.264871 212.258392 0 1
107.503624 -4.596788 212.399200 0 1
107.682175 -5.086263 212.612747 0 1
107.250626 -5.404866 212.733429 0 1
106.835991 -5.795722 212.887009 0 1
106.331734 -6.153518 213.036224 0 1
105.868179 -6.040642 212.986115 0 1
105.407555 -5.946353 212.946518 0 1
105.002686 -5.793771 212.884491 0 1
104.668541 -5.515003 212.771973 0 1
104.304008 -5.384570 212.725662 0 1
103.972778 -5.042833 212.592514 0 1
104.009567 -4.553815 212.387955 0 1
103.815216 -4.128322 212.221008 0 1
103.576408 -3.742690 212.069916 0 1
103.254639 -3.461059 211.971573 0 1
102.975945 -3.135532 211.854492 0 1
102.799675 -2.745900 211.715759 0 1
103.186981 -2.238060 211.505798 0 1
103.678688 -2.099411 211.436691 0 1
104.201523 -2.029653 211.385712 0 1
104.763542 -1.930145 211.328629 0 1
105.194214 -2.073012 211.368134 0 1
105.774437 -2.065274 211.365814 0 1
106.175293 -2.299967 211.461685 0 1
106.497185 -2.606609 211.583237 0 1
106.703979 -2.998665 211.739838 0 1
106.783386 -3.544421 211.955872 0 1
107.013184 -3.998544 212.141647 0 1
107.253044 -4.404822 212.316986 0 1
107.521339 -4.779981 212.478760 0 1
107.483719 -5.151246 212.634918 0 1
107.031792 -5.560434 212.790482 0 1
106.641045 -5.858084 212.914185 0 1
106.143051 -6.108551 213.014847 0 1
105.702965 -5.941568 212.940720 0 1
105.244568 -5.822602 212.893265 0 1
104.883003 -5.569295 212.789597 0 1
104.542320 -5.318679 212.688568 0 1
104.077621 -5.178747 212.645813 0 1
103.979385 -4.712821 212.454636 0 1
103.914688 -4.261401 212.271606 0 1
103.673927 -3.877993 212.118744 0 1
103.441078 -3.481730 211.970078 0 1
103.119926 -3.177984 211.868530 0 1
102.831604 -2.863081 211.758530 0 1
103.193466 -2.337718 211.541122 0 1
103.639915 -2.190559 211.471466 0 1
104.210655 -2.087956 211.408768 0 1
104.727409 -1.979777 211.348923 0 1
105.254776 -2.112551 211.384232 0 1
105.807610 -2.128504 211.390213 0 1
106.146805 -2.390638 211.496964 0 1
106.371216 -2.753688 211.640244 0 1
106.633461 -3.113453 211.781693 0 1
106.732635 -3.629921 211.988266 0 1
106.971344 -3.995488 212.139938 0 1
107.170113 -4.439798 212.326523 0 1
107.454117 -4.750702 212.464050 0 1
107.367813 -5.107622 212.611740 0 1
106.902794 -5.520183 212.774551 0 1
106.495087 -5.966833 212.958420 0 1
106.078812 -5.882639 212.918640 0 1
105.604836 -5.829753 212.892899 0 1
105.134079 -5.717584 212.850647 0 1
104.879074 -5.363647 212.706741 0 1
104.382019 -5.245660 212.663864 0 1
104.102989 -4.958681 212.555099 0 1
104.112175 -4.461338 212.343033 0 1
103.932434 -3.985611 212.155396 0 1
103.634453 -3.602706 212.010269 0 1
103.321892 -3.298990 211.900833 0 1
103.051346 -2.914711 211.764450 0 1
103.038559 -2.618107 211.654205 0 1
103.405930 -2.319509 211.526581 0 1
103.983803 -2.229652 211.467133 0 1
104.532654 -2.100648 211.396454 0 1
105.052048 -2.131183 211.388931 0 1
105.543541 -2.179983 211.406174 0 1
105.974052 -2.370265 211.485489 0 1
106.323601 -2.669367 211.603333 0 1
106.593880 -2.996146 211.736328 0 1
106.625145 -3.584649 211.966965 0 1
106.835838 -4.019659 212.145538 0 1
107.056999 -4.448162 212.325119 0 1
107.276871 -4.744008 212.456284 0 1
107.279442 -5.186535 212.642776 0 1
106.792885 -5.563413 212.789963 0 1
106.362335 -5.949251 212.949417 0 1
105.918671 -5.799369 212.881912 0 1
105.445221 -5.757398 212.862411 0 1
105.062469 -5.482030 212.749329 0 1
104.723991 -5.268503 212.667892 0 1
104.269234 -5.101259 212.606949 0 1
104.187355 -4.620410 212.409180 0 1
104.012726 -4.190712 212.238663 0 1
103.806892 -3.818398 212.092896 0 1
103.565369 -3.431315 211.945602 0 1
103.266388 -3.126327 211.838547 0 1
102.977600 -2.837417 211.739044 0 1
103.380890 -2.377618 211.548248 0 1
103.920258 -2.334534 211.510117 0 1
104.474907 -2.184008 211.429199 0 1
104.997841 -2.171266 211.404510 0 1
105.483170 -2.263428 211.435760 0 1
105.913521 -2.443466 211.509003 0 1
106.258385 -2.700847 211.613434 0 1
106.553017 -3.083239 211.768280 0 1
106.579163 -3.628271 211.984390 0 1
106.783150 -4.030037 212.148056 0 1
107.002182 -4.493392 212.343201 0 1
107.225143 -4.784106 212.470673 0 1
107.098457 -5.269568 212.671936 0 1
106.648987 -5.618837 212.809784 0 1
106.238060 -5.812895 212.889206 0 1
105.766891 -5.717096 212.845459 0 1
105.331200 -5.559666 212.778519 0 1
104.976196 -5.303182 212.676666 0 1
104.603874 -5.160496 212.624847 0 1
104.239868 -4.876018 212.514755 0 1
104.231438 -4.342700 212.289764 0 1
104.102615 -3.917855 212.122787 0 1
103.840614 -3.536967 211.974289 0 1
103.528938 -3.264510 211.881042 0 1
103.247421 -2.948966 211.771896 0 1
103.221878 -2.535225 211.616714 0 1
103.736549 -2.380152 211.534225 0 1
104.279182 -2.239702 211.459473 0 1
104.804497 -2.228341 211.431824 0 1
105.267708 -2.319422 211.457077 0 1
105.825249 -2.337254 211.467438 0 1
106.121719 -2.620491 211.579681 0 1
106.335358 -3.075999 211.762985 0 1
106.552193 -3.514807 211.938919 0 1
106.643143 -3.995056 212.132538 0 1
106.840904 -4.408506 212.307419 0 1
107.083084 -4.723162 212.441116 0 1
107.166832 -5.107312 212.604553 0 1
106.739868 -5.428543 212.732025 0 1
106.322922 -5.764743 212.868439 0 1
105.854950 -5.655693 212.818527 0 1
105.432678 -5.502345 212.756363 0 1
105.016060 -5.333309 212.689133 0 1
104.699371 -5.056218 212.578079 0 1
104.292923 -4.896311 212.522644 0 1
104.305229 -4.299086 212.271744 0 1
104.145920 -4.000341 212.156448 0 1
103.890526 -3.624834 212.008118 0 1
103.583687 -3.268320 211.879669 0 1
103.283913 -2.935146 211.764648 0 1
103.268074 -2.522252 211.609756 0 1
103.855026 -2.400000 211.537170 0 1
104.404587 -2.283979 211.468506 0 1
104.882957 -2.353351 211.474625 0 1
105.436630 -2.360468 211.472000 0 1
105.857651 -2.540313 211.542953 0 1
106.132591 -2.804170 211.651352 0 1
106.411362 -3.178541 211.800674 0 1
106.453888 -3.694464 212.008057 0 1
106.655663 -4.134792 212.189285 0 1
106.841858 -4.541987 212.361618 0 1
107.123169 -4.864807 212.503113 0 1
106.855156 -5.276358 212.668976 0 1
106.452232 -5.752439 212.866852 0 1
105.953896 -5.627156 212.807999 0 1
105.522751 -5.519466 212.761353 0 1
105.176498 -5.270934 212.662567 0 1
104.780403 -5.091624 212.591064 0 1
104.358269 -4.918288 212.529709 0 1
104.345428 -4.378472 212.304886 0 1
104.215012 -4.012584 212.159943 0 1
103.995285 -3.595750 211.994568 0 1
103.699333 -3.260640 211.870590 0 1
103.425087 -2.941034 211.759201 0 1
103.396332 -2.553692 211.614883 0 1
103.944130 -2.518976 211.575699 0 1
104.488640 -2.377456 211.498459 0 1
105.045158 -2.401396 211.492126 0 1
105.547340 -2.416678 211.491898 0 1
105.893951 -2.678420 211.601486 0 1
106.163628 -3.040175 211.742935 0 1
106.423965 -3.447801 211.910736 0 1
106.514458 -3.939366 212.108398 0 1
106.698181 -4.331493 212.272400 0 1
106.907211 -4.769382 212.458252 0 1
106.991920 -5.154984 212.619980 0 1
106.551949 -5.491726 212.757812 0 1
106.179146 -5.546202 212.776398 0 1
105.661171 -5.480825 212.742523 0 1
105.285385 -5.281834 212.664749 0 1
104.944489 -5.029404 212.564331 0 1
104.501999 -4.956171 212.539429 0 1
104.443581 -4.436098 212.325287 0 1
104.303215 -3.909722 212.112167 0 1
104.070122 -3.556348 211.977112 0 1
103.782455 -3.157213 211.828201 0 1
103.433640 -2.903327 211.744293 0 1
103.571083 -2.582202 211.614349 0 1
104.121017 -2.579408 211.590820 0 1
104.669571 -2.455283 211.517548 0 1
105.159599 -2.495939 211.526169 0 1
105.678284 -2.574717 211.555893 0 1
106.001251 -2.894710 211.685471 0 1
106.197418 -3.308112 211.848022 0 1
106.323761 -3.714237 212.014999 0 1
106.532539 -4.185971 212.209717 0 1
106.743042 -4.642959 212.402237 0 1
106.995621 -5.012719 212.561188 0 1
106.664131 -5.325690 212.690002 0 1
106.232674 -5.498202 212.755005 0 1
105.728935 -5.459352 212.735138 0 1
105.317055 -5.285982 212.666428 0 1
105.016136 -4.939749 212.525803 0 1
104.524788 -4.845934 212.491547 0 1
104.461800 -4.392913 212.307144 0 1
104.373589 -3.851419 212.085098 0 1
104.095306 -3.488658 211.947311 0 1
103.819420 -3.136451 211.818497 0 1
103.518387 -2.800433 211.699524 0 1
103.779076 -2.635850 211.628677 0 1
104.300430 -2.493873 211.549576 0 1
104.814468 -2.553485 211.554947 0 1
105.346443 -2.582422 211.558945 0 1
105.788956 -2.734599 211.619858 0 1
106.010063 -3.120590 211.771606 0 1
106.287048 -3.443698 211.906128 0 1
106.312515 -4.024625 212.141968 0 1
106.544235 -4.398925 212.298523 0 1
106.723900 -4.829243 212.476669 0 1
106.825867 -5.095323 212.593506 0 1
106.369690 -5.423533 212.724228 0 1
105.883057 -5.390887 212.705704 0 1
105.454819 -5.221910 212.637497 0 1
105.120750 -4.954726 212.530396 0 1
104.681969 -4.786184 212.467285 0 1
104.586800 -4.465487 212.334473 0 1
104.515244 -3.939263 212.117126 0 1
104.226990 -3.538890 211.961639 0 1
103.929672 -3.259838 211.858749 0 1
103.691544 -2.831185 211.706223 0 1
103.907799 -2.663742 211.634949 0 1
104.332817 -2.571619 211.576462 0 1
104.807648 -2.628309 211.584564 0 1
105.392387 -2.629297 211.573837 0 1
105.739204 -2.850314 211.661789 0 1
105.985840 -3.283452 211.838440 0 1
106.193748 -3.575495 211.955917 0 1
106.310242 -4.107768 212.175293 0 1
106.560341 -4.522887 212.351120 0 1
106.754906 -4.940947 212.526657 0 1
106.410591 -5.356287 212.695419 0 1
105.910652 -5.304988 212.670319 0 1
105.525856 -5.117126 212.592514 0 1
105.143120 -4.898028 212.506714 0 1
104.757683 -4.770093 212.459015 0 1
104.616035 -4.336210 212.276978 0 1
104.538956 -3.805400 212.061356 0 1
104.215721 -3.488284 211.942413 0 1
104.008232 -3.091950 211.792465 0 1
103.720032 -2.745368 211.671646 0 1
104.204231 -2.741797 211.651413 0 1
104.682961 -2.664197 211.600784 0 1
105.233818 -2.657930 211.591232 0 1
105.625542 -2.859005 211.667542 0 1
105.926529 -3.167416 211.790237 0 1
106.110275 -3.571669 211.955078 0 1
106.235634 -4.096331 212.170074 0 1
106.500717 -4.474992 212.329926 0 1
106.646317 -4.956506 212.532242 0 1
106.317055 -5.306693 212.675446 0 1
105.846176 -5.236198 212.638443 0 1
105.476448 -5.002589 212.544388 0 1
105.129044 -4.753222 212.442078 0 1
104.646812 -4.654278 212.408691 0 1
104.715355 -4.109551 212.182968 0 1
104.482918 -3.682780 212.011948 0 1
104.183495 -3.317039 211.875168 0 1
103.948257 -2.923150 211.730362 0 1
104.251022 -2.834929 211.681717 0 1
104.731873 -2.750340 211.634827 0 1
105.300095 -2.768072 211.630051 0 1
105.617401 -3.012670 211.728973 0 1
105.828003 -3.368928 211.869125 0 1
106.089523 -3.685810 212.000000 0 1
106.217216 -4.257147 212.233231 0 1
106.473083 -4.636456 212.394943 0 1
106.580559 -5.044820 212.569077 0 1
106.134911 -5.192927 212.625046 0 1
105.648262 -5.037844 212.557480 0 1
105.364647 -4.796307 212.458679 0 1
104.961769 -4.637703 212.398544 0 1
104.732315 -4.297856 212.257370 0 1
104.665489 -3.820863 212.064041 0 1
104.430756 -3.459280 211.924728 0 1
104.174736 -3.043239 211.769913 0 1
104.331367 -2.862213 211.687820 0 1
104.801521 -2.788439 211.648819 0 1
105.349060 -2.817605 211.649536 0 1
105.642342 -3.118471 211.770111 0 1
105.818977 -3.499590 211.920074 0 1
106.068016 -3.893943 212.087189 0 1
106.231651 -4.381659 212.286667 0 1
106.423706 -4.821748 212.472336 0 1
106.331886 -5.201730 212.629745 0 1
105.843437 -5.096720 212.580032 0 1
105.470985 -4.824438 212.470963 0 1
105.093742 -4.549336 212.358978 0 1
104.835785 -4.295721 212.256241 0 1
104.727188 -3.796216 212.053833 0 1
104.493370 -3.362650 211.883621 0 1
104.259003 -2.970469 211.736694 0 1
104.472580 -2.789267 211.655853 0 1
104.992783 -2.844125 211.663681 0 1
105.373306 -3.030786 211.738113 0 1
105.738831 -3.295669 211.839203 0 1
105.971024 -3.701306 212.006302 0 1
106.063110 -4.238019 212.224884 0 1
106.267204 -4.704992 212.424255 0 1
106.424591 -5.136965 212.606094 0 1
105.989449 -5.009274 212.544449 0 1
105.565063 -4.818518 212.467316 0 1
105.184242 -4.585351 212.372833 0 1
104.832954 -4.368560 212.288086 0 1
104.817337 -3.845504 212.072998 0 1
104.593414 -3.457166 211.918747 0 1
104.367134 -3.055325 211.766357 0 1
104.704323 -2.946539 211.712219 0 1
105.247734 -2.929852 211.692978 0 1
105.550430 -3.235251 211.815872 0 1
105.798027 -3.590984 211.960983 0 1
105.987595 -4.079663 212.161896 0 1
106.159492 -4.557198 212.359116 0 1
106.331360 -4.980618 212.536987 0 1
105.872772 -4.912488 212.506927 0 1
105.552925 -4.699878 212.419632 0 1
105.195335 -4.429841 212.308411 0 1
104.993950 -4.116628 212.182571 0 1
104.813683 -3.696604 212.009460 0 1
104.616234 -3.251578 211.834900 0 1
104.677650 -2.987810 211.728027 0 1
105.223022 -2.988146 211.716110 0 1
105.474106 -3.308896 211.843887 0 1
105.746284 -3.656802 211.986771 0 1
105.942123 -4.148796 212.189255 0 1
106.063942 -4.629871 212.388672 0 1
106.164001 -4.968181 212.528000 0 1
105.780708 -4.731831 212.427826 0 1
105.417107 -4.498068 212.334991 0 1
104.955132 -4.394595 212.298065 0 1
105.011734 -3.828605 212.063599 0 1
104.768196 -3.381436 211.883759 0 1
104.568138 -3.024836 211.746902 0 1
105.126320 -3.036783 211.738846 0 1
105.451767 -3.353270 211.861725 0 1
105.708565 -3.719385 212.011826 0 1
105.865410 -4.191052 212.204407 0 1
106.032639 -4.698965 212.417511 0 1
105.857681 -4.779976 212.450668 0 1
105.562889 -4.458915 212.317917 0 1
105.152542 -4.286905 212.252258 0 1
105.057129 -3.812341 212.056046 0 1
104.848785 -3.355638 211.872208 0 1
104.896172 -3.109195 211.772385 0 1
105.258362 -3.324477 211.853302 0 1
105.533806 -3.684681 211.993240 0 1
105.778313 -4.079916 212.158478 0 1
105.918144 -4.605566 212.376221 0 1
105.697739 -4.423672 212.300903 0 1
105.256615 -4.265894 212.240524 0 1
105.133514 -3.845308 212.068985 0 1
104.985054 -3.345799 211.866257 0 1
105.044991 -3.151673 211.787323 0 1
105.343971 -3.485684 211.918289 0 1
105.619385 -3.856510 212.066086 0 1
105.772758 -4.311546 212.253555 0 1
105.535286 -4.228140 212.218277 0 1
105.252235 -3.999708 212.127426 0 1
105.045677 -3.496451 211.925659 0 1
105.081360 -3.382372 211.881378 0 1
105.378738 -3.713269 212.007721 0 1
105.654709 -4.083260 212.161560 0 1
105.425163 -4.104217 212.168335 0 1
105.232239 -3.761048 212.031921 0 1
105.296982 -3.650162 211.985535 0 1
105.512253 -4.107092 212.170868 0 1
109.098679 -8.866792 214.700836 0 1
98.319412 2.537902 212.300476 0 1
102.887527 5.112527 211.459549 0 1
106.638451 5.151313 211.532455 0 1
110.140083 4.089382 211.999130 0 1
110.461029 3.708258 211.874527 0 1
113.688194 0.138809 213.376251 0 1
113.971863 -5.755225 215.579910 0 1
112.296242 -8.612020 216.627304 0 1
106.795876 -11.735881 218.107773 0 1
100.658096 -10.637239 217.291489 0 1
96.055855 -4.705736 214.984024 0 1
97.624374 1.486036 212.470078 0 1
98.400528 -8.340692 215.762207 0 1
112.323647 0.837560 212.214005 0 1
111.526474 -5.948322 213.321365 1 0
111.492958 -5.994463 213.388977 0 1
111.419670 -6.015728 213.209259 1 0
108.610046 -9.036653 214.716248 0 1
108.792313 -8.897185 214.646561 0 1
111.174271 -6.271505 213.312515 1 0
97.943687 1.937343 212.317398 0 1
108.754158 4.642344 211.825470 0 1
111.142586 3.311046 212.099976 0 1
112.821899 1.594262 212.746399 0 1
114.028084 -0.771827 213.731094 0 1
111.712318 -9.246388 217.048111 0 1
101.218193 -10.967252 217.579025 0 1
97.016937 -7.007423 215.775421 0 1
96.157700 -1.347185 213.701492 0 1
97.849678 1.765559 212.338989 0 1
110.691345 3.561979 211.917221 0 1
110.589157 3.691377 211.953217 0 1
113.468773 -6.743305 215.972260 0 1
97.579269 -7.908615 215.993881 0 1
109.647789 4.387496 211.996704 0 1
96.718887 -6.417433 215.614594 0 1
108.633316 -11.216100 218.011566 0 1
108.926964 -8.843949 214.636230 0 1
113.036842 1.257946 212.815399 0 1
111.944794 -0.163710 211.803467 0 1
111.485901 2.666667 212.124298 0 1
113.526268 -1.467111 213.287827 0 1
112.651398 -5.277699 213.760483 0 1
98.173462 1.793980 212.167969 0 1
99.295692 -9.323725 216.275726 0 1
98.564232 -5.324222 213.387543 0 1
98.101700 -6.013512 214.069412 0 1
98.106606 -1.906838 212.190033 0 1
106.226654 -9.571274 214.609512 0 1
111.872467 -3.950579 212.813263 0 1
110.632324 -6.457097 213.180588 0 1
96.380791 -0.576371 213.460022 0 1
112.176132 -6.001070 213.916946 0 1
98.939438 -0.224118 211.863052 0 1
111.474434 -5.790110 212.990829 1 0
96.737717 0.092126 213.158829 0 1
111.693443 -8.171146 215.708725 0 1
110.840775 -6.422975 213.172287 1 0
105.812920 5.286393 211.486099 0 1
109.063805 -10.106791 215.747818 0 1
109.334938 -5.573171 212.877060 0 1
112.294014 -5.678656 213.677277 0 1
112.470818 1.922746 212.573502 0 1
110.368942 -9.549166 216.089478 0 1
110.545845 -2.728511 211.819733 0 1
105.503937 -9.755094 214.786484 0 1
108.701103 -8.856296 214.589294 0 1
113.412628 0.697731 213.116226 0 1
100.577957 -8.794847 215.022324 0 1
100.693390 2.119417 210.955093 0 1
109.060692 -8.801795 214.638367 0 1
108.649467 -11.199732 217.923187 0 1
109.988487 -5.631972 212.676224 1 0
110.382584 -10.351467 217.483017 0 1
96.866974 0.255875 213.049728 0 1
103.865700 4.941369 211.157654 0 1
98.178146 -6.002475 213.993546 0 1
113.833031 -1.356486 213.540421 0 1
110.369102 -6.144015 213.054306 0 1
112.161339 -5.696364 213.526779 1 0
111.637856 -7.266417 214.800293 0 1
106.165619 -9.562294 214.593826 0 1
109.598694 -8.013606 214.126694 0 1
109.942543 -8.502707 214.757629 0 1
112.242516 -8.680519 216.684494 0 1
112.943672 -4.723068 213.807266 0 1
112.458733 -8.095944 216.164368 0 1
109.801224 -10.429676 216.922516 0 1
98.462456 -3.534100 212.568512 0 1
104.213539 5.349658 211.419510 0 1
103.548782 5.265774 211.412277 0 1
100.671036 2.137614 210.965164 0 1
104.039612 5.038077 211.193344 0 1
113.303688 0.965311 213.074814 0 1
112.959679 1.143995 212.701767 0 1
111.206383 -4.954146 212.580048 1 0
107.271797 -9.767934 215.028900 0 1
109.527031 -10.849072 217.713226 0 1
99.266556 -9.254209 216.205627 0 1
101.909340 -11.058579 217.270386 0 1
101.308868 2.229746 210.740585 0 1
98.509560 -7.333678 214.472946 0 1
101.278145 2.961232 210.892197 0 1
108.936867 -10.941776 217.468704 0 1
109.739944 -8.508623 214.627060 0 1
106.168610 2.423511 210.447174 0 1
108.250992 2.765569 210.872528 0 1
112.932915 0.935574 212.648010 0 1
98.301788 -5.662682 213.756592 0 1
113.841141 -1.347097 213.547928 0 1
109.919197 -7.565689 213.858505 0 1
112.486595 -7.639918 215.746643 0 1
113.344025 -0.954241 213.078232 0 1
98.335602 -5.678073 213.734650 0 1
98.797554 -9.049979 216.387634 0 1
110.599258 -6.055495 212.761688 1 0
101.854874 -9.553529 215.198868 0 1
113.240555 0.978535 212.972946 0 1
100.956467 3.194806 211.080276 0 1
97.332336 -6.207603 214.749603 0 1
105.738808 5.305140 211.490707 0 1
111.516518 -5.288914 212.882858 1 0
101.747955 2.977350 210.823975 0 1
111.570885 -5.381957 212.917572 1 0
111.222214 -5.403097 212.568405 1 0
112.326569 0.389152 212.107285 0 1
110.878944 3.325804 211.911224 0 1
100.898209 -7.542677 213.793518 0 1
108.383766 -11.248239 217.835373 0 1
110.963501 -6.433161 213.331207 1 0
96.455391 -4.708246 214.586884 0 1
113.095428 1.096815 212.807159 0 1
112.532433 -7.545466 215.692032 0 1
113.656471 -4.817239 214.557190 0 1
100.442505 -0.608468 211.167130 0 1
96.621674 -5.832627 215.240646 0 1
106.018616 -11.585608 217.460388 0 1
108.552277 2.183745 210.872391 0 1
111.882202 0.097482 211.766129 0 1
110.960007 -6.364528 213.143158 0 1
110.365364 -9.737418 216.378571 0 1
109.839348 -10.039700 216.299942 0 1
110.684853 -4.949066 212.706116 0 1
105.997200 -11.823142 218.076157 0 1
106.030342 4.501409 211.111221 0 1
109.029068 -10.441180 216.383987 0 1
98.274315 -7.694578 214.958054 0 1
101.212860 -10.054598 216.123581 0 1
110.228981 -10.412479 217.386032 0 1
97.881805 -6.124445 214.287964 0 1
110.393623 -7.998995 214.608780 0 1
113.679153 -3.886329 214.153503 0 1
97.079269 0.667588 212.888550 0 1
98.705315 -6.855722 214.106781 0 1
104.102570 -10.566892 215.662231 0 1
107.593475 -10.937359 216.764740 0 1
107.117104 4.152737 211.020935 0 1
102.266716 3.120018 210.829590 0 1
103.076111 -11.631761 217.705597 0 1
103.960068 -11.564377 217.505676 0 1
105.479309 -9.979840 215.038757 0 1
114.002800 -5.018559 215.057404 0 1
107.727089 -9.831123 215.171112 0 1
101.344948 -10.257538 216.287735 0 1
110.647194 3.504543 211.838303 0 1
111.172516 -6.197224 213.027145 1 0
110.513260 -6.871677 213.658524 0 1
97.598946 -2.280275 212.498230 0 1
107.669388 -11.160115 217.168579 0 1
113.716515 -1.599579 213.464325 0 1
98.504654 -7.596162 214.636536 0 1
106.074959 -11.823345 218.076904 0 1
98.965172 -4.322803 212.636765 0 1
110.581001 -3.021825 211.921707 0 1
114.264420 -2.805265 214.343597 0 1
106.955666 -11.699533 217.964355 0 1
111.580544 -9.275231 216.957733 0 1
113.992020 -1.181775 213.709702 0 1
110.790230 -4.905568 212.712097 1 0
112.241493 -5.749898 213.748917 1 0
113.573418 -5.120213 214.604507 0 1
99.357010 1.883992 211.601578 0 1
96.788857 -0.093408 213.098465 0 1
109.042854 -8.797343 214.630844 0 1
109.435562 -10.274516 216.288116 0 1
111.444092 -5.080331 212.785141 0 1
109.935303 -5.648678 212.829102 0 1
108.819199 -10.306431 215.999542 0 1
112.941940 -0.866501 212.709274 0 1
106.594330 2.917706 210.497375 0 1
102.530067 -10.226868 215.602310 0 1
110.500000 -5.544082 212.452850 1 0
112.033127 -5.817531 213.702499 1 0
109.845993 -8.214917 214.414673 0 1
97.882500 1.406164 212.293930 0 1
112.144279 -6.006679 213.903381 0 1
100.892815 2.042362 210.862747 0 1
113.320213 0.689202 213.006577 0 1
96.950554 -5.875082 214.883484 0 1
101.282112 1.291565 210.824860 0 1
110.268875 -9.539261 215.989868 0 1
98.381897 2.385899 212.206924 0 1
102.970337 -11.624205 217.708984 0 1
111.488480 -5.392607 212.864105 0 1
97.894485 -4.494195 213.447495 0 1
103.552444 4.817744 211.150330 0 1
111.018730 -4.565929 212.678131 0 1
111.590294 -5.039825 212.872040 1 0
110.329781 1.475100 211.417816 0 1
100.296371 3.946017 211.617828 0 1
106.474579 0.639331 210.497208 0 1
110.853889 -9.890982 217.185760 0 1
110.114838 -7.252739 213.722137 0 1
105.316162 -11.789831 217.974167 0 1
101.290375 2.084652 210.753387 0 1
96.073967 -4.235271 214.731888 0 1
96.945084 -3.125769 213.422974 0 1
99.506218 -9.257015 216.079178 0 1
102.994453 -11.396011 217.215485 0 1
97.676346 -7.669880 215.584717 0 1
98.556236 -7.667869 214.669083 0 1
96.955727 -5.822274 214.833054 0 1
111.991882 -4.789352 213.191360 1 0
104.347946 5.434151 211.517914 0 1
102.521133 -10.202640 215.578995 0 1
110.426804 -8.698434 215.284195 0 1
110.370781 -5.554053 212.465530 0 1
98.230911 1.769240 212.136169 0 1
96.801834 -0.449749 213.076767 0 1
110.437561 -5.774669 212.557648 1 0
107.048508 -11.315462 217.230545 0 1
98.081062 2.193624 212.318115 0 1
96.422302 -5.794499 215.430573 0 1
112.928474 0.457352 212.646011 0 1
111.091576 -3.477175 212.170410 0 1
109.801323 -10.520546 217.107483 0 1
99.741234 -10.044604 216.865707 0 1
99.273102 -9.097930 216.009277 0 1
110.538734 -8.401429 215.106705 0 1
112.427025 -5.477895 213.589096 1 0
111.237106 -3.411676 212.218719 0 1
109.144974 -6.402298 213.226395 0 1
112.428307 -5.111618 213.557541 1 0
105.569908 3.872865 210.818161 0 1
104.163689 5.406364 211.494095 0 1
98.017365 -1.902960 212.221344 0 1
109.565956 -10.403119 216.664505 0 1
113.576897 -3.611939 213.949417 0 1
105.595016 -9.822460 214.850586 0 1
113.936630 -5.375916 215.154648 0 1
97.563248 -6.663436 214.850708 0 1
110.273071 -5.821067 212.633072 0 1
112.029510 -5.570623 213.166595 1 0
113.610420 -0.062780 213.301712 0 1
111.232338 -9.603148 217.125290 0 1
101.151329 -5.935183 213.044739 0 1
102.574463 3.922180 211.009277 0 1
109.178940 -6.445091 213.246277 0 1
107.146545 4.283504 211.092804 0 1
99.200424 1.882188 211.672318 0 1
109.144417 -0.248859 210.891312 0 1
111.467560 -5.905635 213.081375 1 0
110.762909 -5.284621 212.453705 1 0
99.853035 -2.681420 211.853394 0 1
103.871498 5.304633 211.395645 0 1
107.230240 -11.641009 218.110550 0 1
97.866158 1.751477 212.314728 0 1
111.544861 -1.778911 211.975311 0 1
114.243553 -1.897054 213.984238 0 1
111.739807 -5.852065 213.449188 1 0
112.831573 1.286326 212.651871 0 1
110.678764 -6.178128 212.878998 1 0
114.174545 -5.112746 215.317856 0 1
112.248459 -5.488021 213.344131 0 1
107.300217 4.747874 211.379623 0 1
110.082466 0.041665 211.150101 0 1
112.903717 0.857277 212.614883 0 1
110.626381 -5.259059 212.454132 1 0
103.540520 5.092451 211.267899 0 1
104.432449 -10.289118 215.369522 0 1
112.198563 -5.634648 213.438202 0 1
110.803680 -7.026542 213.932709 0 1
109.355980 -10.107014 215.901672 0 1
112.953400 -0.117084 212.685181 0 1
114.260132 -3.200208 214.527527 0 1
100.071632 -8.649746 215.102661 0 1
109.084412 -8.800538 214.644379 0 1
102.272476 3.670653 210.968460 0 1
96.146141 -4.971376 215.050262 0 1
112.043709 -0.011175 211.847717 0 1
100.792526 0.490922 211.006287 0 1
111.106422 -6.159934 212.941605 1 0
98.668121 -5.414822 213.357101 0 1
111.922997 -4.354069 212.974594 0 1
114.256020 -2.037057 213.995010 0 1
109.919930 -8.540631 214.770920 0 1
111.107224 -2.994293 212.038620 0 1
97.413689 -6.200440 214.669113 0 1
103.439430 5.208127 211.381226 0 1
108.885773 -6.086684 213.055405 0 1
108.915436 -9.967976 215.565247 0 1
107.652657 -11.298896 217.464584 0 1
112.990013 1.129279 212.721405 0 1
110.313385 -5.220100 212.608978 1 0
99.887703 -6.572904 213.522247 0 1
105.650902 -9.668937 214.694687 0 1
107.774925 -9.408561 214.820038 0 1
111.186508 -5.170978 212.539673 1 0
113.488640 -3.073802 213.720291 0 1
109.932922 -8.123221 214.382095 0 1
96.426376 -0.954638 213.385208 0 1
113.355080 -1.973170 213.309357 0 1
107.048073 -9.635292 214.838806 0 1
109.120590 -10.951713 217.628967 0 1
97.707848 -7.696573 215.580994 0 1
110.124184 -7.925711 214.326797 0 1
108.961655 -10.624159 216.745651 0 1
111.170906 -6.044307 212.870697 1 0
110.053871 -5.659999 212.583206 1 0
108.575157 -11.211735 217.877350 0 1
110.799896 -6.895266 213.792542 0 1
108.051369 -11.415112 218.120117 0 1
113.246101 -6.673533 215.607422 0 1
98.430077 -5.713436 213.656937 0 1
96.998184 -5.628547 214.670441 0 1
107.440506 -11.379005 217.521881 0 1
101.504868 3.265138 210.969452 0 1
110.091888 -7.059184 213.608154 0 1
107.801041 -9.801026 215.153320 0 1
111.077698 -8.676626 215.761536 0 1
109.415085 -5.572878 212.881409 1 0
112.303940 -5.698839 213.722610 1 0
100.912888 2.918286 210.991516 0 1
110.422409 -6.609403 213.479111 1 0
109.973755 -10.510903 217.260864 0 1
110.611038 -8.445480 215.197083 0 1
114.174164 -1.268679 213.896637 0 1
108.423645 0.113351 210.683762 0 1
101.718918 2.825285 210.768448 0 1
114.395851 -2.533517 214.395813 0 1
106.767624 2.980062 210.509262 0 1
111.086494 -6.513686 213.681549 1 0
99.434288 -8.561260 215.312958 0 1
112.594780 -0.170365 212.347763 0 1
96.926323 -5.575119 214.691803 0 1
112.395264 -5.770369 213.856400 0 1
101.315514 2.637656 210.777161 0 1
98.423920 -7.796353 214.936478 0 1
105.418060 -9.860945 214.894287 0 1
110.329750 -5.358193 212.457550 1 0
98.515434 -5.728561 213.612183 0 1
110.769989 -5.043013 212.579880 1 0
114.220291 -1.576861 213.948715 0 1
104.246384 -10.291896 215.372528 0 1
97.640549 -7.737670 215.699600 0 1
110.979004 -5.260463 212.498550 1 0
107.547012 -9.870244 215.183182 0 1
107.024269 0.474508 210.547897 0 1
109.436867 -5.575764 212.884079 1 0
98.015038 -6.142407 214.205078 0 1
108.019989 -10.842074 216.700043 0 1
98.177078 -8.138553 215.699692 0 1
96.063911 -4.581515 214.851974 0 1
97.646492 -2.146161 212.414078 0 1
99.483704 -9.696684 216.607437 0 1
111.538574 2.648213 212.151871 0 1
112.101952 -5.788830 213.712494 1 0
110.044548 -6.038117 213.118210 1 0
108.160385 1.020514 210.588104 0 1
112.996582 -0.924659 212.767731 0 1
109.301102 -10.936980 217.741547 0 1
111.935921 -5.726737 213.248840 1 0
110.531601 -10.079659 217.149460 0 1
112.216652 -6.006749 213.942642 0 1
98.489250 -1.665880 212.021301 0 1
107.784325 -11.051396 217.005096 0 1
110.648781 -4.937638 212.706665 1 0
112.360603 -5.548320 213.569977 1 0
112.454102 -7.657669 215.744141 0 1
107.920380 -9.432640 214.869659 0 1
110.930656 1.380436 211.607117 0 1
112.823997 -5.030033 213.796539 0 1
106.952171 4.118927 210.979767 0 1
109.327950 -5.750424 212.948090 0 1
110.843300 -9.099062 215.985809 0 1
97.516418 -1.363823 212.462097 0 1
98.365311 -0.681783 212.087158 0 1
113.980309 -0.746666 213.680496 0 1
101.769714 -8.495867 214.127136 0 1
106.663742 -9.453262 214.596252 0 1
111.269478 -5.261415 212.581650 0 1
110.572746 -7.700646 214.452408 0 1
98.342407 -7.762681 214.976959 0 1
103.078697 -9.938527 215.173019 0 1
97.596451 -2.274235 212.497314 0 1
106.600182 3.132493 210.541031 0 1
110.511337 -9.299169 215.939590 0 1
100.441605 3.998907 211.572556 0 1
108.853745 -5.905312 212.978363 0 1
99.286819 -5.261978 212.910202 0 1
103.297836 -10.884391 216.009354 0 1
112.400749 -5.373264 213.486176 1 0
111.914452 -6.001404 213.791656 1 0
100.497482 -0.556125 211.146500 0 1
109.714783 -5.453944 212.854401 1 0
103.303970 -11.033195 216.273972 0 1
110.495949 -9.414124 216.045303 0 1
97.715912 -6.636087 214.677170 0 1
96.820297 0.305121 213.092194 0 1
106.374207 -11.530864 217.418304 0 1
110.250740 -10.411036 217.410416 0 1
97.609261 -2.170133 212.445877 0 1
99.194893 -9.081617 216.034317 0 1
104.055336 5.224828 211.302704 0 1
111.919487 -3.848889 212.809387 0 1
99.230164 -0.016006 211.737564 0 1
114.268288 -2.222480 214.078354 0 1
109.573402 -10.761393 217.479660 0 1
98.071899 -7.805594 215.325684 0 1
109.088295 -10.775414 217.190765 0 1
111.948547 0.151083 211.812561 0 1
111.454071 -5.579602 212.841537 0 1
109.548584 -10.652131 217.196533 0 1
113.571571 -3.542528 213.921051 0 1
105.078247 -10.136391 215.211563 0 1
107.121193 -11.670804 218.060669 0 1
108.109741 -11.397335 218.068436 0 1
111.761238 -5.824488 213.266342 0 1
102.919022 -11.560149 217.593811 0 1
110.533752 -10.197348 217.353638 0 1
106.845535 -11.729322 217.954590 0 1
96.354691 -4.856514 214.731583 0 1
112.908577 -4.915983 213.818604 0 1
107.021210 1.997052 210.503159 0 1
110.539162 3.569778 211.812912 0 1
109.877274 -7.658605 213.917252 0 1
109.296387 -0.463538 210.965851 0 1
110.298042 -5.085286 212.713852 1 0
110.915695 -6.488963 213.454819 1 0
110.413109 -5.764640 212.557861 1 0
100.019409 -0.871985 211.356461 0 1
111.066513 -5.545231 212.529099 1 0
108.387215 0.306278 210.634232 0 1
110.100548 -9.588656 215.904785 0 1
101.295753 -10.731310 217.027893 0 1
104.089691 -10.444285 215.530441 0 1
108.258949 -11.051714 217.281403 0 1
111.864738 2.450487 212.310532 0 1
110.492126 -9.092407 215.728012 0 1
101.395058 4.380226 211.484497 0 1
109.774101 -9.019250 215.123383 0 1
107.755997 -11.484423 217.968567 0 1
112.224693 -4.984769 213.376938 1 0
107.075638 0.850158 210.506882 0 1
110.150276 -5.733301 212.590866 1 0
111.137238 -6.658918 213.826492 0 1
103.408806 0.951374 210.508621 0 1
113.218964 0.972378 212.931503 0 1
109.633926 -10.343801 216.614456 0 1
111.060776 -6.388249 213.450317 0 1
107.981705 -8.983588 214.513977 0 1
103.536835 1.326226 210.464355 0 1
111.842049 -8.482314 216.113098 0 1
105.036072 -11.761534 217.920044 0 1
110.751877 3.317186 211.834183 0 1
111.999207 -6.288371 214.051346 0 1
103.266335 -11.184597 216.629272 0 1
114.249329 -4.207251 214.982071 0 1
105.530792 3.810224 210.805725 0 1
99.982140 -10.272145 217.021469 0 1
111.810905 -8.990279 216.727371 0 1
106.256042 -9.463596 214.528290 0 1
99.680824 -2.447769 211.834518 0 1
98.197510 -7.324286 214.694992 0 1
103.180916 1.247219 210.530319 0 1
109.821960 -9.671264 215.770737 0 1
104.208801 5.274851 211.342636 0 1
110.931953 -6.467679 213.425095 1 0
111.820930 -9.092374 216.914474 0 1
110.489403 -10.250954 217.412384 0 1
107.121399 3.956698 210.912064 0 1
110.882706 3.167000 211.866684 0 1
109.679436 -8.436810 214.525101 0 1
109.987877 -5.870571 212.992096 0 1
98.308678 -6.002579 213.894531 0 1
110.312759 -7.439279 213.984085 0 1
98.026253 -6.146099 214.197800 0 1
102.800797 -10.331129 215.586487 0 1
111.824936 -8.977086 216.718964 0 1
112.002518 -5.456625 213.084961 1 0
97.803558 -6.833221 214.735168 0 1
110.115761 -9.700757 216.060867 0 1
108.629883 -11.143026 217.740692 0 1
102.386848 -11.284445 217.401047 0 1
109.790138 1.330294 211.199356 0 1
100.680885 0.360317 211.048035 0 1
111.472603 -5.853483 213.040131 1 0
101.598785 -10.239187 216.126434 0 1
106.568672 3.586760 210.683731 0 1
100.275787 -8.241164 214.511139 0 1
112.252556 -5.105524 213.375061 0 1
99.121048 -5.701921 213.250443 0 1
110.860497 -7.561066 214.525848 0 1
100.457153 2.861092 211.200256 0 1
111.347885 -5.088075 212.634171 1 0
111.535561 -6.262988 213.759796 1 0
112.658043 -0.805672 212.472992 0 1
109.186241 -10.521490 216.686203 0 1
111.720001 -5.378036 212.928314 1 0
109.683792 -7.615036 213.829773 0 1
110.203041 -5.874515 212.728470 0 1
104.516747 5.429990 211.503586 0 1
111.667244 -5.361764 212.918182 0 1
104.070152 5.218748 211.297699 0 1
111.037224 -2.039524 211.826691 0 1
107.890144 1.225214 210.562500 0 1
110.079483 -6.591849 213.375809 0 1
110.203323 -9.755034 216.251144 0 1
107.958763 -10.736408 216.518066 0 1
96.661667 -0.125603 213.200439 0 1
97.549828 1.323312 212.519211 0 1
98.253471 -6.212743 214.069366 0 1
107.307892 -11.304091 217.285934 0 1
110.369598 -10.024880 216.863647 0 1
104.294724 5.085695 211.230942 0 1
112.760460 0.752538 212.490036 0 1
105.324478 -11.291033 216.923370 0 1
97.874039 1.411302 212.297836 0 1
111.600746 -4.690699 212.956284 0 1
110.978142 -4.940611 212.613983 0 1
110.643311 -6.311333 213.029266 1 0
112.246864 -5.647408 213.559052 1 0
108.971001 -10.359981 216.169693 0 1
100.029114 -7.957133 214.350098 0 1
109.133057 -10.920057 217.568253 0 1
103.378700 5.261668 211.456253 0 1
99.913727 -8.745305 215.297440 0 1
110.622574 -7.636291 214.415985 0 1
108.370689 -11.313376 218.066895 0 1
112.129372 -5.719898 213.608276 1 0
111.717400 -7.902417 215.469452 0 1
110.968010 -6.381077 213.171860 1 0
100.744072 -10.673209 217.307388 0 1
106.093987 -11.556631 217.414154 0 1
96.241386 -1.012309 213.554871 0 1
101.912041 -10.245746 215.957657 0 1
112.510223 -7.757644 215.883759 0 1
110.121735 -5.287042 212.668442 1 0
112.639503 1.773365 212.655945 0 1
106.023117 -11.833562 218.128174 0 1
102.154114 3.535151 210.940582 0 1
103.013702 -10.923956 216.198441 0 1
113.849213 -1.413913 213.558807 0 1
111.230812 -6.129329 212.993378 1 0
96.506248 -0.932485 213.314072 0 1
109.949371 -10.645537 217.618210 0 1
108.859886 -5.946095 212.998947 0 1
107.869698 -9.862045 215.238678 0 1
108.797623 -5.853495 212.954651 0 1
101.287560 -8.393110 214.201401 0 1
111.611542 -1.033895 211.840836 0 1
109.810997 -8.144575 214.328964 0 1
106.646370 5.145721 211.528732 0 1
96.936996 -5.509951 214.648987 0 1
110.722557 -6.400462 213.114471 1 0
96.375237 -4.391987 214.474197 0 1
111.703735 -4.945376 212.917343 1 0
99.259033 -5.085845 212.810501 0 1
109.918541 -5.308745 212.782013 1 0
106.342163 -10.454122 215.885849 0 1
96.429497 -4.752826 214.626816 0 1
112.432968 1.846425 212.537933 0 1
110.974503 -6.831015 213.862534 0 1
110.457741 -5.612366 212.468567 1 0
111.473305 -4.028509 212.596130 0 1
109.027641 4.490918 211.786453 0 1
108.676033 -8.088233 213.971939 0 1
111.199409 -5.336997 212.551849 1 0
110.289169 -7.400759 213.931961 0 1
101.003769 -0.394619 211.021896 0 1
112.711533 0.620407 212.442001 0 1
99.945457 -8.000154 214.414642 0 1
105.675095 -9.806330 214.833389 0 1
111.967552 -5.346938 213.025970 0 1
104.515038 2.468470 210.557693 0 1
104.960579 -11.748287 217.894897 0 1
111.819557 -8.022098 215.657074 0 1
103.709572 -10.635890 215.730560 0 1
107.032738 -9.738930 214.940628 0 1
107.227333 2.647460 210.529785 0 1
104.186134 -10.522837 215.617630 0 1
111.180626 -5.881598 212.752136 1 0
110.098602 -7.806672 214.190964 0 1
99.484581 -9.664965 216.566742 0 1
108.724945 -10.594833 216.521683 0 1
108.165199 -11.346144 217.912994 0 1
104.394890 -11.112579 216.496994 0 1
96.175400 -5.108103 215.136276 0 1
109.131325 -5.983824 213.029938 0 1
96.081757 -1.785457 213.883286 0 1
109.366936 -10.189200 216.053329 0 1
106.200241 -9.430457 214.497009 0 1
112.225090 -4.879128 213.359299 0 1
111.144897 -5.616046 212.579941 0 1
112.820946 -5.016515 213.789230 0 1
111.527763 -5.352739 212.897415 1 0
111.743126 -5.964154 213.648529 1 0
97.073463 0.914116 212.911942 0 1
103.754242 4.956163 211.167862 0 1
110.969246 -5.964107 212.700378 1 0
100.284538 -9.323602 215.776932 0 1
104.446373 1.188720 210.365417 0 1
111.625999 0.770868 211.772858 0 1
101.099777 2.290363 210.777191 0 1
111.459602 -5.573933 212.851685 0 1
110.904533 -5.983774 212.692963 1 0
99.122231 -5.835469 213.320419 0 1
110.972397 -8.521091 215.548065 0 1
108.879326 -6.325950 213.157333 0 1
98.181770 -6.219674 214.115463 0 1
110.214798 0.044972 211.192932 0 1
112.494629 -5.461075 213.690872 0 1
101.568100 3.257749 210.949265 0 1
110.019386 -5.569008 212.617920 1 0
111.799858 0.295295 211.761459 0 1
110.623253 -10.125108 217.327255 0 1
111.000412 -6.394725 213.257141 1 0
113.318962 -4.390313 213.996689 0 1
109.888512 4.021484 211.799576 0 1
98.611855 -4.876899 213.141129 0 1
112.230240 -5.270279 213.261978 0 1
110.451347 -6.425385 213.276184 1 0
100.091576 -7.990050 214.352936 0 1
102.973785 4.269019 211.062256 0 1
97.179680 -2.702586 213.028625 0 1
111.797791 -6.505058 214.113632 0 1
108.890739 -11.062289 217.718384 0 1
109.996872 -5.833310 212.888977 0 1
106.050713 -9.643387 214.665588 0 1
101.076180 2.775533 210.881027 0 1
110.642426 -5.193241 212.487320 0 1
112.324677 -5.364799 213.374146 0 1
104.225708 -10.368865 215.446716 0 1
112.205025 -5.684203 213.588562 0 1
98.262901 -7.272502 214.610672 0 1
108.213829 -11.358234 218.019760 0 1
111.174423 3.223639 212.074860 0 1
110.819885 -6.385553 213.119385 1 0
97.392532 -6.164008 214.662949 0 1
110.248230 -10.445050 217.493011 0 1
101.666214 -9.179994 214.873077 0 1
102.179573 -11.063760 217.072327 0 1
96.367752 -4.618804 214.595108 0 1
102.932571 4.228503 211.055450 0 1
102.912025 -10.773738 216.039841 0 1
96.398018 -5.054131 214.824707 0 1
110.378716 1.463507 211.434113 0 1
114.249748 -2.156231 214.027451 0 1
107.310928 4.871044 211.451065 0 1
100.918785 3.636392 211.277496 0 1
111.010391 -4.890623 212.656128 1 0
102.983917 -10.786556 216.014313 0 1
113.970779 -0.780397 213.672409 0 1
106.654305 -11.546033 217.493820 0 1
100.579437 -0.815242 211.154602 0 1
100.778969 0.496867 211.009933 0 1
111.333984 -4.541454 212.795364 1 0
109.977234 -10.533487 217.309647 0 1
97.216286 -7.108507 215.635513 0 1
111.190033 -6.704669 213.898529 0 1
110.390038 -5.434173 212.436584 0 1
110.731972 -5.477940 212.458115 1 0
111.299660 -9.594903 217.176422 0 1
112.280815 -5.216606 213.347488 1 0
109.310677 -0.579464 210.998032 0 1
105.745682 -9.797515 214.827011 0 1
111.965729 -6.931632 214.676620 0 1
101.677322 -9.194819 214.884140 0 1
99.409477 -9.576493 216.507950 0 1
98.853188 -1.493567 211.871399 0 1
96.087013 -4.832037 215.025101 0 1
109.550064 -10.829062 217.644257 0 1
101.162598 2.784823 210.858643 0 1
96.447868 -4.616718 214.538086 0 1
99.191711 -5.385149 213.027664 0 1
111.161591 -6.359416 213.591583 0 1
110.500618 -6.664870 213.547577 1 0
108.622894 2.205332 210.901978 0 1
110.937607 3.201539 211.905396 0 1
111.076706 3.346447 212.065613 0 1
112.007904 -5.297139 213.045914 0 1
113.759720 -4.731421 214.639999 0 1
109.968758 -5.882438 213.017120 0 1
109.612091 4.203543 211.804276 0 1
111.515419 -4.605259 212.899658 1 0
109.281731 -10.175180 215.958801 0 1
96.169884 -5.042301 215.080780 0 1
110.500671 -4.955443 212.697678 1 0
111.076462 -9.616744 216.974365 0 1
103.181183 -10.516276 215.669800 0 1
110.606026 -10.182357 217.414413 0 1
113.157310 1.100587 212.898453 0 1
112.485695 -5.578933 213.747131 0 1
103.543190 4.696411 211.113724 0 1
100.288078 -10.451494 217.161667 0 1
112.100067 -5.419744 213.155716 1 0
111.901703 -7.726441 215.436127 0 1
109.845535 -5.502557 212.847183 1 0
96.800667 0.045987 213.094162 0 1
112.002846 0.260262 211.864243 0 1
111.594147 -8.142681 215.621536 0 1
100.453598 3.989534 211.563400 0 1
113.310104 -6.963298 216.002808 0 1
111.786865 -5.133906 212.906616 1 0
98.693680 -5.676434 213.499023 0 1
101.031456 -10.360131 216.569458 0 1
111.587181 -8.150631 215.625000 0 1
106.896317 2.698857 210.505356 0 1
103.816261 1.233562 210.424576 0 1
96.034019 -2.949106 214.311768 0 1
110.305565 -6.411294 213.320847 1 0
112.591438 -5.385155 213.762024 0 1
106.617599 5.032017 211.443924 0 1
111.381424 -5.984465 213.014023 1 0
107.159653 3.233861 210.587509 0 1
110.681892 -6.319948 213.037292 1 0
101.108635 -10.061572 216.188843 0 1
109.851234 -10.681233 217.521683 0 1
110.269707 -9.553031 216.007751 0 1
110.281883 3.630357 211.730255 0 1
111.609352 -4.676661 212.962646 1 0
112.759415 -7.502612 215.866608 0 1
106.592865 3.514115 210.652771 0 1
110.805115 -8.432891 215.346161 0 1
96.399078 -4.299741 214.414627 0 1
104.400002 1.463381 210.357483 0 1
113.704926 -3.732465 214.125763 0 1
104.462090 1.206168 210.362320 0 1
103.384392 -11.183783 216.618118 0 1
111.485298 -3.956533 212.566956 0 1
103.072517 -11.228637 216.788986 0 1
112.090500 -5.187476 213.130890 1 0
113.972649 -0.727085 213.670120 0 1
107.320419 -11.540798 217.809891 0 1
98.198868 -6.182250 214.074966 0 1
106.312790 -9.490645 214.554031 0 1
108.461769 -10.449559 216.161545 0 1
107.466599 1.058674 210.527130 0 1
97.499649 -7.778729 215.892654 0 1
99.956635 0.990394 211.365280 0 1
106.560173 -11.555360 217.490677 0 1
101.081284 2.769060 210.876434 0 1
98.010689 -7.496378 215.051590 0 1
100.873619 1.889846 210.881470 0 1
111.696976 -5.767819 213.134796 1 0
113.550461 0.359692 213.236526 0 1
109.128685 -8.811218 214.664734 0 1
96.194084 -1.539379 213.659882 0 1
112.218391 -4.903960 213.362320 0 1
111.307968 -6.329421 213.685150 0 1
105.547455 3.934824 210.839645 0 1
101.839493 -8.496173 214.117599 0 1
103.944427 4.685879 211.088516 0 1
111.676476 -6.297213 213.866135 0 1
110.453606 1.520230 211.462158 0 1
110.572151 -6.696457 213.596603 1 0
111.781357 -6.475937 214.075333 0 1
111.861412 -5.559822 213.049683 1 0
102.858887 4.628310 211.228241 0 1
108.390404 -11.305776 218.031540 0 1
110.162483 -5.662605 212.540405 1 0
106.371002 5.241064 211.549835 0 1
109.802582 -9.605865 215.695068 0 1
109.562622 0.121353 210.966904 0 1
111.763069 -0.823288 211.855072 0 1
103.824837 5.390893 211.522369 0 1
110.243164 -6.090916 213.103470 1 0
107.865692 0.461182 210.582352 0 1
104.206116 -10.480254 215.570114 0 1
104.859634 4.491738 211.004547 0 1
98.182487 -6.021398 213.998169 0 1
111.744019 -5.096769 212.891800 1 0
96.714859 -5.381523 214.757324 0 1
106.686073 -11.747973 217.872330 0 1
110.704590 -9.237576 216.008057 0 1
110.606384 1.520499 211.515823 0 1
113.189682 1.021154 212.903564 0 1
104.263367 -10.295873 215.376785 0 1
106.645935 -11.770370 218.031540 0 1
112.701462 -2.903571 213.103775 0 1
111.181236 -4.585691 212.742569 0 1
107.828674 3.283969 210.837387 0 1
110.654770 -5.759229 212.532425 1 0
107.014969 -9.703608 214.900223 0 1
114.105110 -1.020906 213.810562 0 1
101.762772 -10.411639 216.238632 0 1
107.220535 2.649523 210.529175 0 1
110.831017 -5.056215 212.548172 1 0
110.185905 -5.969204 212.906082 1 0
109.665054 -8.523645 214.597260 0 1
110.261490 -9.945395 216.616364 0 1
104.219276 1.187636 210.379684 0 1
102.328453 2.013855 210.626419 0 1
112.360229 -5.355526 213.418213 0 1
112.068359 -5.571688 213.200119 0 1
113.195641 -1.671547 213.100845 0 1
98.501534 0.947495 212.014404 0 1
112.138504 -4.973439 213.308563 0 1
98.216415 -6.899112 214.450974 0 1
96.075211 -4.263469 214.731445 0 1
98.101013 -7.131707 214.652618 0 1
113.023994 1.231910 212.783478 0 1
107.336342 0.867341 210.524429 0 1
107.303642 -11.399006 217.480881 0 1
111.253593 -8.354467 215.583588 0 1
109.682976 -7.377846 213.691559 0 1
110.482750 -5.672244 212.489716 1 0
109.377655 -5.730576 212.944183 0 1
102.585953 -11.518600 217.761215 0 1
108.991852 -11.059794 217.785461 0 1
112.153526 -5.709550 213.604935 1 0
113.191330 -6.749225 215.629608 0 1
112.949562 -5.821927 214.335129 0 1
104.280205 5.110040 211.239700 0 1
102.557465 3.868927 210.994949 0 1
110.420929 -8.185467 214.813080 0 1
111.834488 -4.657816 213.067627 1 0
110.715858 -5.441602 212.450378 1 0
112.300835 -5.251690 213.359924 0 1
113.179832 0.899969 212.862885 0 1
102.609200 -9.924836 215.229706 0 1
97.971977 -1.927350 212.242035 0 1
110.618629 -9.194045 215.907516 0 1
108.232254 2.762730 210.864548 0 1
112.629257 -0.514436 212.398499 0 1
107.896194 -10.908202 216.774597 0 1
96.198776 -1.233102 213.622208 0 1
98.395279 -5.916864 213.798248 0 1
106.030136 4.614939 211.165421 0 1
108.415161 4.620781 211.698212 0 1
106.446571 -9.509999 214.593796 0 1
96.113205 -4.964093 215.106171 0 1
98.829605 -8.401862 215.429138 0 1
112.146355 -0.154001 211.941193 0 1
113.062378 -6.083642 214.752197 0 1
110.875381 -5.044260 212.548691 1 0
97.908997 -8.183426 216.050369 0 1
109.466248 -10.245927 216.270401 0 1
110.517471 -6.681282 213.567123 1 0
109.972961 0.229369 211.111176 0 1
97.275764 -5.837645 214.579697 0 1
96.024902 -4.574898 214.946716 0 1
111.647400 -5.843281 213.221420 1 0
96.059227 -2.028389 213.970367 0 1
108.850609 -10.670210 216.793655 0 1
98.512787 -7.233072 214.420822 0 1
114.286819 -1.691164 214.046036 0 1
108.635269 -10.179716 215.785889 0 1
100.745148 0.378782 211.026855 0 1
97.507507 -1.898784 212.457565 0 1
110.494072 -5.013338 212.704391 0 1
110.523003 -6.687899 213.573486 1 0
109.051628 -10.055914 215.686401 0 1
97.672195 -1.060393 212.373032 0 1
98.769333 -1.523612 211.906769 0 1
96.809998 -5.461463 214.721191 0 1
109.534790 -0.592910 211.075882 0 1
112.379349 -7.787656 215.821121 0 1
96.959969 0.453324 212.979553 0 1
102.408165 -10.071652 215.486526 0 1
108.923950 4.426167 211.710648 0 1
96.441444 -4.615736 214.541260 0 1
103.276581 4.277705 211.035706 0 1
111.315422 -5.671972 212.714035 1 0
98.496101 2.687864 212.243027 0 1
112.709808 1.504943 212.622177 0 1
99.917267 2.644399 211.445221 0 1
96.450157 -5.787441 215.392746 0 1
103.607452 4.521353 211.069550 0 1
110.399994 -6.434355 213.316971 1 0
112.114845 -5.705435 213.487350 1 0
110.666695 -6.434893 213.146576 1 0
109.273285 -8.805655 214.701813 0 1
108.090454 -11.367579 217.928650 0 1
112.071983 -0.211147 211.895309 0 1
106.308830 5.163151 211.477112 0 1
113.426224 -5.702874 214.811554 0 1
113.060638 -4.969312 213.966156 0 1
109.207123 -6.389065 213.219650 0 1
111.395882 -6.167974 213.611465 0 1
105.917145 -9.607689 214.626389 0 1
107.298157 -11.323926 217.317993 0 1
113.899002 -1.777968 213.651993 0 1
111.920723 -5.770320 213.437378 1 0
110.907135 3.121974 211.872131 0 1
111.951752 -3.873857 212.840210 0 1
108.562035 -11.212787 217.869644 0 1
112.463226 -7.785126 215.875381 0 1
111.429329 -4.839327 212.814651 0 1
112.211449 1.769097 212.370178 0 1
100.308655 -10.321155 216.906876 0 1
110.512726 -8.889375 215.547379 0 1
109.599472 -9.794716 215.720062 0 1
111.055939 -9.682391 217.065582 0 1
106.734741 2.922524 210.502136 0 1
108.995316 -9.872801 215.505066 0 1
112.012856 -5.785470 213.651031 0 1
110.374039 -6.539727 213.418259 0 1
111.181641 -5.208229 212.538605 0 1
110.389267 -6.071908 212.901810 1 0
98.471649 -5.578617 213.562576 0 1
109.412453 -6.144730 213.121155 0 1
112.468079 -1.090769 212.417236 0 1
108.431313 -11.229856 217.821060 0 1
112.584137 -5.716515 213.921707 0 1
98.555099 -7.352910 214.457550 0 1
108.909607 -6.228230 213.113937 0 1
96.907448 0.342532 213.010895 0 1
111.900848 -8.909601 216.681305 0 1
106.576576 3.571674 210.676270 0 1
106.507736 5.181486 211.530869 0 1
111.085876 -7.902809 215.047699 0 1
112.114342 -5.248233 213.143494 1 0
109.594231 -10.798057 217.589828 0 1
104.043480 -11.507493 217.354996 0 1
112.125877 -8.050949 215.893250 0 1
111.584633 -5.723803 213.045898 1 0
112.640144 1.762741 212.653427 0 1
111.403313 -6.135555 213.577591 1 0
97.866028 0.275702 212.305130 0 1
98.775429 -3.908046 212.569672 0 1
99.456604 -7.933767 214.552750 0 1
111.183876 -5.268973 212.539017 1 0
98.832558 -8.305261 215.303085 0 1
108.903145 4.514503 211.762604 0 1
109.726250 4.372494 212.028824 0 1
113.490234 -1.490328 213.267441 0 1
111.944130 -4.527431 213.052170 0 1
104.504471 5.350372 211.417175 0 1
112.895996 0.361086 212.610458 0 1
111.778336 -5.071256 212.908798 0 1
102.981636 -9.980402 215.219070 0 1
112.875328 -5.640231 214.078659 0 1
112.259361 -5.527599 213.389374 1 0
105.571396 3.629093 210.763153 0 1
98.083145 -1.882310 212.195114 0 1
102.343384 -10.792588 216.400558 0 1
108.261238 0.919414 210.602234 0 1
99.037262 -5.223801 213.031296 0 1
112.464294 -7.957300 216.035294 0 1
96.457016 -1.249219 213.318161 0 1
102.843964 4.170822 211.053772 0 1
109.444725 -7.465186 213.710205 0 1
111.355339 -6.211667 213.622620 1 0
99.052124 -5.076350 212.923157 0 1
110.549324 -9.123832 215.798965 0 1
104.232666 -10.292910 215.374313 0 1
111.114586 3.001866 211.964813 0 1
96.870041 -5.497782 214.697540 0 1
111.339752 -5.022474 212.640579 1 0
96.369019 -1.431137 213.430283 0 1
112.479736 -4.842779 213.499191 0 1
111.650383 -2.606818 212.261368 0 1
108.293732 -11.331599 218.019760 0 1
107.477745 -10.126711 215.551331 0 1
109.918945 -5.733861 212.935486 0 1
98.328636 -5.635917 213.721985 0 1
111.816956 -0.598428 211.830383 0 1
111.044868 -6.041442 212.790161 1 0
107.277328 -11.610224 217.941406 0 1
103.624992 -10.764630 215.873138 0 1
104.219414 5.417659 211.504730 0 1
110.293472 0.026492 211.220627 0 1
110.392693 3.593162 211.756866 0 1
113.795921 -1.232535 213.519348 0 1
98.622734 -7.883427 214.899414 0 1
96.251106 -1.349447 213.542740 0 1
96.688919 -0.388135 213.174911 0 1
102.786469 -10.352421 215.615936 0 1
101.129745 -5.955316 213.053757 0 1
108.470436 0.720822 210.634201 0 1
102.709785 -11.571841 217.789719 0 1
102.834732 -3.459515 211.992233 0 1
100.428459 -0.758166 211.185394 0 1
98.062515 -1.397524 212.188202 0 1
97.460197 -6.411005 214.767899 0 1
110.594444 -5.073959 212.631790 0 1
114.179863 -1.290668 213.906143 0 1
112.549141 -5.199566 213.664825 0 1
100.584358 -10.418813 216.899628 0 1
111.856712 -5.442669 212.991699 1 0
110.069633 -1.955407 211.516983 0 1
102.145065 4.131742 211.183762 0 1
112.708733 0.670844 212.439484 0 1
112.916405 0.961824 212.638672 0 1
112.973030 1.326203 212.777496 0 1
104.302635 -9.246136 214.457367 0 1
111.374847 3.013031 212.142868 0 1
111.561844 -0.989536 211.810547 0 1
113.351738 -4.355098 214.013290 0 1
111.654671 -4.947134 212.896881 1 0
110.891853 -6.500506 213.438049 0 1
96.073517 -4.182693 214.714294 0 1
106.191132 -11.593190 217.493103 0 1
110.690552 -6.017467 212.695084 0 1
107.346062 -10.724476 216.421875 0 1
110.710152 0.339882 211.380234 0 1
109.291283 -10.178237 215.973038 0 1
109.498558 -7.831227 213.949844 0 1
108.810181 -10.603952 216.604126 0 1
101.950745 -8.631803 214.192657 0 1
99.080887 -7.811626 214.592743 0 1
112.472260 -5.619355 213.764847 0 1
108.705070 -9.755945 215.335434 0 1
111.026344 -6.300107 213.089218 1 0
98.181999 -1.886567 212.160873 0 1
110.328781 -8.254673 214.811737 0 1
103.006065 -11.614477 217.673126 0 1
96.534027 -4.484378 214.407150 0 1
107.523872 -9.777350 215.078201 0 1
96.794701 -0.348926 213.082794 0 1
96.437668 -1.347635 213.329498 0 1
97.816063 -6.782660 214.688461 0 1
102.596031 0.625474 210.667343 0 1
106.156532 -9.560598 214.591690 0 1
112.012207 -0.227679 211.864136 0 1
99.265190 -8.847107 215.730545 0 1
97.806511 -7.735790 215.516190 0 1
110.310257 -6.322600 213.260529 0 1
111.072525 -9.775445 217.236969 0 1
102.279053 3.315869 210.866150 0 1
110.745529 -6.121590 212.807510 1 0
110.195160 -5.610798 212.510773 1 0
100.412498 -0.907034 211.208679 0 1
98.025467 -7.661116 215.185928 0 1
97.360077 -5.864217 214.529800 0 1
102.676659 4.216160 211.095749 0 1
111.895409 -5.209765 212.965286 1 0
110.281105 -6.462588 213.351776 1 0
109.950539 -5.861349 213.013367 0 1
96.877235 0.239298 213.039307 0 1
113.297577 0.701957 212.982483 0 1
111.496689 -4.712313 212.914001 0 1
98.603455 -7.678381 214.657562 0 1
112.951950 -0.047753 212.677887 0 1
96.627937 -0.164086 213.235687 0 1
106.796928 -11.422008 217.342194 0 1
103.951523 -11.568321 217.515778 0 1
96.391624 -5.027133 214.811646 0 1
102.054878 -10.213942 215.844299 0 1
108.720024 -10.643532 216.645844 0 1
108.400948 -11.304341 218.067688 0 1
106.756294 -11.749233 218.032013 0 1
101.660011 2.663250 210.750626 0 1
112.639603 -7.714433 215.958557 0 1
110.231026 -5.761063 212.596481 1 0
99.365631 -8.880132 215.716064 0 1
101.897385 -10.253536 215.976532 0 1
108.911583 -10.167294 215.806992 0 1
107.552544 -9.788655 215.091507 0 1
109.310883 -8.976535 214.849716 0 1
108.605644 -8.589939 214.350403 0 1
108.122231 -11.392909 218.055023 0 1
110.751869 -6.232534 212.946045 1 0
110.579224 -6.519920 213.315994 1 0
111.091034 -3.010228 212.036331 0 1
100.101013 3.672475 211.636444 0 1
111.417641 -2.371034 212.040710 0 1
102.320404 -10.731623 216.321136 0 1
110.286041 -10.402531 217.436050 0 1
105.797516 5.306428 211.497101 0 1
114.101288 -3.925848 214.667252 0 1
101.459503 -8.311994 214.084793 0 1
109.603378 -10.332480 216.559509 0 1
110.410866 -6.630789 213.490555 1 0
97.595573 -1.979216 212.406204 0 1
106.619705 -9.463354 214.596741 0 1
110.647469 -6.970649 213.779938 0 1
103.587318 4.746043 211.123749 0 1
104.315056 5.358931 211.423889 0 1
110.656525 3.479582 211.829071 0 1
107.262589 -11.553508 217.798965 0 1
113.516685 -4.266180 214.143051 0 1
106.825394 4.832510 211.359787 0 1
109.770050 4.216236 211.886520 0 1
105.957932 -9.392959 214.474457 0 1
110.804657 -5.411673 212.457108 1 0
100.010719 3.708821 211.699402 0 1
97.367798 0.980396 212.662033 0 1
110.999794 -9.495145 216.692963 0 1
102.836685 5.071821 211.440231 0 1
98.683456 -7.556912 214.526871 0 1
104.431526 4.296456 210.974564 0 1
101.125313 2.752357 210.854797 0 1
110.878555 -5.914393 212.639343 1 0
102.866920 4.256660 211.077972 0 1
110.615913 -5.877615 212.602188 1 0
114.360649 -2.601575 214.391953 0 1
104.508774 5.414200 211.485809 0 1
96.933983 -6.663089 215.570480 0 1
113.051292 1.165698 212.782883 0 1
110.022240 -5.477304 212.661331 0 1
104.127388 -11.100863 216.434723 0 1
111.145851 -4.672428 212.766495 1 0
101.218933 -8.191213 214.081589 0 1
98.980812 -8.207820 215.101471 0 1
111.802010 -4.355906 212.908844 0 1
98.258270 -7.672523 214.949539 0 1
113.931877 -0.654699 213.630356 0 1
110.990501 -5.213421 212.498871 1 0
106.061867 -9.461809 214.513458 0 1
109.083168 -8.803595 214.645935 0 1
111.459671 -5.950222 213.136688 1 0
103.037575 5.142935 211.438202 0 1
110.610390 3.070885 211.722992 0 1
111.654785 0.487738 211.733780 0 1
110.402611 -9.834991 216.572464 0 1
97.162308 -2.588292 212.995148 0 1
96.334877 -5.050828 214.898499 0 1
112.107285 -5.282533 213.135651 1 0
111.566109 -5.857886 213.175781 0 1
113.004898 -0.054729 212.727402 0 1
111.458290 -5.781327 212.949890 0 1
96.304901 -3.065704 214.061707 0 1
104.374756 -11.379404 217.035156 0 1
112.014145 -5.713677 213.313782 1 0
111.317368 -5.254170 212.613556 1 0
99.136551 -4.451819 212.604645 0 1
109.662903 -9.096415 215.116043 0 1
111.958481 -4.776109 213.165512 1 0
110.980247 -5.791355 212.595261 0 1
97.226082 -6.055506 214.742477 0 1
111.142754 -7.396793 214.562943 0 1
110.511093 -5.097407 212.651886 1 0
110.719109 -5.898102 212.611557 1 0
96.397194 -4.578046 214.549606 0 1
107.698792 -9.843347 215.177979 0 1
113.255760 0.795806 212.939667 0 1
102.689346 -10.068563 215.354446 0 1
110.686897 -6.450686 213.167358 0 1
103.332108 -10.948403 216.095032 0 1
98.252754 -7.687911 214.971817 0 1
111.863983 -8.735357 216.378967 0 1
111.674255 -7.311845 214.865814 0 1
100.145493 0.751741 211.283676 0 1
106.271690 5.214835 211.508072 0 1
97.839989 1.550016 212.315933 0 1
97.218170 0.845870 212.777405 0 1
98.569794 -7.527022 214.553207 0 1
112.980080 1.241178 212.743561 0 1
103.410789 5.221848 211.402664 0 1
108.933357 0.207403 210.748962 0 1
111.128448 3.202718 212.031738 0 1
102.139168 4.123631 211.181152 0 1
110.684471 -5.450428 212.449951 0 1
111.570908 1.386069 211.871140 0 1
114.214012 -1.988951 213.949249 0 1
111.382034 -8.976798 216.266495 0 1
109.000641 -10.573364 216.653732 0 1
107.393883 -11.453296 217.661606 0 1
111.064102 -5.607665 212.545883 1 0
110.520248 -10.207402 217.357346 0 1
111.885933 -6.058371 213.815079 1 0
103.174873 -10.712270 215.848129 0 1
110.658470 -6.030976 212.715164 1 0
110.570190 -6.689275 213.592590 1 0
108.859558 -11.099635 217.793030 0 1
106.617653 -11.772774 217.931213 0 1
111.047707 -9.459536 216.688354 0 1
113.327652 0.617881 213.018784 0 1
104.692406 -11.310917 216.874512 0 1
113.136238 0.369486 212.838242 0 1
111.612480 2.751552 212.230148 0 1
109.536369 -9.997275 215.907455 0 1
99.048767 -7.767545 214.564209 0 1
111.545654 -1.763032 211.969986 0 1
105.295204 -11.477616 217.210861 0 1
111.979973 -4.767323 213.177902 1 0
98.564308 -5.437943 213.435074 0 1
112.305771 -5.639830 213.611481 1 0
112.148788 -5.665281 213.427887 1 0
109.969635 -5.734707 212.786484 1 0
109.612633 -10.301549 216.507980 0 1
102.302628 -9.305779 214.725403 0 1
111.937714 -6.201570 213.932083 0 1
111.768982 -0.322472 211.754578 0 1
108.843666 3.483427 211.248611 0 1
99.005920 -8.260764 215.156036 0 1
113.683365 -0.018326 213.372070 0 1
113.033134 1.136611 212.758072 0 1
99.474113 -7.957941 214.573318 0 1
106.140556 -9.575539 214.603867 0 1
104.309784 -10.334081 215.413864 0 1
103.556366 5.120692 211.280579 0 1
111.022797 -2.261672 211.865952 0 1
97.368988 -5.875294 214.528915 0 1
113.588646 -6.472735 215.834885 0 1
98.997574 -5.215177 213.051682 0 1
103.382797 -10.879189 215.995438 0 1
106.653160 -11.760794 218.121750 0 1
111.293983 -1.435189 211.800919 0 1
97.132309 0.894985 212.860138 0 1
101.538315 4.460102 211.483139 0 1
100.174919 -1.028179 211.310181 0 1
110.793442 -6.310118 213.028687 1 0
110.250900 3.660764 211.732361 0 1
103.902779 -11.437365 217.208527 0 1
111.813248 0.244004 211.757065 0 1
106.972115 -3.319933 211.865936 0 1
98.789963 0.157453 211.918304 0 1
100.441032 -0.657522 211.170425 0 1
111.232468 -6.234131 213.376175 1 0
99.120026 -5.815027 213.310165 0 1
108.603325 -10.532936 216.334610 0 1
112.506058 -6.469018 214.594940 0 1
98.147095 -0.098273 212.181534 0 1
100.375839 -10.328298 216.884537 0 1
113.320534 0.873729 213.047165 0 1
110.608261 -5.210073 212.479416 1 0
112.759773 -5.421573 213.871399 0 1
97.946503 -7.672386 215.281586 0 1
112.742508 1.643895 212.689941 0 1
111.351303 -5.998412 212.986588 1 0
103.738007 -11.011780 216.229034 0 1
104.944176 -11.151102 216.654861 0 1
109.593025 -10.275769 216.440567 0 1
111.572502 -4.699749 212.945114 1 0
106.951508 -3.322666 211.867798 0 1
111.167091 -6.359632 213.597595 0 1
107.600281 -11.077577 216.979919 0 1
108.262306 -11.245502 217.743454 0 1
98.802200 -7.668538 214.565231 0 1
103.047737 -10.600046 215.775146 0 1
110.397644 -5.969660 212.750992 1 0
103.120644 -11.268093 216.855743 0 1
111.034203 -8.026020 215.126587 0 1
111.314857 -4.703399 212.791046 1 0
107.891853 -11.468596 218.100128 0 1
104.489441 1.183152 210.365677 0 1
111.282272 -4.785820 212.731750 0 1
96.034355 -4.652672 214.995071 0 1
96.644951 -5.841430 215.221344 0 1
110.662651 -6.727141 213.629333 1 0
99.070328 -8.916252 215.921082 0 1
111.069412 -3.408924 212.138885 0 1
99.438675 -9.660789 216.597534 0 1
112.819351 -6.856020 215.277969 0 1
112.603333 -6.975662 215.187653 0 1
107.749062 -9.799432 215.144730 0 1
110.513489 -7.096266 213.813309 0 1
111.805481 -4.401505 212.930847 1 0
111.104836 -3.241207 212.096237 0 1
101.080704 2.232962 210.786163 0 1
106.705116 -9.246346 214.445282 0 1
98.010376 -7.527719 215.081024 0 1
98.607681 -5.276557 213.334473 0 1
106.727280 -10.308869 215.727875 0 1
107.095230 3.909779 210.881500 0 1
106.907921 3.202338 210.540939 0 1
111.480659 -4.587928 212.874847 1 0
110.298210 -6.421865 213.328094 1 0
110.839279 -5.731205 212.544357 1 0
104.682999 -0.495907 210.863983 0 1
113.246750 0.835448 212.931564 0 1
106.168571 4.578894 211.163330 0 1
99.313515 -5.352775 212.951828 0 1
110.961975 -5.084608 212.523163 0 1
111.226082 -6.354680 213.651505 1 0
110.842865 -5.405951 212.464218 1 0
112.644257 -5.179245 213.721497 0 1
102.893257 -10.980700 216.398834 0 1
109.935371 -5.906513 213.052322 1 0
102.904472 -8.592216 214.117722 0 1
112.491241 -5.597446 213.765427 0 1
110.071579 0.066070 211.146271 0 1
104.118652 1.228605 210.383057 0 1
101.675072 2.792696 210.767822 0 1
106.287804 -11.479048 217.343231 0 1
106.364182 -1.609059 211.216217 0 1
108.692955 -11.181675 217.889771 0 1
114.307014 -1.860022 214.076202 0 1
111.602631 -4.808742 212.935349 1 0
105.652893 -11.557476 217.399399 0 1
96.600761 -5.279104 214.794189 0 1
113.037697 -4.854627 213.904770 0 1
110.321175 -6.118092 213.081268 1 0
105.687637 2.453256 210.453201 0 1
112.156883 -6.202638 214.076981 0 1
109.872711 -8.623275 214.815506 0 1
99.142799 -4.998209 212.838425 0 1
96.213913 -4.775427 214.798691 0 1
109.884972 -5.787486 212.989365 1 0
112.490356 -6.975529 215.098877 0 1
98.960014 -1.717157 211.875870 0 1
112.757668 -5.162508 213.789154 0 1
109.883171 -5.816869 213.007721 0 1
111.355675 -8.790005 216.051270 0 1
111.454224 -5.580989 212.842361 0 1
111.055267 3.182473 211.977814 0 1
103.131882 -10.885005 216.070557 0 1
110.303391 -8.194704 214.733536 0 1
112.689629 -5.021802 213.703720 0 1
108.162880 1.114792 210.592392 0 1
97.909744 0.326097 212.285110 0 1
111.111961 -6.407039 213.600204 1 0
107.053085 -11.682915 218.100586 0 1
105.832687 4.072971 210.893417 0 1
109.833855 -10.482385 217.058075 0 1
109.716377 -10.257910 216.546814 0 1
113.861671 -0.363485 213.556366 0 1
111.418419 -3.774539 212.455276 0 1
96.810875 -6.547723 215.620728 0 1
109.690308 4.282385 211.904724 0 1
97.624023 -2.718018 212.714752 0 1
101.357193 -10.168594 216.181015 0 1
111.698189 -5.313929 212.908875 1 0
112.229607 -5.472258 213.309311 0 1
96.762604 -5.422794 214.735626 0 1
97.688156 -6.528407 214.642426 0 1
97.770004 1.342203 212.356277 0 1
98.593742 -5.347704 213.372025 0 1
107.232811 -9.454441 214.724930 0 1
111.820648 -7.611837 215.270325 0 1
109.534828 4.351528 211.891571 0 1
105.278000 -10.039940 215.107498 0 1
114.180405 -2.786535 214.236267 0 1
113.655594 0.116258 213.341232 0 1
111.013023 1.386962 211.633682 0 1
113.779587 -1.228863 213.504456 0 1
109.979225 -9.279755 215.518005 0 1
110.598610 -6.176791 212.898285 1 0
112.532372 -7.068710 215.219086 0 1
100.969910 2.834566 210.934341 0 1
111.873695 0.095671 211.762482 0 1
101.426865 -8.350183 214.119125 0 1
109.367012 2.239954 211.180893 0 1
112.883995 1.397669 212.716034 0 1
109.934273 -5.745477 212.927689 1 0
102.538071 -9.662436 215.003479 0 1
101.479523 2.588898 210.753799 0 1
101.057938 -10.860227 217.466431 0 1
100.300728 -1.287749 211.330872 0 1
112.427917 -5.558972 213.650482 1 0
111.446068 -4.906210 212.809494 1 0
110.530823 -5.150956 212.561462 1 0
98.552376 0.961804 211.992630 0 1
112.897995 1.292169 212.697189 0 1
108.816078 -11.138512 217.865692 0 1
110.780487 -5.255137 212.461060 1 0
110.030540 -5.819674 212.764404 0 1
112.322563 2.028005 212.505569 0 1
110.564415 -5.869064 212.603134 0 1
112.702110 -8.176135 216.466568 0 1
111.191246 -5.347982 212.550964 1 0
102.680000 -0.663005 210.989441 0 1
113.033760 -4.882645 213.909256 0 1
98.231895 -7.301770 214.648300 0 1
108.885292 0.116138 210.748764 0 1
110.532806 -6.484294 213.273758 0 1
110.098701 -10.413909 217.225235 0 1
97.683571 -1.050254 212.366928 0 1
98.873947 -8.453995 215.466629 0 1
102.301613 -11.446421 217.820938 0 1
99.534378 -9.719539 216.598709 0 1
111.934776 -7.251986 214.983902 0 1
98.467445 -7.754047 214.836716 0 1
106.148140 -9.095687 214.331146 0 1
112.526176 -7.176579 215.325058 0 1
112.220070 -5.186416 213.283905 1 0
110.888779 -8.612112 215.562271 0 1
102.761230 -10.707352 216.038696 0 1
111.335297 -4.695751 212.806671 1 0
109.807068 -7.544384 213.808731 0 1
105.743591 0.852641 210.444244 0 1
98.286568 -7.438768 214.690979 0 1
110.405136 -7.099052 213.757767 0 1
113.032799 -0.580835 212.775925 0 1
109.559746 -9.972375 215.893005 0 1
110.019547 -6.039764 213.118683 1 0
109.855972 -7.969007 214.185455 0 1
98.878265 -5.126453 213.074692 0 1
102.002388 4.646522 211.445511 0 1
112.498566 -4.356582 213.377502 0 1
113.178970 -0.230709 212.898239 0 1
111.331665 -5.523829 212.659744 1 0
113.126289 0.356073 212.828644 0 1
107.908119 1.182469 210.565887 0 1
98.281303 -7.048746 214.484116 0 1
98.682098 -6.841745 214.111954 0 1
107.858795 -10.712718 216.470215 0 1
101.656754 3.555826 211.056747 0 1
99.494087 -9.651894 216.545212 0 1
97.363266 -6.136932 214.670334 0 1
106.869316 5.002327 211.462418 0 1
110.809242 -4.968207 212.665207 1 0
106.414703 5.176189 211.502670 0 1
110.817947 -4.760118 212.696884 0 1
106.305412 -11.808692 217.978622 0 1
110.414917 -7.023863 213.711975 0 1
110.507271 -9.450086 216.096954 0 1
109.175041 -9.345694 215.119934 0 1
110.997612 -9.526741 216.741531 0 1
109.184311 -10.801438 217.313263 0 1
107.265266 -11.539003 217.766281 0 1
111.046486 -6.517057 213.641403 1 0
100.601471 3.387735 211.282776 0 1
109.418465 -9.627149 215.446640 0 1
112.673462 0.681584 212.411987 0 1
111.512001 -4.807089 212.886749 1 0
98.815689 -9.041185 216.353683 0 1
112.464668 0.127944 212.223114 0 1
112.225174 -5.655036 213.542511 1 0
113.543114 -1.440035 213.295822 0 1
101.650986 2.602657 210.743759 0 1
103.794998 1.049377 210.442810 0 1
104.086121 -9.266026 214.490784 0 1
112.392731 -4.873885 213.450775 0 1
96.294563 -4.749061 214.714310 0 1
98.493141 -5.882756 213.724106 0 1
110.170013 -5.540943 212.507538 0 1
111.465828 -5.912635 213.086212 1 0
110.781273 -5.844312 212.587280 1 0
113.091919 -5.045034 214.017624 0 1
99.709625 -1.919254 211.689987 0 1
96.101463 -1.836618 213.862778 0 1
110.476334 -6.060679 212.814499 1 0
111.994148 -5.930601 213.770859 1 0
111.616859 -4.989137 212.880615 1 0
113.167244 -1.735932 213.095764 0 1
112.116020 -7.447418 215.303345 0 1
111.784760 -5.599048 213.037277 1 0
112.917542 -4.936098 213.830399 0 1
100.738922 3.367191 211.215149 0 1
110.653122 -8.314854 215.120270 0 1
107.826530 1.247085 210.556808 0 1
110.874901 -4.917109 212.693268 0 1
113.293213 0.611809 212.988022 0 1
111.433945 -0.070459 211.603714 0 1
96.218483 -4.701036 214.744766 0 1
106.345451 -10.039397 215.260101 0 1
113.105232 -7.031036 215.818161 0 1
106.218544 -11.814817 218.053131 0 1
102.760162 4.991827 211.409286 0 1
112.829437 0.882435 212.557968 0 1
111.651016 -5.357304 212.915405 1 0
110.314980 -5.110482 212.706940 1 0
96.500198 -1.348893 213.287842 0 1
107.618347 -10.958673 216.805389 0 1
110.900719 -8.562296 215.526505 0 1
99.108559 -0.008099 211.786575 0 1
111.518814 -6.117945 213.652603 1 0
111.299080 -6.275618 213.636841 1 0
112.102287 -4.551046 213.169342 0 1
109.926712 -7.469144 213.789246 0 1
104.892395 -11.354185 216.971283 0 1
112.186050 0.217333 211.984802 0 1
108.636711 0.422082 210.660751 0 1
113.625214 0.266140 213.313431 0 1
96.064682 -4.190474 214.728683 0 1
96.402725 -1.361825 213.364548 0 1
101.068123 2.137148 210.799133 0 1
101.496956 2.123892 210.718445 0 1
96.206963 -1.428853 213.620209 0 1
101.622490 -9.150951 214.861313 0 1
96.034103 -4.516776 214.877304 0 1
96.856300 -3.570225 213.699707 0 1
101.685120 -8.624084 214.245285 0 1
111.283859 -4.928113 212.627808 1 0
111.807320 -5.052653 212.929840 1 0
110.825157 -9.911579 217.192688 0 1
107.491539 -8.658051 214.174393 0 1
103.735558 4.908159 211.151627 0 1
109.550125 -10.674673 217.252060 0 1
111.559921 -6.053045 213.619919 1 0
101.613510 2.711853 210.765442 0 1
112.652573 -8.115589 216.370712 0 1
103.060013 -11.430964 217.262039 0 1
100.870369 2.409207 210.879044 0 1
108.414925 -11.297671 218.014191 0 1
108.738701 -5.903268 212.986450 0 1
110.128792 -7.709516 214.117722 0 1
99.915527 -9.033815 215.625504 0 1
107.897850 -11.462138 218.043457 0 1
108.940628 -9.728061 215.367722 0 1
112.195099 -6.764668 214.679962 0 1
112.079010 -5.727696 213.549850 0 1
101.289192 -9.405344 215.350616 0 1
97.956352 -6.877128 214.627014 0 1
111.483200 -4.617028 212.889908 1 0
96.901718 0.446892 213.029602 0 1
110.515587 -6.106614 212.845306 1 0
102.397987 4.385044 211.235672 0 1
102.998901 -11.554049 217.544998 0 1
111.949089 -0.197240 211.813080 0 1
111.459274 -4.677235 212.895447 1 0
96.859123 -6.517055 215.546616 0 1
103.328621 -11.566561 217.537582 0 1
97.771111 0.064084 212.351974 0 1
111.881889 -6.421448 214.101868 0 1
98.319473 -5.958310 213.864151 0 1
111.876335 -5.477108 213.018433 0 1
113.896744 -5.427764 215.148499 0 1
110.562126 -6.913961 213.706024 0 1
111.128799 -6.470777 213.683090 1 0
100.502625 -0.593301 211.146500 0 1
107.552765 -9.794511 215.097900 0 1
96.965675 -3.273439 213.472031 0 1
112.368172 -5.213844 213.476807 1 0
113.616531 -1.592538 213.386978 0 1
98.158195 -1.940957 212.182755 0 1
111.934692 0.243728 211.818619 0 1
96.031868 -4.547854 214.902328 0 1
101.687897 -8.726482 214.346481 0 1
106.757751 -11.747886 218.062805 0 1
113.521057 -1.298854 213.264893 0 1
110.503510 -10.201541 217.329254 0 1
98.705833 -6.837100 214.093338 0 1
110.840141 -6.565709 213.507172 1 0
109.450600 -10.206684 216.174103 0 1
111.789337 0.328678 211.762207 0 1
99.707321 -9.994391 216.828308 0 1
112.776360 0.741296 212.500320 0 1
110.722412 -5.363306 212.443390 1 0
101.991692 -11.048110 217.180298 0 1
108.970551 -9.681092 215.341232 0 1
111.887993 -5.188559 212.961914 0 1
111.944305 -5.885031 213.716431 1 0
101.692169 4.514755 211.468277 0 1
110.405746 -9.862850 216.623413 0 1
107.722458 1.153836 210.551880 0 1
104.963860 -11.242808 216.797714 0 1
110.501244 -6.414745 213.196198 1 0
104.681061 -11.475245 217.248367 0 1
97.276978 1.013895 212.738129 0 1
98.845909 -7.688914 214.571259 0 1
108.022675 -10.860409 216.731277 0 1
111.117645 -6.218602 213.015411 1 0
108.652115 -11.210036 218.015915 0 1
111.543884 2.586993 212.145752 0 1
102.091942 -9.343191 214.838242 0 1
106.541573 -11.786592 217.985168 0 1
104.516663 2.486724 210.561676 0 1
105.526901 -9.838060 214.867508 0 1
110.816444 -6.510352 213.365906 1 0
98.781891 -6.369511 213.791183 0 1
107.237961 -11.201948 217.096909 0 1
98.201935 -6.147536 214.045654 0 1
110.957283 -6.584748 213.624435 1 0
107.868378 -10.416353 216.032608 0 1
98.308540 -7.101321 214.489822 0 1
103.712791 5.288469 211.403900 0 1
106.464134 -11.793703 217.944504 0 1
108.833870 -5.757515 212.917923 0 1
110.282654 3.615539 211.723953 0 1
103.721001 4.900764 211.150635 0 1
110.873337 3.176912 211.863785 0 1
110.038834 -5.888999 212.939774 1 0
102.233772 3.196885 210.848511 0 1
110.471275 -8.552131 215.184464 0 1
109.729271 -10.753680 217.618652 0 1
107.170868 -11.312490 217.258270 0 1
107.621971 -11.517200 217.953033 0 1
110.206886 3.683472 211.727844 0 1
113.955086 -2.153594 213.792450 0 1
101.759552 2.848489 210.775513 0 1
111.533585 -6.276387 213.766708 0 1
108.396812 -10.726109 216.633606 0 1
109.969109 -5.166874 212.739258 1 0
98.079659 -6.170163 214.164307 0 1
106.817650 -11.736165 218.073059 0 1
96.610161 -0.233097 213.247696 0 1
111.705887 -4.644493 212.999512 0 1
108.952850 -10.135819 215.772675 0 1
99.358948 -9.464887 216.402100 0 1
97.949806 -7.763641 215.396729 0 1
110.056908 -5.894225 212.901886 1 0
97.844696 -6.109825 214.306610 0 1
106.626236 -11.681518 217.704910 0 1
97.834129 -2.452942 212.443268 0 1
110.168671 -5.861681 212.721375 1 0
97.121651 -3.029316 213.229294 0 1
110.343193 -10.388147 217.514252 0 1
97.310013 1.063644 212.707443 0 1
109.581467 -10.412884 216.697968 0 1
103.651360 4.856155 211.143921 0 1
109.631081 -9.295910 215.280380 0 1
100.140877 -1.797979 211.524139 0 1
111.808548 -5.789265 213.227203 1 0
100.907402 3.099681 211.054367 0 1
97.766457 -6.656397 214.645157 0 1
113.357681 -0.916602 213.085709 0 1
108.820541 -5.782610 212.927628 0 1
110.799973 -5.376597 212.453552 0 1
112.750504 -0.707157 212.530914 0 1
112.444580 -5.400026 213.588867 0 1
103.785271 4.768999 211.113861 0 1
111.784401 -5.817669 213.258972 1 0
111.446350 -5.564576 212.819839 1 0
98.968437 -8.485847 215.447388 0 1
112.520256 -7.860598 215.986450 0 1
110.222923 -5.569923 212.493546 1 0
103.339882 5.238810 211.440643 0 1
112.426849 1.825250 212.527771 0 1
110.467590 -9.500489 216.127853 0 1
97.175758 -1.604764 212.731903 0 1
111.730354 -1.025633 211.891251 0 1
103.317459 1.217081 210.509338 0 1
110.555016 0.538787 211.361115 0 1
112.667122 -6.111000 214.360855 0 1
111.211578 -5.784462 212.703247 1 0
103.733383 4.760960 211.112259 0 1
101.658401 2.574525 210.738480 0 1
113.156853 -6.933816 215.781296 0 1
99.689598 -2.403697 211.820587 0 1
109.044998 -6.160864 213.090195 0 1
110.027435 -10.203506 216.801575 0 1
96.644310 -0.246244 213.214813 0 1
105.291832 0.968061 210.414871 0 1
109.921364 -9.960160 216.258453 0 1
98.555687 -5.180661 213.334473 0 1
111.147423 -5.557094 212.557831 0 1
111.764236 -0.877705 211.870285 0 1
100.926300 2.871822 210.967072 0 1
100.010956 -0.904983 211.360611 0 1
101.281197 -9.420668 215.372070 0 1
106.261986 -9.423939 214.501648 0 1
98.522263 -5.701643 213.591537 0 1
111.224815 -5.604641 212.617065 0 1
109.741684 -10.296336 216.633072 0 1
112.304543 -1.218473 212.323700 0 1
104.099869 -11.163653 216.546463 0 1
110.216286 3.709909 211.744766 0 1
109.319717 -0.545235 210.987366 0 1
101.027145 3.210889 211.068665 0 1
96.411743 -4.549263 214.527985 0 1
110.935081 -9.019855 215.971130 0 1
111.680092 -4.951663 212.905457 0 1
107.234634 -9.481631 214.747910 0 1
112.590805 0.682262 212.350830 0 1
109.388420 -10.157350 216.022018 0 1
102.732765 -10.784773 216.156174 0 1
109.748962 4.307044 211.964615 0 1
110.381485 -6.855343 213.607986 1 0
96.102257 -4.718806 214.882935 0 1
106.563332 -11.556651 217.492645 0 1
110.359161 -9.264867 215.782196 0 1
97.865868 -7.675928 215.389053 0 1
112.456139 -7.894420 215.968475 0 1
111.543671 -1.235026 211.851730 0 1
111.906509 -0.393517 211.837433 0 1
112.444359 -8.182228 216.235718 0 1
99.376289 -8.907529 215.741577 0 1
103.030830 -11.412662 217.231689 0 1
111.039246 -3.347420 212.102829 0 1
111.014221 -3.451369 212.135101 0 1
97.618385 -6.274079 214.554062 0 1
107.814186 -10.651481 216.369766 0 1
108.583069 -10.790818 216.899780 0 1
96.380600 -1.242855 213.387527 0 1
113.228172 -4.182773 213.855927 0 1
105.007393 4.027068 210.888855 0 1
113.980614 -5.736496 215.573196 0 1
113.552727 -4.249290 214.180756 0 1
104.100777 -11.166295 216.551376 0 1
101.696342 -10.642341 216.574036 0 1
113.598061 0.201863 213.284424 0 1
113.941261 -5.397213 215.174026 0 1
106.500313 -11.632374 217.598984 0 1
109.061653 -10.427302 216.373093 0 1
96.200829 -5.059848 215.057251 0 1
107.599579 -10.907860 216.719406 0 1
111.486183 -5.391683 212.861221 0 1
105.697998 -11.507214 217.297653 0 1
112.204147 -5.061792 213.337631 1 0
110.560760 -6.437376 213.181000 0 1
111.660217 -4.653852 212.982620 1 0
112.400352 0.391383 212.164078 0 1
112.451874 -6.435239 214.522842 0 1
100.429779 -6.241594 213.188187 0 1
108.768433 -10.601286 216.571472 0 1
105.990120 -11.734389 217.798386 0 1
111.926552 -5.071054 213.025513 0 1
111.703247 -5.474697 212.957169 1 0
110.459785 1.480423 211.461807 0 1
113.701904 -3.736770 214.124435 0 1
106.166664 -11.574473 217.458725 0 1
105.291290 0.929955 210.422714 0 1
104.704948 1.477558 210.356522 0 1
103.341476 -11.153381 216.539856 0 1
105.289436 0.980196 210.413208 0 1
101.424515 4.394445 211.482193 0 1
110.876526 -5.996859 212.695724 1 0
100.818336 -7.778821 213.961395 0 1
109.055931 -10.334981 216.158951 0 1
109.054642 -6.143259 213.079895 0 1
109.530060 -10.831665 217.624329 0 1
103.585365 -8.824917 214.217316 0 1
110.705368 -5.151689 212.504181 1 0
107.002785 1.947908 210.500290 0 1
110.534241 -5.942505 212.668015 1 0
111.873466 -9.077383 216.939774 0 1
113.540710 0.336000 213.222137 0 1
112.419373 -1.191845 212.402756 0 1
100.444817 4.003776 211.573334 0 1
110.268616 -9.095748 215.562317 0 1
110.680061 -6.593001 213.515244 0 1
112.533218 -7.049284 215.198532 0 1
111.143532 -3.009305 212.058075 0 1
109.477013 2.307234 211.230286 0 1
99.903038 -9.977672 216.697830 0 1
109.236732 -5.838238 212.972458 0 1
108.455750 -9.901937 215.405060 0 1
111.096367 -8.842158 215.923264 0 1
98.551857 -5.937939 213.722198 0 1
105.145409 5.375893 211.482422 0 1
103.348236 -11.325291 216.956665 0 1
110.624924 3.518957 211.833221 0 1
110.247131 -6.061223 213.055771 0 1
103.053780 -11.237002 216.821579 0 1
112.189430 -5.666592 213.477173 0 1
112.048531 -4.834587 213.238708 1 0
111.454491 -5.554194 212.834000 1 0
106.879776 2.742132 210.504242 0 1
106.950089 -9.528504 214.721970 0 1
99.327713 -8.443346 215.221390 0 1
100.904037 4.197757 211.525879 0 1
98.391937 -6.041728 213.880615 0 1
97.372314 1.096824 212.662048 0 1
112.627907 -8.168219 216.390701 0 1
110.822762 -9.171867 216.037811 0 1
113.429718 -4.279957 214.054306 0 1
111.065041 -3.476594 212.159561 0 1
108.292488 -11.189021 217.645294 0 1
112.595169 0.679922 212.353378 0 1
96.046005 -4.483608 214.838211 0 1
111.888420 -5.781494 213.323914 0 1
109.717033 -8.437343 214.544693 0 1
105.193100 2.090874 210.408707 0 1
110.933594 -5.468057 212.495773 1 0
109.744675 -7.523085 213.777390 0 1
112.716789 -8.016953 216.343826 0 1
110.447029 -5.446590 212.436768 0 1
104.994431 -9.192871 214.379211 0 1
110.716858 3.301470 211.811371 0 1
106.338158 -11.801362 218.126770 0 1
96.512779 -1.300020 213.277863 0 1
105.094246 -11.556094 217.421417 0 1
108.870621 -11.131100 217.969498 0 1
110.290558 -10.414763 217.477356 0 1
110.168259 -5.811936 212.660141 1 0
114.366249 -2.309289 214.256287 0 1
107.637398 -11.123022 217.075027 0 1
113.118629 -7.009340 215.812576 0 1
112.158127 -5.935250 213.855698 1 0
110.611671 -10.168183 217.392868 0 1
96.103249 -4.777019 214.939911 0 1
97.845245 -7.704360 215.441299 0 1
108.267761 0.937926 210.604080 0 1
102.958740 2.550596 210.682861 0 1
108.476738 -9.943236 215.447739 0 1
111.201813 -6.335169 213.605927 1 0
111.950073 -6.967960 214.700623 0 1
100.967453 1.786829 210.850403 0 1
103.674675 -11.053022 216.298569 0 1
96.393578 -4.647308 214.590866 0 1
103.317673 -10.437547 215.583511 0 1
109.379700 4.371083 211.830048 0 1
103.820526 5.395958 211.532227 0 1
113.530869 -1.488201 213.296738 0 1
98.553719 -7.665053 214.667801 0 1
97.716980 -2.277680 212.433731 0 1
109.144310 -11.017658 217.860626 0 1
112.983154 -4.755235 213.843658 0 1
111.169083 -6.256422 213.199997 1 0
103.262222 -11.028319 216.277954 0 1
104.345848 -10.372019 215.449326 0 1
114.077126 -1.542519 213.799423 0 1
113.951942 -4.823112 214.912109 0 1
97.575966 -2.151353 212.460724 0 1
109.760971 -10.742849 217.683441 0 1
97.478180 1.367007 212.595886 0 1
110.652328 -8.284025 215.089996 0 1
110.056435 -10.582611 217.639343 0 1
112.192833 -7.559963 215.471878 0 1
106.619041 5.056462 211.457230 0 1
98.969658 -8.171891 215.063873 0 1
109.407478 -5.768665 212.963562 0 1
100.132896 1.009466 211.279846 0 1
96.343712 -4.490581 214.549469 0 1
101.259682 -8.419449 214.234924 0 1
110.531418 -6.677927 213.570908 0 1
110.528374 -10.207833 217.366394 0 1
96.057678 -4.311353 214.755447 0 1
108.914062 4.438239 211.713867 0 1
114.178627 -1.463955 213.901932 0 1
111.059143 -6.583041 213.713684 0 1
103.494911 -11.692377 217.850113 0 1
110.582703 -2.998588 211.914124 0 1
106.632301 1.080311 210.466904 0 1
108.305191 2.732444 210.888412 0 1
110.295204 -10.062112 216.852570 0 1
99.130119 -5.111431 212.892975 0 1
108.245201 -11.008702 217.187241 0 1
110.708115 -9.257843 216.028336 0 1
109.108139 -10.068988 215.719376 0 1
112.379173 -5.294207 213.449509 1 0
97.212296 1.014271 212.798141 0 1
100.936691 3.074995 211.035309 0 1
111.007851 -5.430323 212.510330 0 1
112.459465 -6.454232 214.547775 0 1
110.352570 -10.386819 217.537094 0 1
97.701775 -7.203481 215.161316 0 1
109.428673 -9.169264 215.053131 0 1
107.498558 -11.136738 217.047409 0 1
108.836861 -10.198546 215.834717 0 1
102.397888 -11.283858 217.389252 0 1
110.242203 -10.336212 217.275620 0 1
114.332771 -2.031802 214.121918 0 1
110.801254 -4.202632 212.424576 0 1
112.894356 -6.288859 214.763855 0 1
96.064751 -2.287551 214.048279 0 1
96.551239 -1.547494 213.280685 0 1
102.464478 -10.761229 216.280655 0 1
110.701530 -8.304165 215.152802 0 1
102.971886 -10.802755 216.044281 0 1
112.123421 -5.749174 213.675934 1 0
111.443810 -6.050350 213.447861 0 1
97.177467 0.924671 212.819733 0 1
109.410942 -9.663847 215.477600 0 1
103.113892 -11.662405 217.792175 0 1
112.797836 -5.495878 213.936691 0 1
105.511208 -9.954663 215.011673 0 1
111.390129 -5.479100 212.707672 0 1
108.399292 -10.412231 216.103561 0 1
112.868141 1.331324 212.686432 0 1
111.041153 -4.683602 212.737732 0 1
110.875809 -5.269132 212.473007 1 0
111.522057 -7.048623 214.482239 0 1
96.785866 0.296639 213.127548 0 1
110.014160 0.157337 211.124283 0 1
100.098434 -8.378964 214.767365 0 1
109.897514 -8.154707 214.386673 0 1
111.563583 -5.090861 212.874374 1 0
100.498344 -0.590007 211.147690 0 1
110.088394 -5.822988 212.705475 1 0
112.467026 -7.749537 215.841766 0 1
96.463043 -5.149234 214.829132 0 1
105.225685 5.293042 211.420654 0 1
104.996361 -9.193380 214.379547 0 1
110.927773 3.267703 211.923355 0 1
96.035973 -4.025866 214.678314 0 1
112.753914 1.380154 212.619888 0 1
100.914513 2.885734 210.977341 0 1
96.450539 -4.116827 214.288834 0 1
110.194916 -5.092734 212.716721 1 0
100.570526 0.914860 211.069366 0 1
111.299744 -5.377585 212.605820 1 0
114.027351 -5.045057 215.100067 0 1
110.768425 -5.956011 212.649414 1 0
105.760994 -9.836653 214.880234 0 1
109.117249 -8.538140 214.430954 0 1
102.165985 3.080384 210.825745 0 1
111.638199 -5.728186 213.061996 1 0
112.212746 -5.683231 213.597412 0 1
98.233757 -6.926978 214.454590 0 1
98.605019 1.985513 211.984436 0 1
113.670547 -0.820697 213.385162 0 1
98.823914 -8.405896 215.438950 0 1
99.222961 -5.595122 213.132462 0 1
111.290001 -2.282476 211.960739 0 1
106.598854 -9.495086 214.618225 0 1
108.028175 -11.396758 217.955200 0 1
111.668846 -0.090897 211.681915 0 1
112.449036 1.451437 212.449783 0 1
99.754944 -10.068443 216.887482 0 1
111.400642 -5.971131 213.029190 1 0
96.058334 -4.747313 215.018311 0 1
111.343010 -6.068637 213.101578 0 1
107.352531 -10.931853 216.727493 0 1
110.100456 -5.842127 212.730881 0 1
107.006813 -11.624883 217.780807 0 1
112.608498 -6.340362 214.542358 0 1
100.468002 -10.344907 216.855362 0 1
110.529922 -7.721384 214.442230 0 1
103.315125 4.447464 211.074661 0 1
108.297409 -11.094069 217.414673 0 1
99.341545 -7.813584 214.491043 0 1
111.475853 -9.454731 217.139648 0 1
111.082047 -7.929537 215.071091 0 1
110.734818 -5.026697 212.621124 1 0
99.745453 -7.867562 214.382538 0 1
108.754295 -11.174527 217.995377 0 1
106.464714 3.580364 210.686584 0 1
101.704643 -10.568227 216.457611 0 1
111.500816 -7.066224 214.483841 0 1
111.584526 -8.860454 216.291748 0 1
102.570396 -9.881197 215.201904 0 1
98.671326 -7.549434 214.525116 0 1
105.314774 -11.790122 217.974808 0 1
98.566132 -5.451159 213.441391 0 1
107.120232 4.149519 211.019836 0 1
110.080284 -10.441718 217.252563 0 1
111.132668 -5.467358 212.534698 1 0
111.840538 -4.099628 212.831894 0 1
111.587700 -5.831257 213.153305 1 0
105.004021 -9.450982 214.566025 0 1
106.670006 -9.486851 214.620941 0 1
100.981804 0.059426 210.986954 0 1
112.438660 -5.201915 213.574600 0 1
100.049332 -8.407256 214.821350 0 1
113.300827 0.823737 212.997665 0 1
109.130013 -6.062600 213.055771 0 1
110.502708 -6.960345 213.709869 0 1
110.417908 -6.504867 213.377213 1 0
100.067352 -1.473533 211.455292 0 1
114.019005 -5.363241 215.252884 0 1
100.001068 -0.979238 211.370407 0 1
98.556503 -7.313393 214.438782 0 1
110.424187 3.635200 211.795486 0 1
108.884041 -5.828938 212.948181 0 1
110.946205 -6.440769 213.318054 1 0
109.681030 1.412620 211.168594 0 1
110.872429 -6.566370 213.529953 1 0
97.991562 -6.141175 214.221024 0 1
110.175888 -6.073991 213.121643 1 0
106.911232 -9.505590 214.697388 0 1
107.759544 -11.002563 216.900116 0 1
113.300575 -3.514395 213.716904 0 1
109.345634 -10.300797 216.272232 0 1
111.338165 -4.578539 212.812973 0 1
110.551964 -6.100174 212.820892 1 0
97.615601 -2.107869 212.419800 0 1
111.668373 -7.239696 214.794571 0 1
112.659698 -8.047153 216.302399 0 1
111.576088 -9.288548 216.978012 0 1
111.421875 -4.590119 212.852127 1 0
99.272781 -5.633608 213.133179 0 1
112.065445 -4.580038 213.153671 0 1
111.105843 -5.662419 212.584625 1 0
98.399414 -7.807511 214.985992 0 1
112.413132 -8.005773 216.048233 0 1
103.199448 -11.661743 217.793976 0 1
104.129669 5.194162 211.279053 0 1
96.384201 -0.938696 213.422714 0 1
107.568642 -9.752729 215.060898 0 1
106.124405 -9.540695 214.574615 0 1
107.938698 -9.692593 215.097763 0 1
105.491493 -9.576104 214.621078 0 1
113.227959 -0.215912 212.948105 0 1
107.927803 -10.930329 216.817307 0 1
112.095551 -6.045177 213.900299 0 1
97.192070 -2.567876 212.962631 0 1
110.478355 -7.132414 213.817017 0 1
113.273277 -6.224485 215.159866 0 1
109.676811 -8.264232 214.372726 0 1
110.390648 -6.825734 213.594971 1 0
108.541687 -11.249842 218.003784 0 1
112.441750 -5.254159 213.570297 0 1
109.416191 -0.550492 211.015610 0 1
107.308510 4.741012 211.377060 0 1
110.380920 -8.665637 215.223099 0 1
111.313492 -6.244956 213.621597 0 1
96.113731 -4.970871 215.112061 0 1
96.866608 -6.529879 215.547287 0 1
112.810089 -4.942582 213.757919 0 1
110.610771 -7.659916 214.432571 0 1
110.386398 -5.995803 212.791016 1 0
111.137070 -5.782084 212.658096 1 0
110.987312 -8.546818 215.580322 0 1
110.268951 -5.835530 212.648026 1 0
99.187874 -4.994451 212.809525 0 1
111.141182 -5.067564 212.534470 1 0
99.637833 -1.253592 211.558533 0 1
112.230637 -5.929495 213.889603 0 1
111.261993 -3.343870 212.215378 0 1
97.056274 0.649188 212.915741 0 1
106.210571 -11.800685 217.945526 0 1
107.797363 -11.096292 217.109787 0 1
113.034981 -6.246202 214.882477 0 1
112.555237 -6.439433 214.600006 0 1
108.620003 -11.219678 217.965500 0 1
114.222198 -1.680749 213.949997 0 1
97.724091 -2.276719 212.429779 0 1
110.523331 -9.161208 215.813553 0 1
96.431419 -5.795788 215.421097 0 1
107.388649 -9.864863 215.159149 0 1
110.194092 -9.285229 215.682419 0 1
112.134331 -4.877703 213.300095 0 1
114.095795 -1.076055 213.798065 0 1
109.114655 -10.897799 217.497635 0 1
110.415031 -7.481134 214.095840 0 1
99.217339 -5.564107 213.117722 0 1
96.564835 -6.125808 215.547272 0 1
97.713699 -2.244005 212.420151 0 1
111.762032 -5.481603 212.974747 1 0
108.480377 -10.234907 215.834335 0 1
111.807373 -5.901030 213.635147 1 0
111.998611 -5.933725 213.775757 1 0
114.174019 -2.000094 213.915527 0 1
110.669807 3.429165 211.820023 0 1
101.620102 2.132036 210.703415 0 1
111.022606 -5.055617 212.533218 1 0
108.850777 -5.782570 212.928024 0 1
113.168266 -1.141891 212.943146 0 1
105.380043 -9.846860 214.880417 0 1
100.462959 2.887857 211.203613 0 1
103.432289 0.211020 210.678513 0 1
114.386482 -2.810966 214.494537 0 1
110.453476 -8.005671 214.665527 0 1
111.651909 -8.141802 215.655914 0 1
106.951065 -11.474809 217.460342 0 1
99.244705 -5.274854 212.938568 0 1
111.017174 3.180678 211.950989 0 1
106.124374 -11.636047 217.561981 0 1
110.638489 -6.777754 213.646576 0 1
107.681221 1.982424 210.563278 0 1
97.549484 -2.141218 212.475677 0 1
112.323975 0.368622 212.101196 0 1
110.509697 -6.154426 212.912872 0 1
98.582199 -4.076791 212.756439 0 1
96.351410 -0.881843 213.449219 0 1
113.124977 -1.111977 212.903778 0 1
97.611145 -2.144280 212.434448 0 1
110.819183 -6.731812 213.681702 0 1
103.751198 5.233155 211.336823 0 1
114.279900 -1.773402 214.031830 0 1
112.091347 1.922288 212.330475 0 1
101.590927 -10.233631 216.123764 0 1
99.443939 -9.599112 216.510101 0 1
110.237556 -6.567776 213.404236 1 0
110.819603 -6.729614 213.680313 0 1
110.612007 -5.020988 212.678284 1 0
107.880844 -10.697680 216.450882 0 1
100.039948 -8.668713 215.142654 0 1
100.599953 -10.073264 216.467010 0 1
111.185966 0.161290 211.522751 0 1
110.244453 -6.286653 213.246429 1 0
101.345261 2.201428 210.735413 0 1
110.646988 3.047660 211.734070 0 1
111.870590 0.106138 211.762299 0 1
106.486336 -11.753861 217.815796 0 1
109.427040 -10.643932 217.119415 0 1
110.675064 -5.910355 212.617599 1 0
110.599129 -7.006639 213.788345 0 1
111.869331 -5.785472 213.293457 0 1
108.958778 -5.857773 212.975388 0 1
113.365150 0.654186 213.051437 0 1
111.259071 -5.164665 212.566742 0 1
102.703056 -10.743049 216.113937 0 1
98.893509 -8.070388 214.988647 0 1
111.520500 -6.585143 214.007965 0 1
100.541550 -8.564311 214.767746 0 1
104.825348 5.423852 211.501389 0 1
112.691116 1.667992 212.660187 0 1
109.889114 -10.630404 217.405182 0 1
110.356468 3.603113 211.744232 0 1
104.167717 1.384446 210.373322 0 1
99.088303 2.056008 211.746735 0 1
99.183647 -8.915808 215.849701 0 1
98.220070 -1.798293 212.133575 0 1
105.237625 4.181782 210.918930 0 1
110.248276 -9.628210 216.089005 0 1
114.135315 -5.324286 215.389130 0 1
96.568520 -0.877801 213.260483 0 1
108.934853 -9.687336 215.337784 0 1
111.565643 -5.838384 213.142563 1 0
112.076660 -5.718459 213.475494 1 0
103.771309 5.236180 211.336655 0 1
97.860168 -6.499008 214.501938 0 1
101.365555 -8.042098 213.950027 0 1
112.396629 -7.991978 216.026184 0 1
103.230942 5.008357 211.298935 0 1
98.170425 -1.803661 212.151169 0 1
111.229851 -5.601359 212.617981 0 1
109.861557 -7.672100 213.923630 0 1
99.257545 -9.075060 215.988770 0 1
112.409042 -6.574460 214.639511 0 1
104.752716 4.540993 211.022141 0 1
98.678391 2.819507 212.174133 0 1
112.705055 -4.952307 213.693848 0 1
99.741066 -10.034380 216.852097 0 1
114.216812 -2.697791 214.235184 0 1
110.314171 -5.368811 212.459274 0 1
111.814545 -4.897317 213.025406 1 0
108.919830 -10.690870 216.880432 0 1
111.046043 -9.379486 216.543350 0 1
113.048874 -6.176929 214.832016 0 1
114.168633 -2.759510 214.209396 0 1
96.210236 -4.174746 214.536667 0 1
98.426262 -5.671490 213.649490 0 1
102.200882 3.189344 210.847717 0 1
106.354424 5.112548 211.453537 0 1
107.122719 4.337723 211.120712 0 1
107.471344 -10.931458 216.733688 0 1
110.137482 -5.711105 212.576065 1 0
105.722305 -8.285252 213.963684 0 1
100.922791 -10.366767 216.637756 0 1
110.247505 -4.617823 212.526215 0 1
112.071686 -5.317873 213.102509 1 0
104.332481 -10.346043 215.422745 0 1
97.771919 -5.525339 214.062561 0 1
98.368576 -7.794923 214.998413 0 1
108.908447 -9.932918 215.529388 0 1
108.631104 -8.055102 213.947800 0 1
111.877747 -5.792627 213.367371 0 1
98.514420 -7.660105 214.687241 0 1
109.428909 -10.887039 217.733704 0 1
105.590866 4.034902 210.867920 0 1
107.551697 0.990138 210.534958 0 1
101.102928 2.363566 210.776047 0 1
107.743759 0.477577 210.572525 0 1
103.388870 -10.961417 216.115723 0 1
109.703949 -5.901467 213.039703 1 0
110.369408 -6.282631 213.195557 0 1
111.107903 -3.381881 212.144455 0 1
109.992615 -10.444469 217.159164 0 1
98.466675 -7.668121 214.732132 0 1
102.976387 -11.624791 217.706985 0 1
98.460716 -7.545091 214.627441 0 1
102.097565 -11.024918 217.051163 0 1
99.820450 -10.137823 216.934128 0 1
97.622345 -6.285621 214.558090 0 1
108.453804 -10.809365 216.859421 0 1
103.872414 5.143012 211.252426 0 1
104.451088 5.425667 211.500687 0 1
106.006149 -11.556098 217.411652 0 1
111.039894 -6.483380 213.602219 1 0
101.190025 1.253855 210.846954 0 1
110.258286 -5.825701 212.640564 0 1
108.043510 -9.960624 215.387268 0 1
109.777130 -8.737345 214.867371 0 1
113.091179 -1.093573 212.872971 0 1
111.914131 -3.991388 212.852585 0 1
111.166512 3.031818 212.004959 0 1
111.226799 -5.224145 212.555237 0 1
108.891823 -6.227366 213.113220 0 1
96.357208 -1.315369 213.415543 0 1
108.847549 -8.575462 214.392685 0 1
114.330376 -2.075856 214.124985 0 1
104.051353 5.069812 211.209030 0 1
108.769943 -4.895339 212.572891 0 1
110.110580 -7.758794 214.151199 0 1
96.883636 0.429199 213.040634 0 1
111.686897 -7.189365 214.754318 0 1
111.350769 -4.751383 212.787354 1 0
102.909492 -10.776250 216.045593 0 1
101.236626 -7.215270 213.569031 0 1
110.353279 -6.926552 213.636185 0 1
111.952950 -5.232823 213.003235 0 1
103.340111 4.696000 211.146301 0 1
112.247276 -5.641843 213.550293 1 0
96.781609 -5.406522 214.713425 0 1
111.323364 -4.606389 212.815155 1 0
111.068642 3.126483 211.975037 0 1
96.345955 -4.234245 214.429260 0 1
103.773270 -11.691099 217.834930 0 1
110.244926 -5.904757 212.750290 1 0
110.955269 -5.180521 212.497833 1 0
109.019890 -9.894099 215.528534 0 1
113.083748 1.197548 212.843674 0 1
96.304733 -4.749168 214.707306 0 1
108.871635 -6.033668 213.041641 0 1
110.904800 -6.430132 213.218918 1 0
109.685966 3.618178 211.549957 0 1
112.831818 -4.863662 213.755554 0 1
109.659782 -10.493304 216.929535 0 1
111.006569 -5.613463 212.535522 1 0
106.819702 4.852836 211.368622 0 1
100.508072 -0.231580 211.131592 0 1
110.457253 -9.935598 216.830124 0 1
111.445564 1.446992 211.810135 0 1
101.226875 0.751508 210.893463 0 1
98.233566 -7.368910 214.691559 0 1
110.030487 -5.891431 212.964310 0 1
97.687019 -7.545131 215.458908 0 1
100.812309 1.624569 210.920090 0 1
109.754921 4.245596 211.904297 0 1
112.113029 -0.140720 211.914078 0 1
100.508034 -10.362051 216.854355 0 1
110.775566 -6.573570 213.487778 1 0
111.983406 -5.981786 213.802765 1 0
111.492302 -3.770176 212.494751 0 1
112.839188 0.925985 212.574951 0 1
112.708267 -6.129672 214.407272 0 1
96.726997 -0.501046 213.136078 0 1
113.080910 -7.385772 216.156281 0 1
106.367065 2.586812 210.467712 0 1
110.771523 -6.043247 212.720825 1 0
108.522522 -10.277476 215.915405 0 1
108.830940 4.634562 211.848907 0 1
111.138931 -4.585374 212.726685 0 1
103.055305 -11.635678 217.715042 0 1
103.786591 1.537898 210.432663 0 1
99.907410 -2.729257 211.850800 0 1
111.748436 -5.638060 213.044327 1 0
111.471107 -5.955874 213.198364 1 0
105.106804 -11.543225 217.387589 0 1
111.890739 -0.788024 211.921295 0 1
100.585320 1.231400 211.045273 0 1
108.338531 -10.779685 216.728912 0 1
111.055008 -9.786697 217.231277 0 1
108.185112 -11.370830 218.106232 0 1
110.808792 -3.275088 212.035431 0 1
98.171669 -6.164684 214.079224 0 1
97.639061 -7.797528 215.772354 0 1
113.562714 0.323490 213.247726 0 1
111.342079 -2.067942 211.941086 0 1
103.559975 5.091136 211.262970 0 1
106.132889 5.228588 211.497894 0 1
114.144218 -5.255826 215.352615 0 1
98.667969 -7.582991 214.548981 0 1
112.561928 -5.684896 213.881332 0 1
108.937943 -10.631927 216.751785 0 1
113.744225 -0.054253 213.432877 0 1
111.159096 -7.876181 215.066269 0 1
111.932877 -5.833750 213.666046 1 0
104.700172 1.832796 210.389206 0 1
107.137321 3.274297 210.593124 0 1
98.720818 1.833553 211.901779 0 1
108.506378 -11.261028 217.983856 0 1
111.419662 -6.008202 213.174835 1 0
109.326645 -5.844872 212.984756 0 1
99.197586 -7.756396 214.499832 0 1
111.817490 -5.616741 213.062546 1 0
110.225113 -5.820228 212.646622 0 1
108.265717 -9.673079 215.154343 0 1
104.433632 1.182013 210.366989 0 1
107.265213 -11.615732 217.950790 0 1
101.310112 -10.773869 217.097656 0 1
96.492813 -4.577660 214.486893 0 1
113.449226 -0.901482 213.172699 0 1
103.951202 5.233580 211.313553 0 1
112.716476 1.720239 212.698593 0 1
110.463120 -5.063106 212.694565 1 0
113.662071 -1.517612 213.409485 0 1
104.998230 -10.057096 215.114914 0 1
100.059616 3.708165 211.670914 0 1
103.567917 4.063319 210.971161 0 1
112.293694 -5.098409 213.434113 1 0
99.444794 -9.638336 216.562134 0 1
98.550484 -5.843545 213.670517 0 1
111.194733 -5.098798 212.543716 1 0
110.571114 -6.307218 213.042465 1 0
110.625542 -7.620821 214.402618 0 1
110.116196 -5.805942 212.669632 1 0
110.289024 -8.600414 215.104446 0 1
99.708809 -9.970280 216.798737 0 1
109.851265 -5.604800 212.895035 1 0
99.116646 -5.544726 213.156174 0 1
101.108887 -8.343325 214.235367 0 1
104.458405 1.234344 210.360352 0 1
112.598717 -5.522086 213.824280 0 1
101.109253 -8.333714 214.227554 0 1
111.920868 -0.123727 211.780518 0 1
98.402527 -5.831100 213.737579 0 1
110.829544 -6.101706 212.796677 1 0
96.703911 -1.614619 213.145782 0 1
98.239899 -6.113699 214.002930 0 1
111.040565 -9.045694 216.071381 0 1
112.888031 -3.911016 213.536133 0 1
110.954292 -4.990410 212.577393 0 1
96.479683 -0.862892 213.339508 0 1
104.484734 1.210505 210.361725 0 1
109.985756 -5.821105 212.926422 1 0
112.319389 -0.253042 212.100693 0 1
109.431618 -10.283394 216.300385 0 1
110.047142 3.540348 211.627151 0 1
109.382446 -10.300467 216.293106 0 1
112.955330 -0.134862 212.687271 0 1
106.273003 -11.810964 218.092926 0 1
98.728859 -7.594956 214.535263 0 1
98.583603 -4.969387 213.206055 0 1
99.370514 -9.645829 216.644333 0 1
111.324280 -5.182459 212.607635 1 0
98.687943 -7.623637 214.571671 0 1
96.081253 -2.636607 214.157303 0 1
109.088554 -10.504883 216.565582 0 1
109.200958 1.414392 210.985184 0 1
109.948532 -5.279625 212.766510 1 0
106.336891 -9.153118 214.366196 0 1
111.860023 -7.548578 215.234634 0 1
105.033287 -9.451365 214.563538 0 1
112.266541 -5.300543 213.300079 0 1
113.562767 -5.521406 214.819626 0 1
111.980690 -1.317589 212.128448 0 1
110.707047 -4.252715 212.427063 0 1
98.146065 1.810539 212.184814 0 1
111.787247 0.428339 211.778687 0 1
109.255394 -6.434647 213.242477 0 1
106.514709 3.175559 210.557693 0 1
111.813148 -4.962482 212.981323 1 0
112.722427 -5.380262 213.833160 0 1
112.045937 -6.077711 213.897903 0 1
108.802345 -10.584660 216.551956 0 1
110.917381 -4.859827 212.723221 1 0
111.828819 -5.212748 212.928772 1 0
100.577278 -10.236050 216.662292 0 1
96.794273 -0.905292 213.064850 0 1
111.194031 -5.349412 212.552673 1 0
111.017769 -5.480972 212.512787 0 1
103.582253 4.927963 211.184906 0 1
111.751801 -4.228088 212.829712 0 1
111.206024 -5.195086 212.546738 0 1
99.168106 -9.469950 216.590271 0 1
96.902405 0.398424 213.018280 0 1
113.280632 -3.513544 213.702576 0 1
110.668686 -5.958415 212.651962 0 1
110.677170 -6.508893 213.292633 1 0
110.836716 -6.511806 213.393204 1 0
111.181717 0.176100 211.523544 0 1
106.462807 2.885192 210.494888 0 1
106.138298 -10.725788 216.249771 0 1
111.175964 -4.193939 212.548767 0 1
98.786949 -5.263254 213.209320 0 1
103.697365 -10.618846 215.713913 0 1
98.578796 -7.607631 214.604492 0 1
98.297501 -7.634959 214.864273 0 1
113.914352 -4.089525 214.517075 0 1
109.048172 -10.618298 216.800125 0 1
96.897385 -0.792308 212.985382 0 1
97.678207 -7.769071 215.699677 0 1
106.768845 3.264778 210.553864 0 1
112.239395 -8.674346 216.671692 0 1
106.859085 -11.730815 217.989014 0 1
110.597099 -6.181253 212.904373 1 0
106.846550 2.633645 210.502792 0 1
99.976585 -1.017701 211.385864 0 1
98.207016 -6.227210 214.103958 0 1
105.928139 4.420288 211.065048 0 1
105.998100 -11.772362 217.914810 0 1
111.058586 -9.724882 217.132309 0 1
102.623215 -9.915967 215.217041 0 1
114.136902 -1.065115 213.847458 0 1
108.073616 -11.344450 217.853180 0 1
109.068817 0.204632 210.789642 0 1
111.944237 -5.427839 213.032486 1 0
102.936836 -10.558640 215.774124 0 1
111.443718 -5.698066 212.867783 1 0
109.562004 -10.825933 217.655670 0 1
108.911453 -10.675157 216.839111 0 1
101.953201 -8.907316 214.430328 0 1
111.832855 0.231610 211.762253 0 1
96.964485 -5.335082 214.544739 0 1
110.898720 0.090924 211.420807 0 1
111.326942 2.926471 212.089294 0 1
108.376488 -11.065700 217.398941 0 1
97.054230 0.907748 212.917587 0 1
106.098656 4.364889 211.055099 0 1
107.783768 -11.497509 218.095154 0 1
110.222153 3.109224 211.598663 0 1
110.652405 -5.457074 212.448898 0 1
111.497505 -4.625217 212.899734 0 1
113.488449 -0.904893 213.211639 0 1
103.952377 5.214180 211.298035 0 1
112.989571 1.128338 212.720917 0 1
110.026665 -5.653273 212.608536 0 1
104.544533 4.613160 211.049210 0 1
109.858040 -10.006582 216.264023 0 1
111.160912 -4.979271 212.560287 1 0
113.384850 -1.226473 213.141281 0 1
107.075172 -11.313244 217.230667 0 1
104.738892 1.785122 210.380341 0 1
110.642006 -5.180970 212.495651 0 1
100.992348 0.055887 210.984833 0 1
111.399193 -4.560045 212.832123 1 0
110.115135 0.033351 211.160873 0 1
108.745399 -11.162013 217.869720 0 1
103.069687 -10.576776 215.748459 0 1
104.156395 5.396975 211.482178 0 1
108.293518 -11.173440 217.607285 0 1
108.343315 -10.875045 216.940811 0 1
110.718857 -4.974671 212.688324 1 0
112.698235 0.716223 212.434174 0 1
101.485130 3.356943 211.015533 0 1
97.771484 -6.706929 214.673416 0 1
111.386726 -6.015105 213.069122 0 1
103.699066 5.374627 211.524429 0 1
111.474037 -5.067932 212.829712 0 1
111.164444 -3.434363 212.190582 0 1
110.914833 -5.899173 212.642212 1 0
96.050224 -2.791610 214.246216 0 1
105.564041 3.638105 210.765244 0 1
98.330780 -5.682831 213.741150 0 1
110.367874 3.604777 211.751404 0 1
111.693680 -6.805358 214.351868 0 1
105.780640 5.281779 211.479416 0 1
110.449646 -10.107066 217.118469 0 1
113.493362 -1.447906 213.259018 0 1
98.067528 -7.486403 214.972641 0 1
112.583984 0.511512 212.326553 0 1
102.986427 -10.985218 216.348373 0 1
97.914948 -6.464415 214.440643 0 1
111.914230 -0.122858 211.776398 0 1
109.440369 -10.875433 217.685745 0 1
105.810966 1.103881 210.424011 0 1
110.753716 -10.063144 217.374771 0 1
100.820824 -8.283193 214.302933 0 1
96.193153 -4.779318 214.823349 0 1
99.092453 -8.930045 215.920471 0 1
97.129974 0.867933 212.855850 0 1
109.521973 -10.819472 217.574768 0 1
111.900002 -8.504558 216.166000 0 1
96.415878 -4.045425 214.287354 0 1
111.354263 -4.585027 212.824387 1 0
113.340157 -5.865873 214.867523 0 1
110.513412 -7.014499 213.751129 0 1
113.923401 -4.871421 214.900665 0 1
101.230843 2.590858 210.781189 0 1
112.509613 -0.339967 212.282867 0 1
97.534531 -2.251830 212.529236 0 1
113.336998 -0.605997 213.065491 0 1
111.382507 -5.061963 212.683090 0 1
108.782356 -6.212135 213.117172 0 1
102.765327 -11.476642 217.535858 0 1
111.158905 -6.426755 213.667343 1 0
111.950623 -5.757395 213.473724 1 0
111.357368 -6.878241 214.185455 0 1
106.495010 -9.681175 214.767761 0 1
110.361389 -6.129544 213.045197 1 0
113.162918 -1.404985 213.008392 0 1
103.051636 -11.460912 217.328415 0 1
110.069290 -1.950304 211.515533 0 1
109.114357 -8.825892 214.672089 0 1
100.867088 -10.425914 216.739258 0 1
109.979324 -5.869228 212.998093 0 1
109.985947 -9.350766 215.591339 0 1
96.338501 -1.135003 213.439560 0 1
96.435356 -1.249088 213.333542 0 1
96.209129 -1.307528 213.594711 0 1
110.123749 -6.993731 213.584457 0 1
109.718102 -5.517667 212.881271 1 0
106.371552 2.588174 210.468079 0 1
101.277832 1.231104 210.832855 0 1
109.336739 -5.568224 212.875824 0 1
96.399597 -0.574664 213.430893 0 1
110.923355 -6.666829 213.684372 0 1
109.105057 -10.210433 215.920898 0 1
109.418442 1.290561 211.053513 0 1
107.601601 -9.860628 215.178116 0 1
99.481354 -7.904388 214.515198 0 1
96.673256 -3.359472 213.776138 0 1
109.353874 -9.654792 215.437958 0 1
105.179237 4.262214 210.939209 0 1
106.802200 -9.506394 214.676224 0 1
103.196579 1.849548 210.539124 0 1
107.126755 4.025335 210.952530 0 1
108.442261 -9.907508 215.409088 0 1
112.000160 -5.291482 213.039261 0 1
110.495972 -5.093148 212.662552 0 1
100.467178 4.005617 211.564682 0 1
111.492485 -1.679223 211.922668 0 1
104.517105 -9.436652 214.595276 0 1
113.211617 1.083363 212.989410 0 1
111.823982 1.419612 212.035538 0 1
103.936249 5.316778 211.402588 0 1
98.014839 -6.908893 214.594955 0 1
108.944336 4.435194 211.721191 0 1
113.188919 -6.247612 215.079468 0 1
98.674774 -7.606908 214.563934 0 1
111.891006 -3.991699 212.838654 0 1
111.389229 -5.455058 212.701950 0 1
111.657738 -5.146613 212.880890 1 0
108.903885 -11.009740 217.612213 0 1
108.338516 0.888529 210.613251 0 1
114.314690 -3.826375 214.882202 0 1
110.049835 -5.580183 212.573914 0 1
114.279861 -1.756791 214.030930 0 1
110.532303 -7.990513 214.715775 0 1
104.226784 -10.477059 215.569885 0 1
103.355049 -11.683920 217.824280 0 1
113.415398 -1.356295 213.183731 0 1
113.987862 -5.006400 215.035645 0 1
109.541245 -10.309652 216.458755 0 1
113.663208 0.088540 213.350555 0 1
108.154518 -11.379896 218.145447 0 1
109.927994 -5.804372 212.985260 0 1
110.803879 -9.294172 216.152664 0 1
98.355453 -5.916258 213.821487 0 1
97.736542 -2.461020 212.499466 0 1
108.899071 -6.169248 213.088043 0 1
108.642113 -10.502726 216.290085 0 1
111.238907 -9.055869 216.241791 0 1
106.911522 3.203891 210.541290 0 1
110.696358 -5.148415 212.508240 1 0
100.458076 2.913707 211.215134 0 1
111.604599 -5.806404 213.129150 0 1
99.859085 -6.125241 213.262543 0 1
112.900497 1.334210 212.711472 0 1
109.505669 -10.054321 215.965347 0 1
97.023857 -6.198810 215.081726 0 1
107.983444 -11.425758 218.004776 0 1
111.142052 3.243367 212.058243 0 1
100.359688 -0.408393 211.194244 0 1
113.269890 -6.233855 215.166092 0 1
110.969139 -5.792458 212.592957 1 0
99.785080 -5.292365 212.801056 0 1
114.161415 -5.143984 215.314606 0 1
112.044868 -5.730393 213.476120 1 0
107.172600 4.897798 211.438644 0 1
101.141487 -5.946014 213.049454 0 1
100.982445 1.661796 210.855698 0 1
112.707123 -6.367247 214.647461 0 1
96.185318 -4.228036 214.586838 0 1
96.115273 -4.798394 214.935837 0 1
113.350853 -4.353500 214.011765 0 1
110.519615 -6.193302 212.955429 1 0
112.477524 -8.176166 216.254898 0 1
110.645943 -5.664724 212.481400 1 0
114.286247 -3.907732 214.881668 0 1
110.420479 -6.321357 213.185806 1 0
110.575798 -8.465737 215.190659 0 1
112.871857 1.297487 212.680573 0 1
98.860115 -9.068152 216.349579 0 1
107.253441 0.420940 210.561066 0 1
108.900246 -11.085825 217.789200 0 1
100.890488 3.173773 211.088058 0 1
96.292053 -3.917670 214.368225 0 1
100.274567 2.257972 211.161453 0 1
113.250954 0.788442 212.933167 0 1
100.852379 0.563993 210.986755 0 1
113.336914 -4.927367 214.236725 0 1
111.325172 -2.137130 211.943558 0 1
104.190575 -10.542640 215.642975 0 1
108.685524 -8.878573 214.602539 0 1
97.060425 0.889498 212.921280 0 1
112.378433 -5.408463 213.460129 1 0
110.067581 -10.473834 217.295532 0 1
106.809944 -9.758274 214.924423 0 1
96.292465 -1.229059 213.482468 0 1
97.862633 -6.775943 214.641907 0 1
104.393394 1.466070 210.358078 0 1
99.190224 -4.880742 212.760925 0 1
104.331993 5.292143 211.359131 0 1
109.518211 -8.798012 214.772980 0 1
107.128052 3.067267 210.549759 0 1
110.441910 -5.846489 212.610031 0 1
107.268600 0.450268 210.555420 0 1
96.440666 -4.212589 214.339813 0 1
96.333282 -4.477271 214.550629 0 1
112.600563 -5.384139 213.767319 0 1
100.330147 -0.722842 211.217957 0 1
108.790985 -6.001666 213.031860 0 1
110.884232 -6.545419 213.505783 0 1
100.308609 -8.281905 214.544846 0 1
108.988602 -11.080276 217.856781 0 1
104.942497 -9.123076 214.338150 0 1
101.867432 2.739399 210.757156 0 1
109.677505 -8.988482 215.029083 0 1
107.152275 4.275183 211.088943 0 1
104.682770 -11.389408 217.041656 0 1
107.831650 -11.485077 218.051941 0 1
104.092529 -2.288613 211.483551 0 1
111.323036 -4.711456 212.791077 0 1
108.150917 -11.263338 217.704010 0 1
100.488312 2.894224 211.191940 0 1
107.197266 -9.560826 214.805908 0 1
98.038986 -3.357999 212.746140 0 1
111.401054 -6.007121 213.085938 1 0
109.739685 -10.379522 216.772949 0 1
100.805481 4.150807 211.528748 0 1
111.936943 -6.139320 213.888397 0 1
110.828964 -6.983381 213.904114 0 1
99.967285 -8.011325 214.417709 0 1
112.223549 -5.452673 213.291260 1 0
111.318237 3.107440 212.134186 0 1
96.575699 -6.110775 215.521530 0 1
112.923073 -5.529638 214.050644 0 1
96.463219 -3.940764 214.201736 0 1
109.062447 -9.076735 214.865021 0 1
103.218414 5.222557 211.460876 0 1
107.274940 -9.760030 215.019531 0 1
112.576828 -6.340893 214.516357 0 1
108.908218 -9.981845 215.577179 0 1
98.482086 -3.333911 212.483459 0 1
110.490112 3.512246 211.764191 0 1
98.386932 -5.958951 213.830887 0 1
106.468925 -11.740566 217.784073 0 1
111.874229 -5.792160 213.405411 1 0
97.782005 -6.706151 214.665039 0 1
112.249878 -5.636178 213.544037 0 1
112.304855 -5.236192 213.373642 0 1
105.978043 -6.199945 213.053162 0 1
111.590866 -4.772672 212.942627 1 0
112.390114 -0.446771 212.185181 0 1
110.025879 -6.028310 213.110580 0 1
108.585503 -10.216021 215.832977 0 1
110.715576 3.200095 211.786514 0 1
111.097923 -6.298328 213.187561 0 1
110.483757 -5.882225 212.629471 0 1
110.635818 -7.535365 214.328934 0 1
109.736763 -5.298185 212.789627 1 0
103.043266 -10.574995 215.751572 0 1
109.694939 4.210796 211.846008 0 1
112.123169 -5.489959 213.207977 1 0
110.039032 -10.428251 217.186996 0 1
97.472862 1.276368 212.591431 0 1
104.405914 5.349861 211.413467 0 1
104.158867 5.173286 211.265594 0 1
98.777435 -5.293659 213.227768 0 1
106.106583 -9.442467 214.500641 0 1
111.402351 -4.787220 212.813934 1 0
113.264854 -0.007100 212.974319 0 1
111.542107 -4.854120 212.881271 1 0
105.584343 -9.799809 214.824921 0 1
108.954727 -11.034532 217.690872 0 1
113.141464 1.066139 212.851532 0 1
111.157333 -4.591691 212.735550 0 1
109.195793 -5.884497 212.993286 0 1
103.590691 5.218178 211.351730 0 1
101.493782 2.290020 210.713715 0 1
112.509583 -0.670239 212.325241 0 1
106.080986 4.405612 211.072174 0 1
98.565239 -5.816549 213.647110 0 1
107.378075 -11.185584 217.098557 0 1
110.388367 -6.652970 213.497620 1 0
111.025787 -6.458506 213.558594 1 0
111.247955 -5.290210 212.574936 1 0
99.349045 -5.124094 212.800095 0 1
110.016609 -5.988644 213.086349 1 0
100.875145 1.589441 210.894745 0 1
110.672569 -6.493267 213.239243 1 0
106.367111 1.581397 210.445480 0 1
98.233810 -6.203185 214.072464 0 1
113.406563 -1.442767 213.193924 0 1
105.785667 4.006810 210.861664 0 1
110.898483 -6.442745 213.241699 1 0
105.471832 -9.759035 214.788055 0 1
96.193199 -3.670672 214.385223 0 1
110.169792 -6.005543 213.030212 1 0
109.299522 -8.975697 214.846237 0 1
109.017120 -9.753734 215.413177 0 1
100.996574 -10.296123 216.514847 0 1
109.219368 -6.222898 213.131058 0 1
110.955544 -5.461847 212.500336 1 0
111.007637 -5.140278 212.511795 1 0
105.603203 5.276107 211.457489 0 1
100.816116 4.138910 211.521667 0 1
108.375992 -9.959410 215.450256 0 1
109.088356 0.254784 210.794434 0 1
104.710045 1.230682 210.365341 0 1
98.721497 -7.144582 214.263000 0 1
96.258179 -1.161233 213.530426 0 1
109.079384 -10.004730 215.641235 0 1
97.052734 0.601377 212.907913 0 1
98.325050 -6.028000 213.902084 0 1
110.352203 -6.913475 213.627960 0 1
111.740395 -4.043213 212.751221 0 1
109.043640 -10.582794 216.703049 0 1
110.375465 -7.215949 213.832336 0 1
107.783073 -9.771323 215.126617 0 1
101.752228 2.767619 210.749847 0 1
100.333916 -10.268979 216.829895 0 1
113.057320 -6.187251 214.851440 0 1
100.989769 2.697522 210.882690 0 1
110.991882 -5.092370 212.520142 1 0
97.965492 -7.645992 215.228378 0 1
110.445770 -5.847157 212.609314 0 1
107.279236 -11.630288 218.053726 0 1
112.390961 -7.250019 215.303528 0 1
106.858070 -11.379951 217.289795 0 1
112.438858 -5.142079 213.572037 0 1
111.930252 -0.101711 211.781052 0 1
113.243263 0.598502 212.938736 0 1
108.946266 -6.024732 213.027100 0 1
112.015320 -5.929014 213.781158 1 0
110.340767 -8.771489 215.298035 0 1
108.887543 -10.714165 216.915634 0 1
101.523293 -8.374290 214.106766 0 1
113.154236 -0.244552 212.872864 0 1
110.689568 -4.321521 212.453125 0 1
114.029900 -1.984336 213.802216 0 1
110.957619 -6.374613 213.156250 0 1
107.319077 -9.730374 214.995605 0 1
104.266251 -10.257328 215.342545 0 1
111.981148 0.197821 211.839432 0 1
106.162300 -11.801653 217.952118 0 1
99.779816 -5.237825 212.777115 0 1
109.714455 -9.773405 215.795334 0 1
110.364159 -6.180024 213.103607 0 1
114.346542 -2.302343 214.221344 0 1
101.409866 2.864099 210.825439 0 1
111.115509 -6.680720 213.832779 0 1
102.924995 2.554460 210.684723 0 1
111.435524 -5.065109 212.767334 1 0
108.477280 -11.140834 217.637039 0 1
112.670372 0.562948 212.401566 0 1
111.937057 -0.063332 211.779587 0 1
109.170517 -10.058750 215.730377 0 1
108.836105 -6.294222 213.145554 0 1
101.283661 2.692841 210.793701 0 1
102.090179 -9.156348 214.639465 0 1
110.496140 -9.904637 216.817947 0 1
111.074654 -4.950093 212.580780 1 0
102.729950 4.221635 211.087311 0 1
109.100136 -8.512586 214.404388 0 1
99.357048 -5.109931 212.789200 0 1
110.978432 -8.549203 215.576599 0 1
109.852699 -10.548385 217.207626 0 1
110.819801 -6.266092 212.986160 1 0
110.393761 -5.649483 212.497116 1 0
114.276489 -2.650817 214.291962 0 1
110.960289 -4.894838 212.680038 1 0
102.677933 5.019835 211.454468 0 1
113.968674 -5.725825 215.540192 0 1
111.960587 -5.781128 213.602280 0 1
102.464996 -10.297735 215.714294 0 1
97.848549 1.403691 212.310715 0 1
110.639168 -6.763475 213.640015 0 1
108.406525 -10.815373 216.850266 0 1
111.229675 -5.511002 212.584946 1 0
110.584976 -6.989985 213.768204 0 1
99.573692 -1.273013 211.583542 0 1
96.700203 -4.451389 214.273788 0 1
110.786285 -6.026952 212.707138 1 0
99.134613 -5.119431 212.896484 0 1
111.082245 -3.533986 212.190201 0 1
97.249924 -1.648818 212.664719 0 1
111.315407 -5.067476 212.606506 1 0
98.297028 -5.889488 213.850784 0 1
99.022125 -6.625442 213.835449 0 1
106.558830 0.643261 210.497986 0 1
97.546272 -1.176170 212.447174 0 1
112.450005 -8.019835 216.085022 0 1
112.976334 0.605285 212.679947 0 1
102.897354 -10.992484 216.419388 0 1
98.319130 -3.152643 212.486969 0 1
108.199226 0.976942 210.592392 0 1
114.239883 -2.763922 214.299820 0 1
110.448570 -2.636301 211.777206 0 1
100.840897 2.012033 210.887985 0 1
98.136871 1.869189 212.203369 0 1
110.535385 -8.036014 214.765839 0 1
98.583084 -7.169894 214.341141 0 1
104.796371 -7.987732 213.831299 0 1
97.178604 -2.595496 212.984070 0 1
106.621155 3.080348 210.528976 0 1
96.993874 0.464856 212.949173 0 1
111.504845 -6.095280 213.624191 1 0
111.018761 -5.222113 212.503677 0 1
101.850899 -10.686303 216.545288 0 1
110.952469 -8.585635 215.590485 0 1
96.645515 -3.109521 213.712326 0 1
107.564301 4.307451 211.233261 0 1
111.029991 3.178633 211.958298 0 1
113.181725 1.025373 212.892654 0 1
110.548653 -5.589586 212.460098 1 0
108.244171 -10.421884 216.090347 0 1
100.546776 -0.877953 211.171310 0 1
109.272430 -10.285145 216.193695 0 1
108.511963 0.691793 210.639893 0 1
110.572220 -8.282043 215.027771 0 1
111.536629 -4.943345 212.860291 1 0
112.682083 0.762971 212.433075 0 1
112.020393 -5.929387 213.784317 1 0
111.083717 -8.877483 215.946548 0 1
98.464020 -7.542367 214.623276 0 1
112.808083 -5.056681 213.794388 0 1
110.565025 -7.569777 214.314804 0 1
104.118317 -11.417183 217.133499 0 1
113.048660 -4.968367 213.956177 0 1
100.130432 -0.587536 211.297714 0 1
97.867104 1.432189 212.301941 0 1
112.439201 -7.848732 215.916595 0 1
105.974113 2.520113 210.455780 0 1
112.584007 -8.208023 216.380188 0 1
102.611099 1.318444 210.624817 0 1
110.499344 -6.568997 213.447174 1 0
111.030258 -9.761580 217.167358 0 1
104.390251 -11.536333 217.409790 0 1
107.970520 -10.826423 216.666397 0 1
109.414474 -0.814829 211.087708 0 1
96.726593 -5.378689 214.744980 0 1
111.795876 -4.105778 212.806183 0 1
104.472527 5.297476 211.370514 0 1
111.021645 -5.931715 212.698395 1 0
109.152054 -10.982791 217.731369 0 1
96.426956 -1.018838 213.376938 0 1
98.144135 1.787225 212.181961 0 1
97.793495 -6.892211 214.795181 0 1
108.905151 -11.108565 217.877457 0 1
107.734871 -11.506304 218.021851 0 1
110.852943 -4.795270 212.723160 1 0
106.253395 4.950738 211.366119 0 1
110.993225 -6.288370 213.057449 1 0
106.056938 -11.780651 217.902206 0 1
107.414192 -10.921207 216.716934 0 1
100.374672 -10.359138 216.927811 0 1
108.409515 -10.243964 215.846359 0 1
106.456581 -11.731273 217.763275 0 1
109.527306 -8.781145 214.762024 0 1
97.607018 -1.924554 212.395172 0 1
97.655289 -0.841848 212.391296 0 1
99.918198 -9.961882 216.671051 0 1
112.813988 -5.519259 213.958191 0 1
97.673813 -2.168428 212.407639 0 1
110.418205 -5.006653 212.701599 1 0
112.848969 -1.730923 212.867691 0 1
109.323997 -9.814580 215.564682 0 1
98.431007 -7.568241 214.665115 0 1
106.002144 -9.416775 214.486954 0 1
110.478638 -10.190774 217.285080 0 1
114.068848 -2.968743 214.180740 0 1
96.558952 -1.505992 213.263000 0 1
96.551941 -4.439727 214.373428 0 1
106.119377 4.529825 211.135941 0 1
96.107040 -1.738250 213.832336 0 1
110.002274 0.861223 211.202667 0 1
107.191238 2.613806 210.524109 0 1
114.263184 -1.680454 214.005844 0 1
108.930367 -11.107450 217.907425 0 1
110.201927 -5.787298 212.627060 1 0
111.702057 -5.794491 213.166763 1 0
110.496284 -6.778162 213.606171 1 0
98.898972 -8.632084 215.684494 0 1
97.805946 1.532867 212.336868 0 1
108.932236 -10.686816 216.879868 0 1
111.420700 -5.199255 212.712906 1 0
111.723412 -4.956900 212.920532 0 1
110.946777 -3.452437 212.119110 0 1
98.835968 -9.050117 216.346085 0 1
111.305191 2.915755 212.071884 0 1
111.887619 -5.695183 213.171402 1 0
113.015244 0.952389 212.713135 0 1
104.146538 1.172163 210.387299 0 1
101.097466 3.737128 211.278488 0 1
110.529160 -8.290221 215.006500 0 1
111.755722 -5.930634 213.626022 1 0
102.696457 4.961816 211.415070 0 1
101.268684 2.368017 210.746323 0 1
97.762703 0.955574 212.362671 0 1
108.834534 -9.950294 215.529938 0 1
107.175262 -11.591566 217.823151 0 1
109.616768 -10.804731 217.716232 0 1
108.542107 -9.914139 215.432343 0 1
106.704727 -11.706960 217.784134 0 1
112.095909 -5.548151 213.213806 1 0
110.025200 -5.230429 212.738937 1 0
113.884491 -3.375051 214.156494 0 1
97.135826 -6.604978 215.298080 0 1
113.697121 -1.501066 213.436432 0 1
110.342529 -5.629400 212.496841 1 0
111.792732 -8.806841 216.409851 0 1
106.162659 -9.561363 214.592804 0 1
113.275703 -4.228778 213.912903 0 1
108.075485 -11.396684 218.013031 0 1
114.324158 -2.649566 214.370483 0 1
109.469971 -6.319726 213.210114 0 1
103.701569 5.102279 211.242767 0 1
97.573700 -1.796357 212.411102 0 1
110.521774 -8.408670 215.098190 0 1
103.299911 5.132270 211.352753 0 1
111.276978 -6.299428 213.641632 1 0
109.562706 -10.387332 216.629578 0 1
98.751976 -6.773802 214.031723 0 1
109.304634 4.109791 211.655426 0 1
108.910751 -10.610806 216.690231 0 1
108.735382 -9.347157 215.000732 0 1
107.091408 2.719308 210.518555 0 1
109.318558 4.092034 211.652405 0 1
97.165588 -6.610626 215.272247 0 1
111.333282 -4.609037 212.819870 1 0
107.549171 -11.565329 218.098068 0 1
100.105751 3.667648 211.632645 0 1
103.106537 -11.632685 217.705292 0 1
101.754601 -2.857728 211.800598 0 1
107.921165 -10.952458 216.857407 0 1
108.589333 -11.141563 217.713348 0 1
98.387428 -0.228559 212.084702 0 1
96.253220 -4.761236 214.749939 0 1
110.902321 1.567765 211.621643 0 1
109.168526 -10.772649 217.246506 0 1
108.494667 -10.623229 216.460068 0 1
103.561966 4.122873 210.988403 0 1
111.601242 -5.312196 212.904694 1 0
110.042091 -5.913269 212.999451 0 1
113.544449 -3.613555 213.928024 0 1
111.735619 -5.189194 212.893570 1 0
110.738899 -6.826383 213.708649 0 1
111.092354 -5.328229 212.529465 1 0
112.001236 -0.126502 211.830124 0 1
112.922310 -6.903360 215.450302 0 1
103.923836 5.395131 211.510315 0 1
103.976807 5.268691 211.345398 0 1
112.186073 -5.941896 213.876755 0 1
109.101028 -0.286622 210.885132 0 1
110.572678 -5.514265 212.448608 0 1
97.195488 0.981190 212.808716 0 1
100.965141 -10.430698 216.696548 0 1
114.048210 -1.540530 213.774384 0 1
111.132614 -5.198543 212.526337 1 0
102.588005 1.295519 210.629257 0 1
100.674622 -10.559380 217.118317 0 1
110.088951 -10.415797 217.216644 0 1
98.495483 -1.555569 212.008957 0 1
100.301460 -8.264082 214.526215 0 1
97.225708 -1.662983 212.688629 0 1
111.314583 -5.574926 212.670639 1 0
98.186356 -6.005627 213.987228 0 1
112.789780 -5.368496 213.872635 0 1
97.748505 -2.096860 212.358322 0 1
110.892540 -9.051950 215.972717 0 1
105.093292 4.431367 210.995621 0 1
103.281326 -11.195783 216.654266 0 1
108.123322 -11.172500 217.466675 0 1
109.190247 -6.064856 213.061783 0 1
112.012123 -8.912529 216.822891 0 1
106.801239 -11.632648 217.678421 0 1
110.545647 -5.188028 212.511765 0 1
96.244698 -0.947488 213.579605 0 1
99.202171 -5.384953 213.022385 0 1
113.055656 -4.777539 213.903305 0 1
101.317345 2.750072 210.806534 0 1
112.304138 -0.276355 212.089722 0 1
110.222984 -6.063739 213.081192 1 0
101.921707 -8.809991 214.347061 0 1
106.627258 -11.550705 217.493027 0 1
111.101692 -9.703935 217.140686 0 1
99.478920 -9.371427 216.223755 0 1
102.172447 -11.402588 217.810715 0 1
114.242073 -2.670631 214.251419 0 1
112.045074 -4.782387 213.222488 1 0
110.441101 -6.999822 213.707108 0 1
112.529320 -5.381761 213.709763 0 1
108.948021 -6.022094 213.025955 0 1
109.163864 4.417352 211.776627 0 1
110.211807 -10.474067 217.523834 0 1
99.761406 -5.236411 212.777161 0 1
112.353325 -5.359381 213.408936 1 0
110.263550 -5.497842 212.466461 0 1
100.108398 -2.461837 211.719955 0 1
105.020248 4.462695 211.007919 0 1
97.850105 -6.775378 214.652863 0 1
112.512169 -5.628767 213.806534 0 1
110.428612 -6.510231 213.379028 1 0
112.328979 -5.704154 213.750519 1 0
112.874863 -5.592120 214.041443 0 1
105.212502 5.258921 211.396454 0 1
113.140564 0.932435 212.824142 0 1
98.976540 -8.213675 215.111328 0 1
111.362785 -6.008088 213.015549 0 1
114.245285 -4.393060 215.064697 0 1
106.435387 -11.796618 218.091599 0 1
107.595482 0.972230 210.539322 0 1
111.170563 -9.135335 216.277191 0 1
114.200394 -1.501019 213.924652 0 1
105.238235 -11.245142 216.848022 0 1
106.027145 5.283278 211.521561 0 1
109.607285 -9.245272 215.212158 0 1
111.421440 -5.149816 212.727921 1 0
110.954620 -5.045607 212.541031 0 1
101.021355 -8.396852 214.324432 0 1
109.351944 -0.392501 210.969437 0 1
111.035858 -8.825052 215.868607 0 1
110.424759 -6.054054 212.840225 0 1
102.243889 1.823143 210.640656 0 1
110.246414 -8.178128 214.668472 0 1
97.960716 -6.853816 214.609421 0 1
110.448402 -6.102604 212.887177 1 0
110.679771 3.315022 211.795059 0 1
108.130562 -10.809778 216.688782 0 1
103.522636 1.301924 210.468491 0 1
99.126381 -8.910874 215.875931 0 1
111.405403 -6.005846 213.097473 1 0
110.250252 -9.009158 215.459335 0 1
96.368767 -4.323267 214.445404 0 1
106.385628 -11.805216 217.978531 0 1
107.877457 -11.472872 218.100998 0 1
101.036026 -10.508575 216.775558 0 1
107.401405 -9.499011 214.802643 0 1
101.278168 -4.524706 212.471222 0 1
113.295464 -3.521293 213.715118 0 1
112.504486 -7.585228 215.706131 0 1
112.440987 -1.798145 212.596970 0 1
101.657005 2.181941 210.697617 0 1
99.100685 2.042140 211.738434 0 1
110.021889 -5.453210 212.673874 0 1
98.113480 -7.480263 214.921860 0 1
109.392441 -10.884566 217.665451 0 1
96.519043 -1.258639 213.276337 0 1
112.412659 -0.420431 212.200119 0 1
112.479454 -6.467403 214.574280 0 1
96.499352 -4.026611 214.206970 0 1
110.555626 -9.111297 215.791641 0 1
109.325462 -6.406559 213.228104 0 1
109.785500 -10.589466 217.228424 0 1
107.957512 -10.707729 216.473022 0 1
111.110535 -5.483039 212.529907 1 0
108.229393 -10.847207 216.794540 0 1
108.423401 -10.150658 215.717880 0 1
110.958427 -6.403205 213.213181 1 0
103.101822 -11.656765 217.770599 0 1
108.417854 -9.889296 215.387772 0 1
101.841103 4.554476 211.446426 0 1
101.272621 -8.447316 214.258316 0 1
105.959694 -9.439359 214.499390 0 1
112.744385 -8.102981 216.468399 0 1
105.971939 -9.683825 214.710709 0 1
108.797134 4.610031 211.810562 0 1
110.746811 3.184372 211.796127 0 1
104.089294 5.354696 211.433777 0 1
113.596153 -1.591155 213.372086 0 1
110.390862 -9.836761 216.561035 0 1
110.826729 -8.294600 215.236847 0 1
111.053421 -6.416834 213.521164 1 0
99.031425 -9.287279 216.482681 0 1
109.583115 -9.205311 215.163315 0 1
101.166954 2.347192 210.760361 0 1
110.137390 -5.979556 213.006287 0 1
112.235306 -0.548345 212.091522 0 1
111.271721 -6.977731 214.217575 0 1
109.890541 -8.528004 214.740814 0 1
106.466537 -11.635937 217.597992 0 1
96.263153 -4.471923 214.601974 0 1
111.889633 -7.153549 214.851593 0 1
107.701042 -11.502836 217.972580 0 1
107.707535 -10.407154 215.997314 0 1
114.215988 -1.525608 213.942123 0 1
101.700508 2.335767 210.695526 0 1
110.252419 -5.297500 212.538345 1 0
101.729172 -11.026223 217.331390 0 1
103.906807 4.992841 211.172424 0 1
100.543022 3.859873 211.473587 0 1
106.879982 -9.616972 214.787094 0 1
110.512756 -5.892223 212.632935 1 0
111.815170 -8.493234 216.103897 0 1
110.650314 -6.635301 213.569885 1 0
96.077545 -4.418375 214.772583 0 1
112.432617 -7.319734 215.400574 0 1
110.672752 -5.117085 212.540390 0 1
110.926819 2.637656 211.785782 0 1
109.977730 -5.905499 213.039474 1 0
99.220505 -9.002156 215.916885 0 1
105.627129 4.082767 210.885925 0 1
110.235245 -5.443389 212.472748 1 0
96.823662 -2.531441 213.327377 0 1
111.243217 -9.362653 216.730545 0 1
108.274544 2.747932 210.878250 0 1
96.132561 -1.738443 213.799988 0 1
107.626060 -11.185188 217.203110 0 1
98.321762 -5.939267 213.853226 0 1
112.188667 -4.998184 213.346161 1 0
113.033920 0.994223 212.728714 0 1
106.433167 -11.796841 218.091736 0 1
108.495453 0.885261 210.653366 0 1
104.458893 -9.030596 214.300674 0 1
113.485878 -4.244976 214.093796 0 1
111.560242 -8.501409 215.927460 0 1
99.081902 -5.838485 213.341248 0 1
102.266136 -8.942651 214.408234 0 1
99.869736 -9.873881 216.593414 0 1
106.768433 2.904108 210.503372 0 1
101.480316 -8.535211 214.243256 0 1
111.559189 -4.773292 212.926880 1 0
111.014870 -6.128746 212.872879 1 0
111.446472 -5.803968 212.942215 1 0
113.572296 0.360778 213.262924 0 1
107.331032 -11.291628 217.266449 0 1
111.006157 -3.166507 212.038666 0 1
98.434334 -5.709233 213.652267 0 1
113.299622 -1.035552 213.053604 0 1
109.937866 -7.718564 213.997574 0 1
101.161865 2.343884 210.761230 0 1
109.468735 -10.698383 217.265732 0 1
113.316475 0.736236 213.002930 0 1
99.815620 -10.029738 216.808594 0 1
112.016953 -5.780024 213.646255 0 1
114.057320 -5.450466 215.374313 0 1
109.953842 -10.643897 217.562180 0 1
110.246017 3.560785 211.693665 0 1
111.662773 -9.278189 217.040726 0 1
110.696114 -6.175775 212.874847 1 0
112.686531 -8.058568 216.346954 0 1
99.983498 3.697207 211.710617 0 1
110.214996 -5.941117 212.823288 1 0
101.767647 -0.008235 210.860245 0 1
101.645927 2.188316 210.698059 0 1
112.755608 1.440431 212.635040 0 1
109.511757 -0.508555 211.047150 0 1
109.744797 3.063163 211.431854 0 1
108.800018 -8.575943 214.384155 0 1
106.783539 -9.568446 214.720261 0 1
113.617470 -3.668651 214.005951 0 1
111.486267 -1.602286 211.907654 0 1
112.150711 -5.505617 213.245270 1 0
107.396286 -11.384112 217.500381 0 1
112.241615 -8.687889 216.695602 0 1
110.626434 -6.796532 213.652527 1 0
98.959404 -7.746750 214.580734 0 1
110.027390 -5.895353 212.982071 1 0
105.991241 -9.644153 214.662247 0 1
110.909134 -3.265642 212.044327 0 1
101.479034 -8.320012 214.083649 0 1
109.699013 -8.811061 214.879410 0 1
97.932854 -6.550502 214.470428 0 1
105.509903 -9.824201 214.852829 0 1
113.200211 -5.480288 214.340546 0 1
108.871719 -10.616467 216.669708 0 1
110.892471 -9.866079 217.182205 0 1
98.490692 -3.489546 212.534531 0 1
97.467232 1.230865 212.592163 0 1
114.037926 -5.403759 215.306015 0 1
110.835526 -5.696950 212.533554 0 1
98.805115 -6.765796 214.000763 0 1
109.700066 -10.572835 217.142517 0 1
110.120193 -6.487998 213.333038 0 1
97.009666 -1.752662 212.876984 0 1
96.124947 -4.898701 215.012085 0 1
106.980385 -3.399476 211.897415 0 1
110.677254 -9.263183 216.009857 0 1
98.265930 -6.084612 213.973312 0 1
109.982300 -10.512324 217.278595 0 1
97.506165 -1.595347 212.459427 0 1
104.132568 1.149687 210.392273 0 1
96.848854 0.381709 213.060593 0 1
110.652885 -7.051750 213.855240 0 1
100.971207 1.657026 210.858139 0 1
110.558113 -8.811612 215.499481 0 1
101.532066 -8.509243 214.200806 0 1
109.407669 -10.308442 216.330795 0 1
109.072433 -10.621817 216.827560 0 1
109.632835 -7.550111 213.779099 0 1
106.878296 -11.510551 217.498550 0 1
111.127739 -5.488824 212.536102 1 0
102.944435 -10.042448 215.286606 0 1
110.972664 3.457709 212.044922 0 1
111.979683 -6.228987 213.983826 0 1
109.117401 -10.783182 217.233276 0 1
113.086327 -0.284515 212.813568 0 1
111.734856 -5.562589 212.998581 0 1
109.552658 -10.811772 217.583588 0 1
104.354385 5.172577 211.278076 0 1
98.791908 -7.592937 214.511887 0 1
97.192596 -6.203901 214.901047 0 1
106.284119 4.443391 211.111145 0 1
108.357246 -10.835141 216.865463 0 1
111.103966 -5.511581 212.534058 0 1
108.499153 -10.187233 215.766693 0 1
113.270370 -6.777087 215.751801 0 1
108.705811 -10.202583 215.825867 0 1
109.160454 -9.401098 215.161453 0 1
110.272659 -5.392784 212.461746 0 1
113.150566 0.319828 212.855713 0 1
109.746620 -10.388027 216.796494 0 1
109.999283 0.220272 211.119171 0 1
112.417862 -0.349096 212.196564 0 1
99.312805 -9.332314 216.273132 0 1
109.490685 -0.540785 211.045059 0 1
98.329659 -6.041763 213.910690 0 1
109.614044 -5.842354 213.008194 1 0
107.276672 -11.404128 217.475891 0 1
103.104431 -11.670110 217.845032 0 1
108.544907 -10.794152 216.884109 0 1
96.383003 -0.688205 213.435638 0 1
112.427650 -1.159810 212.399384 0 1
111.783379 -1.146996 211.948944 0 1
111.577713 -9.283123 216.969574 0 1
107.470657 -10.137590 215.565140 0 1
109.279259 -6.412503 213.229401 0 1
105.801971 -9.797136 214.829269 0 1
107.488754 -11.576232 218.155945 0 1
103.402100 -10.836740 215.944855 0 1
113.718575 -1.575443 213.461929 0 1
99.996017 -7.988471 214.386673 0 1
102.985939 -10.853114 216.105530 0 1
110.229454 -10.156584 216.949966 0 1
99.282097 -9.027941 215.919083 0 1
100.040756 -10.070988 216.746109 0 1
113.492363 -1.482532 213.267090 0 1
97.483360 -6.711412 214.991425 0 1
106.456802 3.587997 210.690536 0 1
107.205086 -11.422532 217.471848 0 1
107.940796 -10.681156 216.433105 0 1
100.010826 -0.985263 211.366379 0 1
110.441391 -6.257759 213.094315 1 0
98.833298 -1.807650 211.936325 0 1
97.163200 -3.000972 213.183365 0 1
108.422127 -10.177351 215.754730 0 1
99.258827 -9.122543 216.039581 0 1
114.245529 -1.754659 213.980103 0 1
109.905830 -5.707764 212.919739 1 0
98.834824 -1.444044 211.872955 0 1
110.938988 -6.734822 213.760544 0 1
110.899040 3.390927 211.952194 0 1
99.146309 -5.022786 212.841980 0 1
105.116661 5.381920 211.485779 0 1
110.603859 2.965958 211.705002 0 1
109.324417 -6.102201 213.077988 0 1
106.855705 -11.528914 217.522293 0 1
109.500603 -10.666532 217.203659 0 1
96.618706 -5.837855 215.247849 0 1
112.818901 -5.647542 214.034653 0 1
110.205528 1.322334 211.349976 0 1
99.486328 -7.935594 214.543198 0 1
96.809059 -0.091581 213.082047 0 1
112.812027 -5.687486 214.061829 0 1
96.339203 -4.944064 214.799606 0 1
103.182396 5.211499 211.458939 0 1
111.054955 -3.426315 212.138763 0 1
111.899864 -0.071475 211.762482 0 1
112.089745 -8.606218 216.415756 0 1
112.410156 -0.427929 212.199173 0 1
102.817894 4.124823 211.040390 0 1
111.055473 3.365494 212.062057 0 1
110.172264 -5.013919 212.695114 0 1
111.052635 -5.217305 212.510803 1 0
98.509598 -3.445628 212.509445 0 1
110.354668 -6.708637 213.519119 1 0
102.958130 4.199684 211.043350 0 1
108.693581 4.558518 211.730118 0 1
113.775215 -4.741294 214.663193 0 1
110.352089 -10.255526 217.248810 0 1
110.431259 -6.482480 213.348984 1 0
112.750633 0.776275 212.486496 0 1
111.059708 -4.607259 212.709961 0 1
112.904793 1.326988 212.712631 0 1
110.139885 -5.908338 212.824219 1 0
112.075417 1.866495 212.304535 0 1
99.314636 -9.329982 216.268463 0 1
109.514442 -0.444447 211.035095 0 1
112.274185 -5.071856 213.415436 1 0
103.738213 4.383410 211.033737 0 1
110.413902 -5.192760 212.587433 1 0
112.822479 0.805883 212.543579 0 1
100.502907 2.386219 211.064117 0 1
110.259300 -5.811326 212.625534 1 0
96.782440 0.117265 213.113297 0 1
105.086838 5.276308 211.400604 0 1
114.282341 -2.651504 214.304306 0 1
108.000504 0.214780 210.631683 0 1
113.380829 -6.277570 215.364243 0 1
97.982552 -2.688210 212.463654 0 1
97.941162 -6.835141 214.612213 0 1
110.218933 -9.721067 216.211441 0 1
96.954597 0.433287 212.980377 0 1
99.050339 -5.090569 212.930771 0 1
112.309761 -5.408747 213.370895 1 0
111.504875 -4.612902 212.898499 1 0
98.331078 -5.905777 213.830444 0 1
101.026566 1.871213 210.828522 0 1
108.069603 -11.377996 217.942032 0 1
113.069313 -4.939741 213.963684 0 1
112.542549 -5.220959 213.669174 0 1
114.205475 -1.644743 213.931854 0 1
103.790215 5.156517 211.269394 0 1
112.786003 -0.673894 212.554733 0 1
100.042236 -8.687649 215.161865 0 1
110.137314 -6.445938 213.315430 1 0
112.285126 1.659949 212.386505 0 1
111.793884 -1.908955 212.158691 0 1
110.068314 -5.910755 212.944260 0 1
110.235168 -2.301260 211.641663 0 1
114.002663 -1.936800 213.771622 0 1
96.804710 -3.584573 213.749680 0 1
112.248100 -8.654314 216.647141 0 1
102.488983 3.088526 210.811707 0 1
114.239136 -1.620468 213.971069 0 1
113.212173 -4.189065 213.844391 0 1
106.526436 -9.256561 214.431183 0 1
113.014687 1.294608 212.809448 0 1
96.103493 -4.130473 214.642639 0 1
97.568672 -1.238625 212.426880 0 1
109.710091 -10.480658 216.942093 0 1
111.499031 -6.129469 213.649918 1 0
107.525482 -11.522655 217.905197 0 1
99.872650 -3.735239 212.183014 0 1
113.234207 -7.251708 216.206116 0 1
112.207161 -6.549590 214.461060 0 1
111.837303 -5.439047 212.982758 1 0
108.450539 -10.128188 215.685089 0 1
109.491859 -10.359838 216.532806 0 1
111.335327 -5.572886 212.687408 1 0
109.724312 -9.564474 215.605179 0 1
102.954567 4.208453 211.046310 0 1
99.319702 -8.419132 215.197098 0 1
110.549423 -9.966146 216.972534 0 1
112.798492 0.783229 212.522354 0 1
99.816956 -7.941009 214.413284 0 1
112.325378 -5.442752 213.406296 1 0
99.316048 -5.337897 212.941864 0 1
111.862511 -5.793192 213.499420 0 1
108.302429 -10.947173 217.080231 0 1
112.514000 -0.387261 212.287735 0 1
99.354500 1.871558 211.603455 0 1
98.175102 -4.218640 213.114960 0 1
111.055756 -5.157547 212.515305 1 0
100.276642 3.945072 211.628250 0 1
102.880157 4.269380 211.080078 0 1
108.259605 -10.780330 216.673965 0 1
111.705208 1.955464 212.095261 0 1
104.201424 4.948769 211.163055 0 1
101.834656 4.560947 211.450974 0 1
96.736641 -0.486649 213.128265 0 1
110.540512 -10.230841 217.419708 0 1
108.887001 -10.840952 217.210419 0 1
108.437843 -11.286231 217.976028 0 1
114.371017 -2.470053 214.315872 0 1
109.549828 1.387465 211.117218 0 1
111.146553 -8.961493 216.056549 0 1
107.066696 -11.680215 218.099670 0 1
111.485710 -5.356585 212.852142 1 0
108.209969 -9.514302 215.011566 0 1
107.679337 -11.138407 217.126129 0 1
106.377411 2.597925 210.468445 0 1
111.629837 -5.092032 212.877274 0 1
99.230759 -9.124847 216.058304 0 1
107.945518 3.306294 210.889191 0 1
110.405266 -7.430761 214.038193 0 1
97.880989 1.770214 212.309662 0 1
106.953247 -3.459153 211.922211 0 1
111.928253 -5.239370 212.987198 1 0
97.988541 -7.671448 215.233627 0 1
110.106758 -5.924082 212.907700 1 0
110.881874 -5.395144 212.472961 0 1
108.404633 -11.295976 217.974213 0 1
112.708275 -6.054975 214.332886 0 1
98.053757 -0.554577 212.217682 0 1
98.922264 -1.722504 211.888977 0 1
106.579567 -10.912868 216.585983 0 1
104.054955 5.279469 211.351868 0 1
97.952919 0.345663 212.262283 0 1
109.248383 -10.058727 215.760361 0 1
104.230080 -9.999095 215.110855 0 1
108.623650 -9.830433 215.382050 0 1
98.345558 -7.495402 214.678818 0 1
110.946411 -5.666049 212.539261 1 0
108.652382 0.252406 210.673615 0 1
100.370125 -0.925656 211.223526 0 1
109.988770 -5.172782 212.739151 1 0
103.063934 -11.662393 217.807907 0 1
105.039513 4.000224 210.881439 0 1
98.374023 -7.778298 214.969238 0 1
107.435425 1.032086 210.525513 0 1
110.067856 -5.396173 212.642960 1 0
98.759804 -8.184518 215.196533 0 1
106.676453 -11.606042 217.590286 0 1
113.379028 -6.468811 215.568329 0 1
112.447609 -7.544981 215.628433 0 1
109.799393 -9.652481 215.738190 0 1
112.332970 2.054209 212.520309 0 1
111.095329 -6.572712 213.735123 0 1
106.230812 2.606806 210.463898 0 1
111.474342 -5.918481 213.115295 0 1
110.062645 -5.862298 212.800156 0 1
112.157768 0.096369 211.948120 0 1
111.072731 -6.286360 213.106461 1 0
102.361984 -10.762947 216.346329 0 1
109.602936 -10.456813 216.802063 0 1
112.016335 -5.313035 213.054489 1 0
111.014015 -4.719970 212.741623 1 0
103.972717 1.218908 210.399246 0 1
108.411125 -10.496718 216.225830 0 1
111.337883 -5.557073 212.682068 0 1
110.427269 -5.602074 212.471008 1 0
106.742867 -11.734859 217.877701 0 1
100.462395 -1.334122 211.313141 0 1
111.544868 -3.970902 212.606415 0 1
109.206802 -6.227223 213.133804 0 1
110.385681 -9.783570 216.476013 0 1
109.582214 0.227380 210.967422 0 1
97.062370 0.735408 212.912827 0 1
110.084602 -7.681234 214.052872 0 1
113.269196 0.823422 212.958420 0 1
100.282326 2.251425 211.156998 0 1
109.321487 -9.638045 215.412613 0 1
99.269203 -7.347888 214.202148 0 1
110.503860 -6.269338 213.041992 1 0
96.066711 -1.802586 213.911011 0 1
110.708405 -6.937058 213.783112 0 1
108.153580 -11.144716 217.421417 0 1
110.560051 -6.212379 212.959274 0 1
111.955559 -0.083843 211.792999 0 1
105.715576 -9.484845 214.536514 0 1
102.091263 -9.303003 214.794067 0 1
108.657471 -10.753510 216.859268 0 1
109.983963 -5.787543 212.816208 1 0
110.727097 -5.979554 212.663132 1 0
112.416855 -5.621891 213.707306 1 0
98.257462 -7.701177 214.981461 0 1
110.126221 2.160802 211.429794 0 1
108.970200 -6.367939 213.179382 0 1
111.115410 -7.112663 214.242477 0 1
112.270424 -5.017791 213.413391 1 0
100.764046 -8.270660 214.318909 0 1
111.002174 2.671354 211.830551 0 1
107.881866 -10.996186 216.926620 0 1
101.070663 2.759107 210.875549 0 1
100.552757 3.574718 211.365662 0 1
110.150787 -10.513119 217.501511 0 1
111.258972 -6.122720 213.016388 1 0
110.751663 -6.952507 213.823395 0 1
109.433746 -10.246792 216.232712 0 1
112.716148 -5.282691 213.803223 0 1
110.750679 -4.905855 212.713333 0 1
99.603165 -1.333884 211.582626 0 1
111.050171 -8.763285 215.821564 0 1
110.394646 -6.236955 213.125061 0 1
112.138039 0.324186 211.966904 0 1
109.039040 -11.037100 217.772217 0 1
111.793503 -4.302214 212.882889 0 1
111.152092 -2.648982 211.983444 0 1
105.059853 4.448906 211.003494 0 1
111.564407 -4.907983 212.882370 1 0
99.623177 -9.454081 216.240082 0 1
97.870094 1.649803 212.302185 0 1
108.941414 -10.456530 216.368591 0 1
100.810295 -10.416704 216.759766 0 1
108.953354 -10.765463 217.082962 0 1
105.636513 -8.243834 213.943146 0 1
106.383415 -11.802293 217.955933 0 1
98.560028 -7.627963 214.629471 0 1
108.060341 -11.410326 218.104492 0 1
112.871185 -7.955290 216.485611 0 1
104.776917 4.554127 211.026581 0 1
107.969772 0.268408 210.617630 0 1
113.013893 -6.243956 214.857025 0 1
99.690727 2.162354 211.452789 0 1
113.182411 -1.139214 212.954285 0 1
112.511208 -5.405623 213.698395 0 1
96.518913 -3.932927 214.146286 0 1
110.709526 -6.685145 213.620865 0 1
99.747154 -9.989251 216.797699 0 1
110.709030 1.558421 211.555725 0 1
101.301041 -10.750498 217.057449 0 1
102.285240 2.049964 210.632355 0 1
113.646385 -3.778481 214.078796 0 1
109.934593 -10.538767 217.271240 0 1
113.735756 -1.669686 213.502029 0 1
96.592163 -6.183279 215.566711 0 1
111.597969 -5.694654 213.033951 1 0
112.755432 -5.157567 213.786301 0 1
108.643852 -10.308208 215.971100 0 1
97.256332 -6.042614 214.705200 0 1
99.453499 -9.651584 216.573715 0 1
113.556450 -5.523382 214.812927 0 1
100.287704 3.945094 211.622131 0 1
99.186241 -2.739987 212.076965 0 1
104.329338 -11.238615 216.712296 0 1
101.476624 -10.545936 216.557175 0 1
109.157120 -10.501267 216.620789 0 1
104.732941 -11.437531 217.145813 0 1
112.792145 1.146801 212.592972 0 1
107.279747 -11.434118 217.544952 0 1
111.736702 -8.747214 216.285751 0 1
98.599037 -7.165097 214.330399 0 1
99.748825 -7.902423 214.408569 0 1
111.482254 2.929925 212.192917 0 1
104.059273 -11.618377 217.637085 0 1
101.019745 3.156812 211.046661 0 1
112.539818 -6.446362 214.594986 0 1
113.504211 0.544980 213.206116 0 1
113.548065 -0.121145 213.250320 0 1
111.445976 -4.923015 212.806824 1 0
111.088860 -5.572429 212.542542 0 1
109.709435 -10.228547 216.483780 0 1
111.728821 -5.159866 212.889038 1 0
98.798622 -6.713087 213.975037 0 1
110.585739 -7.756205 214.517136 0 1
98.605965 -7.551933 214.550644 0 1
109.992256 -10.598050 217.451767 0 1
111.138168 -0.040767 211.508438 0 1
110.878288 -4.993739 212.603485 1 0
104.177277 -10.302835 215.389999 0 1
104.065971 -11.513372 217.370422 0 1
113.150024 1.146049 212.927078 0 1
101.316772 2.818725 210.830170 0 1
100.182693 -2.069261 211.590134 0 1
98.020966 -6.961788 214.620483 0 1
104.600616 5.340765 211.414749 0 1
112.042015 -5.730692 213.469803 1 0
96.347603 -4.280034 214.445694 0 1
98.771271 -7.131382 214.236313 0 1
105.880928 -9.761168 214.791687 0 1
96.995514 -5.323108 214.512360 0 1
110.779060 -6.821455 213.724045 0 1
98.592796 -7.627547 214.614853 0 1
97.446800 -7.755035 215.926590 0 1
99.260513 -5.373864 212.987167 0 1
109.841721 -10.082299 216.379105 0 1
109.182076 -6.433858 213.241730 0 1
108.890381 -10.990373 217.563431 0 1
104.892929 4.359581 210.971146 0 1
113.866028 -1.324499 213.572357 0 1
113.938919 -0.686459 213.635086 0 1
111.906227 -8.502978 216.168900 0 1
104.209244 -10.421042 215.497253 0 1
112.092941 -0.008755 211.886169 0 1
112.613800 0.445192 212.348831 0 1
98.827988 -7.959312 214.886093 0 1
102.142471 -9.731093 215.237030 0 1
113.038727 0.472543 212.749588 0 1
113.848167 -5.233759 214.980011 0 1
111.417679 -3.770521 212.453217 0 1
104.894135 -9.136206 214.346329 0 1
109.770622 -10.601027 217.242554 0 1
104.293961 5.402946 211.480804 0 1
109.716240 -10.478622 216.941589 0 1
102.171448 -9.775448 215.274887 0 1
110.615250 -6.572039 213.444168 1 0
97.935349 -1.855503 212.252731 0 1
109.814438 -10.352942 216.801071 0 1
107.991768 0.295559 210.613770 0 1
103.185188 -11.446714 217.268112 0 1
100.260544 -8.901935 215.308502 0 1
98.323936 -7.181008 214.518845 0 1
110.019630 -5.844686 212.838104 1 0
108.876854 -9.711201 215.343307 0 1
104.042618 5.151652 211.253937 0 1
112.138725 -8.491951 216.325516 0 1
113.178329 0.406010 212.873169 0 1
110.843300 -3.246635 212.029419 0 1
98.511292 -3.514585 212.534439 0 1
109.557167 -10.758844 217.462616 0 1
110.889961 3.175182 211.872528 0 1
110.674721 -6.652083 213.591080 1 0
106.546288 2.679910 210.481354 0 1
97.937828 -6.532746 214.456680 0 1
106.055542 -11.831136 218.112671 0 1
110.942581 -5.628382 212.528915 1 0
104.161751 -10.480979 215.567688 0 1
104.672340 1.525845 210.357040 0 1
111.858955 -0.355950 211.803207 0 1
98.833672 -5.177228 213.133911 0 1
110.927147 -4.988145 212.591675 0 1
112.935036 1.346160 212.747574 0 1
98.057442 -7.139939 214.697739 0 1
111.093987 -4.472200 212.660461 0 1
105.777870 -9.774234 214.800842 0 1
106.938164 2.044731 210.496185 0 1
96.072342 -4.636569 214.876999 0 1
109.584473 -10.074479 216.078247 0 1
101.074356 2.815049 210.897995 0 1
111.038116 -8.893559 215.932724 0 1
98.609619 -7.707751 214.684845 0 1
111.648415 -7.017346 214.547546 0 1
111.064896 -4.905512 212.621109 0 1
111.153839 -7.270351 214.441147 0 1
112.247444 -6.013883 213.968948 0 1
106.406677 -9.145628 214.364670 0 1
113.378342 -1.225630 213.135086 0 1
103.374397 -10.901299 216.022278 0 1
97.694290 -7.213148 215.175385 0 1
108.553329 -10.246946 215.874954 0 1
111.234924 -5.600755 212.620560 0 1
98.294861 2.360453 212.250275 0 1
110.560654 -5.921399 212.641647 0 1
106.566475 -10.911407 216.582932 0 1
106.814545 4.890250 211.387711 0 1
109.464714 -10.228542 216.234543 0 1
110.180725 -10.487866 217.490967 0 1
109.307251 -8.211555 214.210968 0 1
111.014412 -6.134770 212.879898 1 0
109.010323 -9.904168 215.535065 0 1
105.927925 -11.830261 218.069016 0 1
100.265144 -0.879233 211.254944 0 1
110.006943 -10.612561 217.620346 0 1
110.761871 -6.454788 213.184402 0 1
100.923347 2.910589 210.984680 0 1
110.181190 -5.930093 212.830704 0 1
106.668411 -11.764997 217.965317 0 1
97.683357 1.483541 212.409439 0 1
109.120094 -11.005274 217.774796 0 1
109.923500 -5.619007 212.833084 1 0
101.104752 2.440868 210.780441 0 1
107.205971 -11.197884 217.087540 0 1
110.248169 -8.570926 215.045349 0 1
96.452408 -4.317711 214.386993 0 1
103.034851 -11.429034 217.261658 0 1
97.655350 -0.888502 212.388199 0 1
109.909775 -9.856542 216.080399 0 1
99.343422 -8.924115 215.777847 0 1
113.345161 -6.967328 216.055023 0 1
102.053108 -9.126491 214.617828 0 1
114.346527 -2.745482 214.413193 0 1
109.684326 -10.360697 216.691315 0 1
107.659882 -9.857721 215.186264 0 1
96.354584 -0.835738 213.449768 0 1
113.623627 -1.580701 213.390335 0 1
109.522919 1.408826 211.110687 0 1
113.049828 0.857472 212.741943 0 1
110.488991 -5.042617 212.698227 1 0
112.126831 -5.774293 213.709946 1 0
109.078506 -10.098468 215.741394 0 1
98.301559 -7.642855 214.869537 0 1
110.154137 -6.224338 213.211380 1 0
104.358444 -9.924256 215.031876 0 1
108.704742 -11.163830 217.842926 0 1
108.404037 -10.403481 216.090942 0 1
99.575310 -1.305253 211.587418 0 1
112.950562 1.148757 212.695526 0 1
110.421455 1.018945 211.382919 0 1
96.900299 0.541797 213.043762 0 1
106.969948 -9.499988 214.699936 0 1
97.864212 -6.500192 214.499588 0 1
98.468117 -7.354653 214.505173 0 1
108.317429 -10.781732 216.717438 0 1
96.943848 -3.125029 213.423737 0 1
103.473351 -10.905481 216.032028 0 1
97.304756 1.148527 212.725540 0 1
110.440918 -6.041487 212.814438 1 0
97.509796 1.333976 212.555923 0 1
110.046104 -5.761249 212.663971 0 1
110.193199 -10.316983 217.177521 0 1
114.207550 -1.404931 213.934311 0 1
111.539551 -5.759279 213.051758 1 0
97.895386 -6.595811 214.525391 0 1
107.119736 -9.656420 214.873596 0 1
112.912529 -5.651731 214.127960 0 1
111.716248 -0.923028 211.859283 0 1
109.894585 -5.297701 212.786255 1 0
112.555618 0.425084 212.297791 0 1
110.930939 -9.348719 216.352737 0 1
102.281349 2.007420 210.630646 0 1
108.590881 0.255518 210.661835 0 1
114.077721 -1.114080 213.781296 0 1
97.981422 -2.705613 212.471054 0 1
110.999084 -3.479163 212.140869 0 1
100.691368 2.162695 210.953827 0 1
106.368462 -10.387129 215.789246 0 1
96.147247 -4.888248 214.972488 0 1
108.512527 -10.274594 215.908112 0 1
112.706612 0.679940 212.438324 0 1
99.267570 -5.564613 213.097855 0 1
98.422844 -5.512002 213.586151 0 1
109.805588 -9.615800 215.706543 0 1
104.608994 1.116921 210.384201 0 1
101.100975 2.365335 210.776566 0 1
109.111931 -0.272962 210.885864 0 1
97.502785 -0.611698 212.494293 0 1
108.216888 -10.278447 215.878235 0 1
111.754761 -4.987456 212.925339 1 0
110.515923 -8.013549 214.725922 0 1
100.147217 1.868842 211.223404 0 1
111.570015 -7.171614 214.648514 0 1
110.161163 -10.343633 217.182587 0 1
96.628273 -0.128180 213.238571 0 1
110.091873 -7.600218 213.980484 0 1
110.140015 -7.190945 213.697998 0 1
104.394684 5.375481 211.437820 0 1
107.212341 -11.291903 217.240143 0 1
110.104500 -6.480071 213.327133 1 0
101.076424 -7.169826 213.561707 0 1
110.014511 -5.884287 212.984695 0 1
100.369392 2.813774 211.237442 0 1
112.141510 -0.099533 211.934418 0 1
108.968658 -0.276290 210.851349 0 1
97.557167 1.430783 212.527283 0 1
106.234741 2.650065 210.467545 0 1
96.920403 -3.038322 213.408524 0 1
111.153091 -5.367911 212.544128 0 1
112.649628 1.451624 212.573502 0 1
106.419052 5.174454 211.502518 0 1
101.791550 2.310949 210.688644 0 1
100.399193 -10.428914 217.042938 0 1
113.348122 0.728676 213.038895 0 1
101.654831 2.310849 210.696381 0 1
100.526550 -10.349051 216.826691 0 1
109.356560 -5.520308 212.860825 0 1
113.331253 -4.929316 214.230850 0 1
113.742821 -3.216156 213.955475 0 1
108.967651 0.180102 210.763519 0 1
104.093018 -11.420427 217.144669 0 1
106.353271 -11.514878 217.396347 0 1
111.830482 -7.597509 215.263092 0 1
99.130096 -8.276752 215.120239 0 1
104.343849 -10.353150 215.429321 0 1
109.769974 -10.421643 216.871841 0 1
110.299011 -5.365518 212.465683 0 1
110.193703 -10.316745 217.177719 0 1
98.506332 -7.241046 214.429352 0 1
114.002754 -4.271086 214.720474 0 1
104.353790 -10.269072 215.348724 0 1
110.417389 -6.819155 213.598846 1 0
112.185829 -5.221343 213.229385 1 0
111.306290 -5.207015 212.598190 0 1
103.468910 0.151600 210.697128 0 1
101.869926 1.866944 210.690033 0 1
112.770851 0.745939 212.496887 0 1
110.007912 -5.606851 212.631332 0 1
109.079071 -8.517782 214.405396 0 1
109.174088 -10.975443 217.731583 0 1
108.874008 -6.497363 213.257431 0 1
100.931641 1.555865 210.877823 0 1
97.815445 1.687238 212.340454 0 1
111.144440 -5.278838 212.518539 1 0
96.797836 -5.479218 214.741760 0 1
112.656708 -5.280095 213.764282 0 1
96.392960 -5.075214 214.847748 0 1
108.814735 -6.139889 213.085205 0 1
100.770004 0.458968 211.012573 0 1
111.137451 -4.425869 212.654480 0 1
113.677055 -4.082553 214.241302 0 1
111.495544 -3.688979 212.469955 0 1
114.117317 -2.071711 213.883331 0 1
111.773804 -1.138931 211.940582 0 1
111.999245 -5.979717 213.808929 1 0
105.964539 5.215440 211.467834 0 1
109.436424 -9.588512 215.422974 0 1
98.223923 1.348471 212.134018 0 1
111.035851 -4.867764 212.674026 0 1
104.079041 5.284447 211.355576 0 1
109.354210 -10.609331 216.994934 0 1
110.154655 -7.288691 213.764053 0 1
110.703140 -9.655647 216.629990 0 1
109.618492 -10.103578 216.158157 0 1
111.426414 1.537605 211.821579 0 1
97.892105 -7.690289 215.373581 0 1
110.375549 3.603442 211.754593 0 1
98.474739 -5.612225 213.575043 0 1
101.337555 2.740253 210.799591 0 1
98.810036 -5.195796 213.161560 0 1
104.195396 5.312481 211.377533 0 1
106.175339 2.671510 210.471756 0 1
101.277214 -10.740411 217.056015 0 1
100.713562 0.415443 211.033539 0 1
109.030952 -8.759149 214.597946 0 1
96.486450 -0.357173 213.358276 0 1
104.903084 -11.088339 216.558884 0 1
113.691048 -1.510729 213.431351 0 1
111.957169 -5.198843 213.007126 1 0
108.003685 -11.405079 217.954742 0 1
110.506134 -6.279164 213.050980 1 0
109.753334 -9.834667 215.899689 0 1
111.499153 -4.706620 212.916168 0 1
106.166916 -9.565763 214.597092 0 1
107.387016 2.614385 210.555847 0 1
107.068741 -9.728313 214.937317 0 1
103.300209 1.869816 210.527390 0 1
110.312012 -9.207505 215.705032 0 1
111.908035 -6.296590 214.010773 0 1
99.445641 -7.901831 214.526855 0 1
110.514359 -9.877192 216.789932 0 1
104.564438 4.599896 211.046036 0 1
114.375740 -2.923838 214.530640 0 1
97.230568 -6.178452 214.833145 0 1
101.272072 2.605921 210.778152 0 1
113.124069 1.018902 212.813812 0 1
111.562592 -1.562399 211.933258 0 1
111.567322 -1.657497 211.954315 0 1
106.073410 4.353690 211.047165 0 1
110.556099 -8.261285 214.999817 0 1
113.060524 -6.085586 214.751770 0 1
107.111740 3.346685 210.611130 0 1
110.627647 -8.758366 215.507111 0 1
100.971214 3.039824 211.012329 0 1
109.700073 -10.307191 216.619431 0 1
98.678558 -7.104867 214.258881 0 1
96.701622 -4.463034 214.279144 0 1
113.878571 -2.907761 213.964279 0 1
107.705353 -10.415183 216.010117 0 1
110.426254 -8.539921 215.136749 0 1
109.761650 -10.565308 217.161926 0 1
101.760246 -8.787394 214.378662 0 1
110.074692 -10.491684 217.331604 0 1
111.917976 -8.448032 216.124588 0 1
112.028496 -5.722582 213.387192 1 0
104.282829 5.157567 211.264175 0 1
105.146423 4.435624 210.999222 0 1
103.027313 -11.625012 217.694275 0 1
110.336243 3.622570 211.749756 0 1
101.808990 0.029262 210.849182 0 1
98.494308 -1.676475 212.021027 0 1
104.905792 -11.367003 216.997543 0 1
98.249809 -7.667976 214.953979 0 1
107.364868 2.591426 210.549393 0 1
112.075020 -1.630128 212.278946 0 1
108.238808 -9.533152 215.034271 0 1
110.035713 -5.812974 212.736191 1 0
102.868988 -3.412202 211.970535 0 1
105.933472 -9.435561 214.496872 0 1
106.168854 -11.580827 217.469635 0 1
110.958046 -6.038754 212.753708 1 0
98.797470 -8.276791 215.290314 0 1
100.243599 -1.807353 211.499420 0 1
109.502449 -10.411473 216.638870 0 1
113.428871 -4.270022 214.048599 0 1
110.813545 -6.679371 213.639084 0 1
108.126190 -11.292735 217.757828 0 1
111.151619 -6.220074 213.044922 1 0
109.475395 -0.372418 211.007874 0 1
110.427826 -6.283966 213.140289 1 0
107.203682 4.410479 211.170639 0 1
98.598717 -5.381266 213.383072 0 1
108.380539 4.645613 211.701401 0 1
114.186508 -5.012847 215.279327 0 1
108.164398 -9.978618 215.431976 0 1
111.257645 -6.084031 212.965500 1 0
106.448135 3.576607 210.686478 0 1
97.114769 0.835505 212.865982 0 1
96.840767 -3.571599 213.713089 0 1
97.893898 -7.591451 215.264999 0 1
99.368042 3.297912 211.932968 0 1
112.648712 -5.319746 213.772079 0 1
99.145782 1.888412 211.698380 0 1
112.073494 -5.772707 213.674973 0 1
110.543015 -6.058091 212.782089 1 0
110.264351 -9.605550 216.074402 0 1
103.835266 5.335116 211.441956 0 1
114.385605 -2.949558 214.553802 0 1
106.805336 -10.303215 215.730225 0 1
99.302986 1.088117 211.656540 0 1
108.240242 2.752157 210.865341 0 1
111.021370 -2.239183 211.860168 0 1
96.206100 -1.199346 213.612747 0 1
113.181839 -6.921832 215.794693 0 1
112.597351 1.596564 212.579666 0 1
112.287636 -1.233696 212.314087 0 1
108.921951 -10.828302 217.204544 0 1
105.967636 -9.676412 214.701401 0 1
113.257843 -1.052308 213.016983 0 1
111.903519 -0.442910 211.846191 0 1
106.513519 -9.380227 214.504730 0 1
106.032341 -11.799683 217.996201 0 1
110.640305 -6.452750 213.172226 1 0
105.695473 -9.637233 214.659576 0 1
107.662315 -11.297412 217.467957 0 1
104.341843 5.282054 211.351578 0 1
103.910675 -11.615155 217.632278 0 1
111.988846 -4.647854 213.136154 1 0
113.234444 0.861748 212.922119 0 1
110.151192 -5.970551 212.960800 0 1
101.436775 -11.084807 217.670959 0 1
98.433632 -7.800680 214.930786 0 1
109.454765 -10.195264 216.157059 0 1
101.309998 -10.767685 217.082642 0 1
112.985382 -6.206233 214.794785 0 1
106.855812 -11.728806 217.967361 0 1
110.962021 -6.668065 213.711823 0 1
108.927826 -10.991041 217.578323 0 1
104.612053 -10.265635 215.344864 0 1
99.528229 -9.728601 216.613541 0 1
98.607353 -7.157065 214.321457 0 1
99.544945 -1.421414 211.620468 0 1
111.284004 -8.407738 215.655777 0 1
97.890991 -6.137652 214.289291 0 1
111.796455 -5.915500 213.639343 0 1
99.447105 -8.228611 214.900238 0 1
106.906174 -9.760472 214.939499 0 1
110.340752 -5.193422 212.636627 0 1
98.607986 -7.552186 214.549484 0 1
99.912277 -7.968543 214.400024 0 1
99.793602 -5.271430 212.791183 0 1
101.073959 1.951129 210.808258 0 1
100.063202 1.894357 211.263992 0 1
107.119827 -9.944537 215.231216 0 1
108.550323 0.161561 210.677246 0 1
112.909126 0.863827 212.620621 0 1
96.563416 -0.837240 213.263550 0 1
113.148712 -5.489770 214.284973 0 1
96.247803 -4.785240 214.773148 0 1
99.454582 -9.596824 216.497711 0 1
97.575539 -6.412701 214.666016 0 1
110.707909 -6.645131 213.594559 1 0
96.857147 -6.117468 215.200577 0 1
112.277351 -5.261557 213.322495 0 1
106.763535 -10.966208 216.684494 0 1
111.170311 -5.279003 212.536224 0 1
110.356522 -5.517244 212.455383 1 0
111.555481 -4.970733 212.866730 1 0
109.745827 1.422162 211.194275 0 1
111.358055 -4.680099 212.828384 1 0
110.228256 -9.088642 215.513931 0 1
110.023254 -6.093426 213.145050 1 0
102.213913 3.192910 210.848129 0 1
98.275230 -7.604170 214.852707 0 1
103.286949 5.203729 211.419891 0 1
104.291588 4.879923 211.136154 0 1
111.066498 -4.855740 212.677292 1 0
100.648148 1.393632 211.006760 0 1
110.640968 -5.240335 212.459961 1 0
104.731262 1.211107 210.366669 0 1
104.325623 -10.400710 215.481949 0 1
101.608253 2.788349 210.783554 0 1
108.918953 -6.241497 213.119904 0 1
100.670792 1.221874 211.005356 0 1
111.033646 -2.058211 211.829437 0 1
100.176353 1.856254 211.209976 0 1
112.004189 -5.580346 213.152573 0 1
97.397766 -5.895884 214.518311 0 1
96.302399 -4.335778 214.511627 0 1
111.880066 -5.911752 213.696564 1 0
98.481766 -3.285402 212.467972 0 1
111.929657 -0.425264 211.858719 0 1
110.355980 -6.624834 213.473495 1 0
102.735718 -10.317326 215.601547 0 1
111.287254 -4.684789 212.789886 1 0
108.058441 -11.411215 218.142685 0 1
110.557327 1.458169 211.492020 0 1
112.742310 -6.165215 214.470200 0 1
106.438545 2.848551 210.492935 0 1
110.591072 -5.366622 212.429764 1 0
111.858978 -5.671217 213.124252 1 0
112.922569 -4.727491 213.792450 0 1
100.901588 1.921157 210.866379 0 1
109.965515 -5.602882 212.740509 1 0
100.176781 -8.202414 214.516510 0 1
108.594284 -11.096105 217.602600 0 1
112.018875 -5.549626 213.144852 1 0
106.353920 5.107129 211.450653 0 1
113.201767 0.989121 212.912201 0 1
104.377708 -11.377385 217.028580 0 1
96.651695 -5.838677 215.211655 0 1
103.121193 -11.656557 217.771805 0 1
113.721893 -2.265727 213.649963 0 1
98.232719 -6.961425 214.471268 0 1
108.903221 -11.101099 217.844879 0 1
104.619026 -11.543862 217.424591 0 1
111.935356 0.009881 211.776962 0 1
110.000053 3.866722 211.750916 0 1
110.545609 -6.680439 213.578384 0 1
111.502235 -7.056662 214.473572 0 1
112.139610 0.313689 211.965652 0 1
97.680389 -0.893207 212.374039 0 1
112.545219 -0.642165 212.348129 0 1
109.323441 -5.776514 212.957184 0 1
109.642532 -7.595545 213.809418 0 1
97.174568 -2.613651 212.994568 0 1
98.110764 2.248144 212.319809 0 1
110.993843 -3.319537 212.081970 0 1
108.838165 -10.712211 216.874115 0 1
98.513893 -5.375978 213.453232 0 1
105.266815 -11.786196 217.969742 0 1
111.796364 1.432451 212.019302 0 1
96.612976 -1.405442 213.201706 0 1
99.972321 -0.018802 211.389755 0 1
114.361710 -2.484479 214.306122 0 1
108.999023 -9.786175 215.433197 0 1
105.579506 4.236048 210.942825 0 1
96.427193 -4.309235 214.399261 0 1
106.638824 -11.703802 217.746948 0 1
112.152634 0.050569 211.937454 0 1
111.892563 -0.129758 211.767578 0 1
110.022766 -10.464914 217.237579 0 1
111.763947 -4.891222 212.989120 1 0
103.407143 1.354870 210.486832 0 1
111.867638 -5.797303 213.358978 1 0
112.382057 -5.803012 213.871902 0 1
97.625694 -6.699440 214.811447 0 1
108.041153 -11.401402 217.987732 0 1
110.253479 3.586328 211.703705 0 1
110.559868 -9.153632 215.831482 0 1
105.251526 -10.001620 215.054581 0 1
103.436905 -11.627901 217.691925 0 1
103.286278 5.250982 211.471924 0 1
109.476028 -10.667014 217.197357 0 1
98.615570 -7.322485 214.412567 0 1
112.914368 -7.904343 216.490356 0 1
96.143692 -3.452384 214.362381 0 1
99.191780 -4.996196 212.807556 0 1
111.778305 -4.295382 212.870209 0 1
97.881355 1.666793 212.297699 0 1
97.352974 -5.845201 214.525711 0 1
109.532104 -10.484301 216.811035 0 1
110.484558 3.534017 211.769882 0 1
96.213493 -4.153811 214.530304 0 1
114.073166 -0.969460 213.775528 0 1
107.289459 -11.395157 217.461929 0 1
111.995384 0.062953 211.822098 0 1
112.356697 -8.547353 216.589539 0 1
108.279999 -11.202908 217.666809 0 1
110.005112 -7.321710 213.725113 0 1
111.937561 -8.885733 216.685013 0 1
109.456543 -10.149284 216.077026 0 1
107.912003 -9.666485 215.070312 0 1
97.783485 -6.724086 214.676880 0 1
98.412483 -7.761213 214.899933 0 1
98.184006 -7.247064 214.655991 0 1
98.681038 -5.409135 213.346664 0 1
99.307793 -8.388265 215.165527 0 1
111.431793 -4.763865 212.852921 1 0
108.183304 -11.128255 217.407120 0 1
109.780800 4.283706 211.959183 0 1
101.465103 2.617360 210.759583 0 1
100.145180 -9.247602 215.766235 0 1
111.218689 -5.608961 212.616135 1 0
97.342949 0.944772 212.684143 0 1
109.250557 -6.243859 213.138489 0 1
109.140144 2.459597 211.137039 0 1
114.349091 -2.130781 214.177948 0 1
97.682915 1.383740 212.417755 0 1
104.239716 5.431319 211.520966 0 1
109.499687 -10.187859 216.197510 0 1
110.005470 -5.936351 213.053284 0 1
109.111603 -10.992306 217.726212 0 1
101.634735 3.089573 210.871002 0 1
113.567795 -3.482884 213.899521 0 1
108.351463 -9.963246 215.447662 0 1
96.860046 -2.693219 213.342499 0 1
109.455246 -10.438285 216.665665 0 1
107.598045 1.611745 210.540115 0 1
99.252647 -5.605015 213.124939 0 1
109.762856 -8.776013 214.894348 0 1
108.556969 -11.242106 217.979919 0 1
110.005539 -10.456339 217.198364 0 1
110.840645 -1.999380 211.754547 0 1
98.121765 -7.189283 214.673035 0 1
103.255013 5.117672 211.352463 0 1
111.772400 -6.776002 214.380066 0 1
111.400978 -0.045522 211.591446 0 1
107.881119 -10.987619 216.909744 0 1
111.871948 -5.183147 212.952148 0 1
110.649841 -5.095027 212.569626 0 1
99.936172 0.080236 211.404007 0 1
110.940163 -6.934546 213.930191 0 1
106.795876 -11.733301 217.916550 0 1
107.577850 -9.813558 215.124252 0 1
113.711807 -1.537410 213.452133 0 1
109.435738 -10.138989 216.040344 0 1
110.440102 -5.770327 212.554123 0 1
109.145775 -6.236725 213.142273 0 1
112.809654 -8.033013 216.478165 0 1
112.165794 0.030984 211.949081 0 1
113.432945 -1.450975 213.214706 0 1
112.698387 1.536368 212.625305 0 1
111.248306 -9.432686 216.851685 0 1
112.141052 -0.092606 211.933838 0 1
114.242126 -1.727332 213.973969 0 1
98.530579 -7.626671 214.646118 0 1
107.235786 2.932077 210.559845 0 1
111.842697 -5.602185 213.065491 1 0
101.207573 -10.063663 216.135712 0 1
104.624420 5.330195 211.407364 0 1
104.593414 1.232335 210.364914 0 1
111.174911 -5.752182 212.663208 1 0
110.597473 -6.390309 213.108093 1 0
108.499779 4.442152 211.609467 0 1
110.609871 -6.293836 213.019043 0 1
109.275597 -6.302495 213.164810 0 1
111.932472 -5.630474 213.138901 1 0
99.066261 -8.528228 215.447006 0 1
100.898621 3.086008 211.052429 0 1
110.207588 -6.261921 213.230637 1 0
110.423141 -5.629329 212.483109 0 1
113.260101 -0.034751 212.972946 0 1
112.538467 -6.946548 215.100708 0 1
106.473137 0.632689 210.498749 0 1
110.551125 1.562456 211.499588 0 1
112.135414 -6.837313 214.702576 0 1
101.003738 2.832914 210.922668 0 1
112.615936 -4.310433 213.446091 0 1
108.146591 0.898771 210.589066 0 1
113.101952 -7.535463 216.336685 0 1
108.230553 -11.051767 217.261795 0 1
110.794922 -6.484475 213.248535 1 0
97.564812 -7.764864 215.806183 0 1
100.511894 3.924479 211.509903 0 1
104.400864 5.276930 211.351761 0 1
113.429199 0.702026 213.144333 0 1
102.578590 3.259069 210.849075 0 1
103.001152 -10.918811 216.198578 0 1
104.847450 -11.355102 216.968460 0 1
99.807335 -5.264025 212.786530 0 1
98.111763 -7.115489 214.634918 0 1
96.254242 -4.822122 214.794006 0 1
113.136040 -1.775490 213.085281 0 1
111.730247 -5.374049 212.929855 1 0
100.149239 -8.195171 214.522263 0 1
113.778633 -3.192416 213.979630 0 1
107.020012 -11.689889 217.991241 0 1
113.919502 -3.124843 214.093781 0 1
113.840805 -5.980340 215.636169 0 1
107.268005 -11.382129 217.416000 0 1
109.698593 -5.449185 212.851303 1 0
110.558220 -7.800601 214.544754 0 1
109.948311 -7.945416 214.216202 0 1
97.669838 -5.967328 214.366089 0 1
111.329971 -6.907774 214.197662 0 1
111.063873 -2.236530 211.873672 0 1
111.109840 -6.449551 213.649063 1 0
101.911980 -8.821031 214.360046 0 1
106.703285 3.213588 210.544388 0 1
103.096405 5.175985 211.445923 0 1
105.516670 3.970266 210.851730 0 1
107.311707 4.794779 211.408234 0 1
108.339005 -10.814556 216.812088 0 1
99.744415 1.913169 211.415970 0 1
99.878365 2.150729 211.354828 0 1
109.994583 -5.814164 212.847748 0 1
101.839561 3.306731 210.915298 0 1
114.094879 -1.152958 213.798370 0 1
106.718834 -9.504158 214.647125 0 1
98.883209 -5.104265 213.058929 0 1
109.692207 -7.640048 213.850464 0 1
112.887848 -5.571434 214.039429 0 1
101.117966 2.582218 210.801575 0 1
108.988792 4.462040 211.752060 0 1
107.460350 -11.584583 218.118622 0 1
105.787971 -11.561455 217.402588 0 1
100.432533 2.905637 211.226318 0 1
110.983826 -6.712959 213.765839 0 1
110.955116 -5.493625 212.504700 0 1
99.357162 -1.422133 211.683060 0 1
109.072594 -8.772661 214.619934 0 1
113.086388 -5.443446 214.186630 0 1
111.110611 -5.077623 212.527863 1 0
100.547913 0.947593 211.075943 0 1
99.667778 -2.394785 211.824295 0 1
104.131012 -11.092018 216.419083 0 1
103.323029 5.270225 211.485550 0 1
107.388794 -10.695605 216.384781 0 1
113.799881 -0.156148 213.491714 0 1
111.424149 -5.665790 212.824844 1 0
110.219460 -5.813838 212.643585 0 1
96.781769 -3.676720 213.812759 0 1
107.521805 -11.358777 217.539185 0 1
109.585083 4.311805 211.877472 0 1
109.083672 -8.809504 214.650162 0 1
100.928864 4.208628 211.524200 0 1
101.985466 4.655397 211.451782 0 1
112.899017 -5.626361 214.090683 0 1
110.922340 1.375845 211.604385 0 1
110.320946 -5.381910 212.452377 1 0
111.415390 -7.291178 214.657684 0 1
110.285843 -9.898218 216.552032 0 1
110.617241 -6.584099 213.487320 1 0
110.526535 -6.461483 213.242157 0 1
109.544685 1.362774 211.114609 0 1
110.927582 -5.085185 212.522003 1 0
106.212502 -9.441768 214.506836 0 1
114.149300 -1.933593 213.895782 0 1
100.435097 -0.619057 211.170380 0 1
107.958618 -11.442986 218.056137 0 1
106.359238 1.761251 210.447342 0 1
107.305656 -10.710423 216.394409 0 1
112.652313 -4.004136 213.393585 0 1
98.321136 1.407848 212.089478 0 1
110.317169 0.085060 211.227402 0 1
110.260353 -9.878099 216.501572 0 1
103.287819 -10.990306 216.181320 0 1
111.253723 -5.630458 212.647034 1 0
111.528336 -5.744110 213.033646 1 0
98.013382 -6.858843 214.569702 0 1
110.825333 -5.298932 212.460846 1 0
100.617256 3.514587 211.318146 0 1
108.870590 -10.145041 215.768280 0 1
111.791145 -5.827960 213.365814 1 0
111.383812 -4.928279 212.733032 1 0
98.384987 -5.823631 213.746307 0 1
104.288200 -10.402623 215.483582 0 1
108.554092 0.191920 210.669662 0 1
107.360870 4.632621 211.325821 0 1
112.277931 -0.449946 212.099503 0 1
98.250771 -5.980125 213.919617 0 1
110.539742 -9.825334 216.726791 0 1
108.565216 -10.155288 215.735703 0 1
112.456520 -7.876961 215.952469 0 1
109.243889 -10.936188 217.674377 0 1
97.850372 -7.361238 215.122162 0 1
108.142548 -11.385047 218.049850 0 1
111.733444 -8.838677 216.394409 0 1
103.006348 -11.527931 217.483185 0 1
108.788940 -11.161227 217.961792 0 1
111.339119 -4.685549 212.814209 1 0
111.394722 -1.996157 211.947296 0 1
101.973320 -11.050123 217.200562 0 1
110.710175 -6.039548 212.711700 1 0
96.175995 -4.697460 214.780502 0 1
114.314865 -1.824909 214.100525 0 1
111.004959 3.155523 211.935547 0 1
100.120903 1.930521 211.234329 0 1
107.229630 -11.385519 217.403595 0 1
96.785645 -6.123407 215.294861 0 1
104.146904 5.004415 211.181000 0 1
105.404808 -9.993267 215.051453 0 1
100.731514 -9.424626 215.673401 0 1
106.919067 4.116784 210.976501 0 1
99.524475 -9.278385 216.094559 0 1
110.017807 -10.454190 217.210114 0 1
96.274406 -2.914973 214.047104 0 1
102.800560 -10.740477 216.064362 0 1
96.061455 -3.302300 214.405350 0 1
108.998009 -6.005809 213.024429 0 1
99.964241 -9.977526 216.673340 0 1
97.183304 -6.305851 214.982880 0 1
112.855743 1.325419 212.675583 0 1
107.264107 -11.552095 217.796692 0 1
112.431000 -1.163945 212.403137 0 1
98.112320 -7.695320 215.131729 0 1
110.841629 -6.496931 213.345337 1 0
112.553444 -8.284032 216.426254 0 1
97.299583 -6.096414 214.703873 0 1
97.498299 -6.572992 214.852341 0 1
105.668991 -9.675880 214.699127 0 1
108.197952 -10.444093 216.123306 0 1
109.780769 3.973202 211.735657 0 1
114.007530 -5.003592 215.057632 0 1
100.915329 3.110969 211.055710 0 1
111.381805 1.567743 211.807373 0 1
110.190445 -5.148816 212.711533 1 0
107.477646 -8.744672 214.225647 0 1
109.701706 -10.763700 217.615662 0 1
112.002441 -5.758478 213.581253 1 0
103.052002 -11.517407 217.450104 0 1
103.073753 -10.993258 216.299377 0 1
97.856934 -6.607129 214.562149 0 1
110.339043 -9.261303 215.764191 0 1
112.017365 -5.808970 213.686020 1 0
108.798500 -10.204054 215.833603 0 1
110.954697 -5.375063 212.495575 0 1
108.524254 -11.257360 218.043640 0 1
97.221695 0.931667 212.774063 0 1
112.632416 -4.667048 213.560715 0 1
109.736633 4.209191 211.865067 0 1
103.354057 5.225556 211.422852 0 1
112.830757 -6.821439 215.254395 0 1
111.048714 -2.417054 211.898972 0 1
98.265251 -6.449673 214.185287 0 1
99.379341 -8.912947 215.745071 0 1
96.096672 -1.813936 213.865341 0 1
112.171402 -5.285885 213.200882 1 0
110.892036 -9.822338 217.109787 0 1
100.336975 -10.024415 216.543701 0 1
110.287224 -8.227108 214.755386 0 1
96.828087 0.338943 213.085159 0 1
107.829216 -9.387403 214.811783 0 1
111.701523 -0.107251 211.693878 0 1
101.464180 -11.092980 217.668030 0 1
100.529747 3.578197 211.377960 0 1
110.889481 3.173725 211.871964 0 1
111.849617 -4.441393 212.966919 1 0
107.249939 -11.367580 217.376892 0 1
111.078545 -2.387370 211.901535 0 1
110.610100 -5.100168 212.582718 1 0
106.257668 -11.813625 218.070251 0 1
109.911568 -5.440545 212.793961 0 1
110.341431 -6.421861 213.326340 1 0
100.227890 -8.317898 214.627838 0 1
111.992401 -0.048664 211.808685 0 1
106.194595 4.895581 211.331482 0 1
98.497406 -5.667801 213.585297 0 1
109.928879 -5.263494 212.769791 1 0
96.756088 0.236724 213.149109 0 1
96.789932 0.164410 213.108276 0 1
97.117928 -6.203919 214.978409 0 1
110.999512 -5.223106 212.499832 0 1
111.404510 -5.983631 213.050095 1 0
110.994453 -8.423315 215.474228 0 1
112.960098 -4.805720 213.837921 0 1
104.123108 1.648627 210.405548 0 1
110.365265 -9.608500 216.167206 0 1
109.622841 -9.213298 215.194550 0 1
104.902100 5.378162 211.462204 0 1
111.801247 -5.970224 213.689209 1 0
111.292786 -5.529930 212.628845 1 0
110.966141 -6.000330 212.722168 1 0
108.035194 -8.979926 214.523224 0 1
105.572487 4.024426 210.865692 0 1
108.643799 -10.747335 216.838089 0 1
112.253983 -4.920872 213.389709 1 0
111.296432 -6.044886 212.965912 1 0
110.155998 -5.438580 212.530365 1 0
114.384178 -2.324758 214.299942 0 1
111.050247 0.924641 211.584290 0 1
97.690727 -2.093912 212.379135 0 1
108.927361 0.269629 210.743713 0 1
112.510475 -7.763314 215.889755 0 1
102.773788 4.347564 211.130936 0 1
107.808578 -0.837354 210.986908 0 1
96.516693 -0.288928 213.334686 0 1
105.007088 -10.060173 215.118439 0 1
111.875237 -6.062218 213.811523 1 0
108.581245 -11.237630 218.028030 0 1
100.030106 -7.955081 214.348282 0 1
110.985100 -5.849198 212.628784 1 0
97.624138 -1.943830 212.387848 0 1
100.360527 -0.981298 211.237427 0 1
111.184006 -4.607794 212.751495 0 1
97.700638 -2.170357 212.396332 0 1
96.734520 -2.262847 213.334015 0 1
109.483971 -10.065495 215.963181 0 1
109.699860 -9.857848 215.879440 0 1
97.873962 1.659977 212.300842 0 1
103.674294 4.887653 211.151428 0 1
108.143097 -10.476577 216.163940 0 1
107.655251 1.012568 210.542145 0 1
108.468231 2.121997 210.829041 0 1
101.405685 2.854249 210.823303 0 1
109.701530 -8.778273 214.851837 0 1
102.902817 -10.981922 216.396790 0 1
108.765686 4.519119 211.724426 0 1
111.510567 -6.495845 213.921158 0 1
111.680145 -0.101599 211.685867 0 1
100.530876 2.296181 211.036331 0 1
110.068542 -7.788109 214.143707 0 1
111.069275 -6.692324 213.807785 0 1
110.368706 -10.191244 217.161026 0 1
106.594124 0.471686 210.537994 0 1
104.266655 -10.299542 215.380798 0 1
109.421043 -5.722402 212.944336 1 0
108.221054 -9.462045 214.974533 0 1
111.113548 0.144710 211.497635 0 1
111.744980 -5.818492 213.230408 1 0
112.150116 -5.737535 213.676224 0 1
98.415977 -5.574156 213.619400 0 1
107.522644 -11.122485 217.033676 0 1
96.095482 -1.702136 213.847565 0 1
112.315804 -1.273325 212.349823 0 1
107.088013 -11.310358 217.228119 0 1
110.830231 -6.535130 213.435623 1 0
106.307259 -9.636269 214.690247 0 1
107.775856 0.430055 210.581451 0 1
111.584671 -0.717357 211.768875 0 1
110.857460 -8.274025 215.241302 0 1
98.175613 -1.737522 212.145432 0 1
106.437019 3.066878 210.531723 0 1
99.206535 -8.282014 215.083313 0 1
97.910759 -6.449362 214.435211 0 1
106.054504 4.522137 211.123306 0 1
111.520500 -5.040123 212.859222 1 0
111.713722 -4.083000 212.749084 0 1
111.284447 -6.237677 213.566040 1 0
107.056137 -9.976513 215.269592 0 1
112.226166 -5.511357 213.331268 1 0
108.426666 -10.390584 216.073410 0 1
109.356651 -6.290118 213.172760 0 1
111.935318 -7.034860 214.755157 0 1
105.556992 4.206397 210.927521 0 1
110.593224 -5.183687 212.503387 0 1
103.235687 4.376358 211.062744 0 1
104.013672 4.306273 210.994217 0 1
111.838509 -5.791098 213.262405 1 0
99.174683 -8.927542 215.868134 0 1
110.482430 -9.927974 216.843262 0 1
96.490150 -0.535777 213.340775 0 1
111.032639 -9.456168 216.667175 0 1
106.183609 2.428771 210.447723 0 1
98.233337 -5.818171 213.881256 0 1
112.958412 1.392301 212.796387 0 1
114.250145 -1.773527 213.987244 0 1
106.293282 -9.505766 214.562698 0 1
112.860672 1.355037 212.686279 0 1
106.913277 -11.470502 217.440018 0 1
111.381554 -8.279984 215.597748 0 1
109.107689 -10.591063 216.775650 0 1
98.485023 -5.501708 213.521393 0 1
113.621361 -0.088392 213.315903 0 1
112.015991 -5.773862 213.637283 1 0
111.271431 -5.285369 212.590378 1 0
103.771843 4.989928 211.179993 0 1
110.571823 1.536115 211.504456 0 1
98.656479 -7.357839 214.415771 0 1
110.101486 -5.997427 213.077805 0 1
101.038651 2.807735 210.904480 0 1
104.223183 -10.342760 215.425613 0 1
104.282639 -10.284885 215.367310 0 1
99.329651 -8.407960 215.179764 0 1
106.848114 -11.706782 217.866592 0 1
102.638870 -11.555145 217.820984 0 1
107.834396 -11.205434 217.382401 0 1
114.380882 -2.757234 214.463181 0 1
111.674088 -4.627883 212.978546 1 0
104.286949 1.405247 210.363586 0 1
113.939140 -3.229312 214.164169 0 1
98.438049 -7.501866 214.613602 0 1
107.133980 3.762475 210.811325 0 1
106.194740 5.256077 211.527008 0 1
106.125076 -9.632145 214.658859 0 1
99.815277 -6.620366 213.573914 0 1
104.354942 -10.242249 215.324265 0 1
109.591301 -9.898104 215.823532 0 1
102.996231 -11.569396 217.581100 0 1
114.042953 -5.402295 215.310959 0 1
96.482391 -1.340993 213.298187 0 1
109.612411 -10.794934 217.612869 0 1
98.870422 -1.451361 211.861237 0 1
96.074989 -4.142004 214.687592 0 1
108.531212 4.639578 211.744934 0 1
110.821007 -6.084070 212.776337 1 0
99.573570 -1.273301 211.583603 0 1
105.636833 4.045291 210.873352 0 1
110.264122 -5.137211 212.698868 1 0
100.616837 3.732738 211.399567 0 1
98.153030 1.855651 212.191193 0 1
98.232300 -6.083590 213.986542 0 1
113.221733 0.575285 212.915680 0 1
111.021950 -3.503866 212.157684 0 1
105.002731 5.256322 211.378311 0 1
96.944115 -5.599188 214.693222 0 1
112.874138 -5.672400 214.108490 0 1
101.456703 0.794410 210.846191 0 1
107.356171 -11.266124 217.227249 0 1
113.092674 -5.463635 214.205154 0 1
110.924362 3.180981 211.892487 0 1
109.609772 -10.360825 216.621719 0 1
103.507782 1.314030 210.469849 0 1
112.169846 0.150383 211.965469 0 1
111.026314 3.388091 212.048935 0 1
98.960625 -6.346552 213.689758 0 1
111.671501 -7.255773 214.812027 0 1
110.902977 -9.187131 216.105667 0 1
111.266289 -3.435897 212.242096 0 1
113.680603 -6.322649 215.795731 0 1
109.861702 -8.085451 214.300522 0 1
111.057388 -5.527155 212.522583 1 0
96.784637 -1.618818 213.068451 0 1
110.737442 -5.335135 212.444809 0 1
111.302452 -9.597611 217.185425 0 1
96.172234 -5.072493 215.106293 0 1
109.038963 -6.413681 213.218994 0 1
111.279083 -5.459662 212.605667 1 0
100.522186 -8.734928 214.976349 0 1
111.733337 -7.349117 214.942139 0 1
108.600151 -8.124300 213.988510 0 1
97.507034 -1.902713 212.458145 0 1
107.621254 -9.727210 215.050476 0 1
111.262871 -5.604810 212.639603 1 0
110.250420 -5.994790 212.899139 1 0
97.315994 0.894814 212.698471 0 1
110.458092 -6.489091 213.336243 1 0
108.831192 -6.094914 213.064163 0 1
109.298668 -10.361546 216.378540 0 1
100.287842 -1.758515 211.476013 0 1
107.803345 -11.111721 217.148361 0 1
107.761421 -11.280375 217.505844 0 1
112.932953 0.974264 212.653137 0 1
113.976730 -1.869736 213.734070 0 1
96.483070 -4.570409 214.491211 0 1
108.246269 0.950519 210.600632 0 1
108.400452 -11.300961 218.005569 0 1
112.961983 -6.264898 214.824661 0 1
106.285637 -10.428826 215.841461 0 1
111.396378 -4.656413 212.854828 1 0
98.205093 -6.166997 214.058929 0 1
103.343826 1.270519 210.499390 0 1
104.416840 -11.383287 217.042526 0 1
110.879303 -9.821105 217.095444 0 1
99.365044 -8.874961 215.710495 0 1
113.292671 -1.154564 213.052322 0 1
111.179283 -6.386817 213.645233 0 1
107.248848 -11.523050 217.714417 0 1
111.839378 -8.462681 216.092422 0 1
112.475807 -7.654783 215.754379 0 1
109.956955 -5.864937 213.011841 0 1
99.103073 -7.086092 214.091660 0 1
113.159668 -5.820899 214.593033 0 1
110.082169 3.904308 211.804337 0 1
100.916573 1.936756 210.858932 0 1
103.151779 5.192405 211.446381 0 1
96.409943 -4.646755 214.577881 0 1
96.861305 -6.673191 215.670868 0 1
101.628914 2.352261 210.702362 0 1
109.023613 -11.048531 217.783340 0 1
111.910515 -3.984451 212.848816 0 1
112.437538 1.949164 212.556961 0 1
101.250252 -8.160644 214.053619 0 1
111.112953 -4.870216 212.646301 1 0
111.364098 -6.017204 213.029785 1 0
96.465904 -1.486886 213.344574 0 1
109.600830 4.293617 211.869461 0 1
111.383881 1.600150 211.813492 0 1
108.939041 4.460673 211.735443 0 1
110.472229 -7.112531 213.797134 0 1
104.106842 5.141060 211.246475 0 1
106.372215 3.233748 210.593399 0 1
112.500916 -0.211423 212.266022 0 1
112.562691 -6.874110 215.049088 0 1
97.791878 1.560361 212.345520 0 1
96.801163 0.047285 213.093506 0 1
105.954842 -11.830013 218.057419 0 1
110.466217 -6.300227 213.114944 0 1
110.312859 -6.358677 213.285538 1 0
98.643089 -5.183968 213.277054 0 1
107.303314 2.462111 210.533875 0 1
97.686256 -2.096255 212.381409 0 1
110.059929 -5.859971 212.797043 0 1
96.500381 -4.691465 214.545120 0 1
110.364090 -10.269275 217.289902 0 1
109.399010 -10.147902 216.017563 0 1
98.555099 -5.402995 213.427643 0 1
112.527435 -8.330808 216.455002 0 1
102.953133 -8.658573 214.145264 0 1
111.636475 -5.724908 213.059433 1 0
110.064651 -5.869364 212.814590 0 1
110.660065 -10.127540 217.380417 0 1
110.356522 -7.282606 213.874481 0 1
109.969383 -8.389202 214.671631 0 1
112.482109 0.627491 212.264923 0 1
105.809349 3.998405 210.856873 0 1
112.320961 -5.449391 213.404129 1 0
110.356247 -5.842294 212.634079 1 0
110.959297 -5.233660 212.492844 1 0
96.067993 -3.409415 214.437012 0 1
99.216690 -5.510560 213.089554 0 1
113.174347 -1.726097 213.099030 0 1
103.471207 -10.960560 216.119095 0 1
96.462479 -0.378813 213.386215 0 1
100.087532 -2.455544 211.724380 0 1
106.437126 5.178441 211.509430 0 1
111.272926 -9.589139 217.135101 0 1
110.337280 -5.233804 212.577301 0 1
111.165352 -5.222402 212.534470 1 0
109.798691 -9.579122 215.669144 0 1
113.351761 0.675970 213.037613 0 1
106.284271 -11.795967 217.928665 0 1
97.277054 1.055242 212.735245 0 1
97.600533 1.450974 212.490280 0 1
106.636520 -11.608663 217.581741 0 1
100.499969 -10.341205 216.832275 0 1
108.198906 -9.499524 214.997986 0 1
109.697472 -10.771102 217.736023 0 1
99.695824 -6.088760 213.288513 0 1
102.760925 0.356190 210.674911 0 1
111.055222 -4.743386 212.752289 1 0
108.177681 -11.124912 217.396835 0 1
113.009087 0.348210 212.716568 0 1
109.720947 -10.703737 217.443085 0 1
103.233894 -10.827994 215.958481 0 1
112.619560 -0.548647 212.392059 0 1
111.900078 -4.816586 213.125214 1 0
108.874664 -11.056664 217.694427 0 1
105.521675 -9.750280 214.781189 0 1
110.744522 -5.354877 212.445084 1 0
112.842789 -6.665397 215.099594 0 1
107.190735 -11.416164 217.449478 0 1
99.323448 1.089429 211.646988 0 1
110.887642 -4.918731 212.688950 1 0
104.699982 -11.421337 217.117065 0 1
109.876335 -7.892402 214.127213 0 1
103.661194 -11.430499 217.192627 0 1
110.481018 -6.274714 213.071945 0 1
110.676537 -6.857292 213.702759 0 1
111.148476 -5.541459 212.552902 0 1
109.181656 0.262885 210.827881 0 1
96.239288 -1.154432 213.559128 0 1
106.001480 -11.815331 218.037888 0 1
102.922798 -9.959798 215.210388 0 1
111.694756 -7.852880 215.408493 0 1
109.926224 -5.693130 212.881027 1 0
100.609612 -1.977928 211.521011 0 1
111.881561 -5.785253 213.511353 0 1
106.407402 5.198612 211.518723 0 1
112.383423 -7.399536 215.447205 0 1
112.977272 -0.949032 212.755890 0 1
110.771286 -6.685456 213.636597 1 0
102.098465 -10.705843 216.418442 0 1
110.265083 -10.172078 217.008835 0 1
108.878502 -6.140700 213.076645 0 1
110.347252 -5.998026 212.821304 1 0
107.711723 1.150594 210.551147 0 1
106.103989 4.363205 211.054520 0 1
109.573975 -9.716211 215.641342 0 1
113.579254 -1.383638 213.321533 0 1
109.938919 -5.433478 212.773102 1 0
110.862358 -9.969885 217.334381 0 1
111.485794 -3.742277 212.480972 0 1
110.868111 -9.485499 216.514664 0 1
111.296318 -8.335378 215.595154 0 1
99.308823 -1.403980 211.699371 0 1
96.041359 -4.678185 214.999649 0 1
108.037788 1.706180 210.617264 0 1
107.417213 -11.497557 217.772873 0 1
110.138885 -5.911304 212.831177 1 0
111.713646 -5.550199 212.986588 1 0
111.006943 -9.743115 217.116821 0 1
112.600464 1.260920 212.499435 0 1
104.109955 5.319809 211.390167 0 1
107.394547 -11.593782 217.990448 0 1
96.381355 -4.380088 214.464005 0 1
112.455605 -8.113725 216.179306 0 1
114.288422 -3.989946 214.925613 0 1
106.616432 -9.500892 214.625015 0 1
112.327301 -5.228148 213.410110 1 0
104.632065 5.367548 211.438324 0 1
112.439857 -1.126567 212.403442 0 1
112.267021 -5.120953 213.385712 1 0
100.513176 -10.381960 216.881866 0 1
113.664322 -1.507190 213.410049 0 1
105.037918 -10.158872 215.237701 0 1
99.700035 2.201768 211.452423 0 1
103.939804 -10.448653 215.540771 0 1
111.300117 -6.938920 214.205414 0 1
106.142357 -11.818139 218.115067 0 1
104.718758 -11.456018 217.192169 0 1
106.365532 5.184356 211.497330 0 1
108.526558 -9.938021 215.451859 0 1
111.896187 -5.916408 213.714691 0 1
99.174828 -5.794691 213.275803 0 1
102.771866 5.052009 211.442963 0 1
100.805969 4.154860 211.530411 0 1
110.508018 -5.474825 212.439362 1 0
112.334900 -5.924701 213.940445 0 1
112.295135 -5.073459 213.439667 0 1
109.531990 -10.845395 217.705200 0 1
110.244339 -6.572190 213.408112 1 0
109.270042 3.584333 211.411316 0 1
97.258308 -1.616532 212.659637 0 1
112.364738 -5.196085 213.482956 0 1
112.805832 0.850469 212.534897 0 1
105.678741 3.617746 210.755600 0 1
112.372475 -8.037763 216.055420 0 1
108.834175 -5.933559 212.995468 0 1
109.779930 -10.713937 217.524353 0 1
101.249008 -8.196057 214.075928 0 1
114.368301 -2.371648 214.277161 0 1
108.539833 -10.572622 216.385391 0 1
110.360176 -6.705751 213.519302 1 0
105.884445 -10.552385 215.969162 0 1
99.897064 3.246880 211.627014 0 1
112.442902 -5.509444 213.624878 0 1
106.536781 -11.765688 217.841339 0 1
110.738022 -6.360155 213.073608 1 0
112.085289 -5.382865 213.128159 1 0
106.270058 -9.394533 214.486420 0 1
110.437988 -7.128098 213.793594 0 1
110.678413 -4.831879 212.686798 0 1
109.310310 -9.908576 215.637894 0 1
105.044601 4.007545 210.882812 0 1
96.440590 -4.215555 214.341476 0 1
102.357620 -11.447438 217.772308 0 1
109.117493 -10.595810 216.792130 0 1
110.478867 -5.828958 212.586639 0 1
96.218124 -1.059458 213.589722 0 1
112.553360 -4.704074 213.509567 0 1
98.872993 -5.179087 213.108093 0 1
98.022835 -8.284004 216.075241 0 1
113.477684 -4.179697 214.061340 0 1
105.047058 -11.716580 217.807861 0 1
110.641533 -4.876299 212.694595 0 1
103.775421 4.911524 211.150833 0 1
113.780472 -1.542924 213.515732 0 1
111.506439 -3.947326 212.573441 0 1
96.431648 -1.145583 213.353226 0 1
97.877678 1.418952 212.296677 0 1
110.028366 -10.519998 217.339462 0 1
96.772186 -4.610716 214.308609 0 1
107.136787 -11.656576 217.974365 0 1
104.247742 -10.249693 215.336884 0 1
100.926208 1.602814 210.875504 0 1
96.441986 -4.264158 214.365173 0 1
112.122917 -5.612160 213.311432 1 0
110.997803 -9.137231 216.128784 0 1
110.585800 -6.311486 213.040573 0 1
96.909386 -0.904907 212.968323 0 1
113.071457 0.874414 212.762482 0 1
112.600006 -5.253095 213.718811 0 1
109.075615 -10.103161 215.745590 0 1
111.853378 -6.403820 214.067032 0 1
103.173676 -10.840366 215.993500 0 1
111.067642 -5.417601 212.523743 1 0
106.165016 3.176804 210.597031 0 1
101.441826 3.383239 211.035614 0 1
110.233757 -5.630650 212.512177 1 0
108.193291 -10.446651 216.127045 0 1
109.314232 -10.255934 216.158905 0 1
109.358345 -6.268826 213.164276 0 1
111.498817 -6.585721 213.994003 0 1
99.199570 -9.481115 216.573990 0 1
110.954918 -6.077458 212.795776 0 1
113.041054 0.390570 212.746490 0 1
107.311081 2.476997 210.535187 0 1
99.002220 -7.773824 214.587952 0 1
114.286369 -2.583596 214.260483 0 1
110.722214 3.331743 211.819687 0 1
98.398521 -7.755757 214.907623 0 1
98.389740 -5.867597 213.768188 0 1
111.823997 -5.821247 213.548157 1 0
109.910065 -9.865703 216.096420 0 1
100.680405 2.247082 210.959732 0 1
96.890343 0.313953 213.028870 0 1
110.536850 -10.113914 217.215546 0 1
108.110359 -11.129124 217.374161 0 1
112.225662 -5.577929 213.401413 1 0
108.552689 -9.889198 215.414459 0 1
111.856140 -4.120033 212.852188 0 1
107.129578 0.450930 210.552856 0 1
106.861610 -11.693234 217.839218 0 1
112.386696 0.475019 212.167740 0 1
110.603447 -6.242164 212.973679 1 0
108.426857 -10.144735 215.709686 0 1
98.407631 -5.790934 213.712875 0 1
111.089180 -3.339205 212.119934 0 1
110.079430 3.517763 211.629623 0 1
103.074722 -11.508670 217.429703 0 1
101.131538 -8.365621 214.245361 0 1
107.358582 2.498192 210.542145 0 1
99.917870 -9.091618 215.687057 0 1
111.495613 -6.327653 213.782028 1 0
108.974937 -0.298566 210.859024 0 1
96.799690 -4.061426 213.998901 0 1
107.022751 -11.692306 218.050934 0 1
96.366798 -0.745378 213.446716 0 1
98.959579 -1.677428 211.868805 0 1
99.141998 -8.503837 215.379791 0 1
98.502052 -5.354383 213.454605 0 1
96.432953 -4.097186 214.295044 0 1
99.778168 3.587430 211.791519 0 1
98.230057 -6.414164 214.191299 0 1
113.050919 -6.257555 214.915176 0 1
108.338333 0.902913 210.614243 0 1
105.404572 1.129015 210.403656 0 1
104.203499 4.957005 211.166504 0 1
110.566864 -6.572647 213.447113 0 1
103.389107 5.279245 211.476028 0 1
110.305527 -7.439203 213.979019 0 1
109.106979 -10.933963 217.578506 0 1
111.442764 -3.638214 212.420120 0 1
113.234329 0.155528 212.936295 0 1
112.238708 -5.633055 213.517838 1 0
111.169342 3.251511 212.083771 0 1
113.138596 -1.055401 212.903549 0 1
98.227211 -6.086618 213.991013 0 1
111.038429 -6.607807 213.715179 0 1
106.369911 -11.488679 217.365280 0 1
111.273819 -9.598709 217.152008 0 1
112.413712 -5.167944 213.552002 1 0
113.549072 0.435138 213.250381 0 1
110.227295 0.042850 211.196808 0 1
101.044540 -10.449813 216.676666 0 1
109.565338 -10.829632 217.708908 0 1
109.932968 -5.813092 212.987946 0 1
102.948441 -11.424243 217.288467 0 1
110.506424 -8.278533 214.975906 0 1
114.376007 -2.677981 214.438354 0 1
97.623550 -2.295295 212.489426 0 1
99.150192 -5.140440 212.903412 0 1
103.841721 5.395526 211.526245 0 1
109.942184 -7.463742 213.791260 0 1
98.722305 -8.192352 215.235336 0 1
100.130669 0.759907 211.290314 0 1
100.959267 -0.442016 211.034485 0 1
110.619316 -5.941859 212.645920 0 1
111.839996 -8.740078 216.365860 0 1
98.079239 -3.351124 212.720123 0 1
110.817039 -3.113168 211.984528 0 1
109.867134 -9.958510 216.192520 0 1
97.970406 -7.449386 215.053329 0 1
112.150146 -5.543080 213.271210 1 0
110.946693 -7.611411 214.642136 0 1
110.211548 3.666942 211.722061 0 1
102.476494 3.774539 210.974960 0 1
111.895813 -0.072449 211.760818 0 1
110.166016 -5.290540 212.625671 1 0
103.662209 -10.610838 215.708282 0 1
111.048248 -5.514370 212.520111 0 1
110.251610 -5.836356 212.655334 0 1
98.544121 -5.856052 213.681137 0 1
113.875626 -1.311806 213.584106 0 1
100.108597 -2.831645 211.840210 0 1
110.199654 -6.308865 213.255814 1 0
108.930984 -6.058885 213.040985 0 1
97.581635 -2.126819 212.443680 0 1
108.128334 -11.146572 217.414505 0 1
98.032822 -3.360059 212.751450 0 1
112.070290 -5.280232 213.099380 0 1
97.975609 0.357067 212.252716 0 1
109.479973 -10.550422 216.935974 0 1
110.122276 -7.171743 213.679764 0 1
108.071037 -11.264463 217.667526 0 1
113.082443 -0.311251 212.811783 0 1
112.002037 -5.231685 213.039444 1 0
98.639580 -5.453341 213.396149 0 1
110.608078 -0.232471 211.363983 0 1
114.217628 -1.692643 213.945206 0 1
99.865852 -9.925200 216.656097 0 1
98.737358 -7.059541 214.206924 0 1
100.699455 -10.162561 216.510757 0 1
110.164406 -5.535343 212.509766 1 0
105.016403 -9.472161 214.585327 0 1
109.272675 -0.471380 210.964539 0 1
111.114098 -6.322801 213.332077 1 0
98.595001 1.971302 211.986099 0 1
96.477921 -4.006112 214.215622 0 1
103.557037 4.079386 210.976944 0 1
98.488976 -5.554533 213.537689 0 1
99.027100 -7.741481 214.548874 0 1
111.146980 -6.294496 213.328156 0 1
110.441780 -7.174563 213.832199 0 1
103.310509 -11.148911 216.525665 0 1
110.582314 -6.815272 213.653275 1 0
113.155418 0.536125 212.857147 0 1
111.309929 -3.471424 212.278732 0 1
110.957756 -9.542500 216.717041 0 1
110.971031 -6.506317 213.555191 1 0
103.154114 -10.914507 216.101410 0 1
108.656525 1.223664 210.748123 0 1
100.022041 -7.950255 214.348007 0 1
100.689720 1.576141 210.979492 0 1
110.835869 -6.879641 213.804413 0 1
112.854492 0.894052 212.580154 0 1
111.054123 -6.376504 213.371063 1 0
109.547874 4.255260 211.815231 0 1
111.177086 -3.489460 212.213669 0 1
110.666626 -6.222987 212.938385 1 0
103.925713 5.269387 211.350708 0 1
96.061615 -4.491790 214.816635 0 1
109.147079 -10.919607 217.573044 0 1
106.854408 -9.647320 214.808105 0 1
97.454552 -6.382888 214.753922 0 1
97.905540 -6.811406 214.626007 0 1
110.019562 -8.326220 214.647964 0 1
96.048401 -2.530872 214.153000 0 1
106.185043 -9.487819 214.536209 0 1
109.250732 -6.348211 213.192947 0 1
100.420082 -0.973370 211.219910 0 1
111.169220 -1.466727 211.760513 0 1
108.467285 -10.361516 216.029984 0 1
97.007553 -3.071667 213.342606 0 1
111.567780 -8.849754 216.264999 0 1
109.360313 -10.920979 217.779480 0 1
107.756081 -11.284894 217.511658 0 1
97.336632 1.196792 212.702133 0 1
104.071640 5.282450 211.354218 0 1
113.799393 -6.080343 215.689758 0 1
106.505165 -11.761582 217.832047 0 1
110.675102 -6.620282 213.560104 1 0
112.175873 -0.141892 211.964630 0 1
104.323807 -10.322737 215.401505 0 1
101.361336 -10.262094 216.282333 0 1
110.061874 -5.152173 212.728378 1 0
102.042595 -10.214929 215.852844 0 1
103.985405 5.148269 211.255142 0 1
107.253731 -11.529446 217.733063 0 1
96.158760 -1.517460 213.706741 0 1
106.514702 5.127383 211.491623 0 1
111.587517 -5.326821 212.908539 0 1
109.904045 -7.533563 213.827866 0 1
110.693764 1.626252 211.558975 0 1
104.702133 -11.440746 217.161911 0 1
110.121185 -5.862497 212.752014 1 0
107.987907 -10.917959 216.820648 0 1
99.179085 -9.026500 215.975494 0 1
107.875816 -9.882495 215.262024 0 1
103.595825 -8.807591 214.206329 0 1
98.171379 -6.131498 214.057434 0 1
109.582771 0.479801 210.994446 0 1
107.790100 -9.773786 215.129578 0 1
106.320572 -11.807456 218.097015 0 1
109.836708 -5.801650 213.004410 1 0
109.236275 -6.361317 213.202820 0 1
109.138191 -10.754376 217.176361 0 1
110.348747 -5.618642 212.491577 1 0
108.354889 0.237594 210.645248 0 1
108.647781 -11.159737 217.801437 0 1
97.589081 1.421127 212.498871 0 1
111.440369 -5.262045 212.749695 1 0
107.747658 -11.508351 218.102402 0 1
109.779793 -10.256081 216.601685 0 1
112.991882 -4.707069 213.835785 0 1
107.695450 -11.525529 218.098251 0 1
110.908272 -7.655014 214.659851 0 1
110.803322 -5.815566 212.575256 1 0
104.059196 2.082988 210.503967 0 1
112.444275 -8.083016 216.143036 0 1
112.627495 -4.692213 213.563873 0 1
106.199661 2.682448 210.472000 0 1
100.882500 2.055439 210.867844 0 1
106.450714 3.371955 210.621231 0 1
109.773270 4.237625 211.907837 0 1
106.760422 -9.510874 214.665695 0 1
111.233749 0.198564 211.544800 0 1
109.911507 -10.662372 217.555786 0 1
109.198654 -6.018711 213.044983 0 1
97.633263 -7.612144 215.583481 0 1
110.834831 -6.980268 213.904846 0 1
111.038696 -5.538257 212.521896 1 0
98.100777 -6.013579 214.070282 0 1
96.904915 -3.370950 213.565948 0 1
110.388901 -9.803466 216.510147 0 1
104.444511 -10.344175 215.427353 0 1
106.811378 -11.734933 217.939758 0 1
105.936363 -9.665209 214.687180 0 1
101.243599 1.294762 210.831635 0 1
110.506561 -6.683754 213.564178 1 0
100.074013 -8.407784 214.810089 0 1
113.202759 0.054915 212.914642 0 1
100.843292 3.123746 211.084457 0 1
100.756454 -10.403206 216.770721 0 1
112.770302 -5.376035 213.861176 0 1
103.285652 4.706642 211.157913 0 1
103.214218 4.924393 211.266510 0 1
111.161888 -5.450129 212.548492 1 0
98.284698 -6.381814 214.137894 0 1
112.807259 -0.679977 212.572678 0 1
97.541786 -1.457236 212.443253 0 1
109.746376 -5.484702 212.866104 0 1
101.126312 2.392902 210.770767 0 1
96.522614 -3.884347 214.121368 0 1
111.806313 -8.693757 216.287369 0 1
97.885216 1.402249 212.292557 0 1
110.203041 -5.610782 212.509048 0 1
98.860046 -1.782461 211.920181 0 1
101.152184 -8.399628 214.268555 0 1
97.238472 -6.167340 214.816040 0 1
99.053207 -0.045435 211.812073 0 1
112.890251 -0.828679 212.662979 0 1
102.177673 4.750486 211.445663 0 1
108.732864 -11.180601 217.953873 0 1
101.105278 4.274552 211.506897 0 1
106.512856 5.196232 211.544952 0 1
111.206993 -6.204958 213.087265 1 0
99.866646 -10.194411 216.972931 0 1
98.792107 -5.307029 213.226944 0 1
105.450783 -10.977724 216.497665 0 1
107.657043 1.124638 210.546280 0 1
104.894783 4.417625 210.985504 0 1
109.903175 -7.667737 213.935760 0 1
96.500450 -3.769899 214.100616 0 1
110.590614 -6.351663 213.075699 1 0
112.291855 0.307835 212.072571 0 1
98.540024 -5.489192 213.472839 0 1
111.002129 -6.954997 213.999420 0 1
98.440239 -7.539233 214.635010 0 1
111.497116 -2.358449 212.083542 0 1
104.031097 -11.705143 217.842667 0 1
110.170822 -10.429605 217.344177 0 1
97.860619 -7.187424 214.966904 0 1
110.851791 -5.991181 212.686905 0 1
112.254570 -5.295893 213.284927 1 0
103.432594 1.361090 210.482162 0 1
110.463036 0.969084 211.388306 0 1
110.008110 -5.645181 212.634415 0 1
106.245026 -11.791928 217.913696 0 1
113.070946 0.574622 212.774582 0 1
100.818405 3.177771 211.115677 0 1
110.911301 3.096034 211.871674 0 1
113.094978 1.099149 212.807617 0 1
103.768105 5.365052 211.494125 0 1
112.011719 1.754982 212.243439 0 1
97.237267 0.819615 212.758621 0 1
106.997604 -11.631495 217.787888 0 1
111.967781 -4.774820 213.172684 1 0
106.315994 -11.806987 218.104019 0 1
110.052101 -5.844489 212.775497 0 1
104.580795 4.564404 211.035507 0 1
112.535583 -7.782584 215.931793 0 1
109.099846 -10.730412 217.103470 0 1
111.808540 -1.898220 212.166092 0 1
109.977257 -5.989444 213.088821 1 0
110.399132 -6.634719 213.489243 0 1
110.728226 -4.942040 212.701340 1 0
112.318054 -5.831295 213.856979 1 0
99.205688 -8.309388 215.115585 0 1
99.189270 -2.704775 212.066544 0 1
96.109016 -1.799339 213.842941 0 1
109.977379 -5.317408 212.751694 1 0
111.068993 -4.556036 212.691238 0 1
101.019867 2.811981 210.911148 0 1
103.486656 5.298190 211.470047 0 1
112.272232 -5.403392 213.325256 1 0
103.828064 1.210389 210.424393 0 1
111.653969 2.652628 212.226807 0 1
112.444817 1.817400 212.536240 0 1
112.685974 -8.151602 216.441193 0 1
103.938454 -11.438400 217.209106 0 1
98.785606 -5.263623 213.210358 0 1
106.617752 5.053329 211.455353 0 1
109.477692 -10.688059 217.244034 0 1
110.685387 -6.504584 213.278870 0 1
99.487083 -9.651806 216.549377 0 1
113.336159 0.768413 213.032272 0 1
96.366486 -4.229254 214.410263 0 1
113.596642 -1.379637 213.338303 0 1
98.082756 -6.002593 214.082169 0 1
107.712532 -11.516762 218.056839 0 1
109.160439 -10.346601 216.265152 0 1
110.542809 -5.757066 212.530838 1 0
111.825912 -7.673748 215.335022 0 1
110.358253 -9.552581 216.085709 0 1
112.537018 -0.262701 212.305481 0 1
107.551872 3.402396 210.774124 0 1
112.021759 -6.909750 214.698608 0 1
110.215744 -6.037876 213.045685 1 0
105.746658 2.458957 210.451050 0 1
96.275894 -0.990663 213.527893 0 1
108.837120 -9.935657 215.516891 0 1
112.498337 -7.825049 215.936813 0 1
111.695107 -6.877728 214.424576 0 1
111.863304 -5.172468 212.947510 0 1
111.721146 1.941101 212.101257 0 1
112.555771 1.805240 212.605072 0 1
100.305275 -9.346133 215.789764 0 1
109.335091 -5.848984 212.988632 0 1
100.172089 -1.832608 211.524414 0 1
111.782753 -5.954549 213.664886 0 1
102.994484 -10.967865 216.304871 0 1
112.028412 -6.156555 213.947449 0 1
99.089828 -4.933434 212.849716 0 1
108.370834 -11.205969 217.716904 0 1
99.284065 -5.107114 212.811325 0 1
111.809479 -5.080696 212.922577 1 0
109.210350 -8.020988 214.026413 0 1
110.386765 -9.689487 216.325623 0 1
98.142090 -7.147161 214.629532 0 1
98.425644 -5.529439 213.591431 0 1
110.052261 -5.794362 212.695053 0 1
111.921394 -7.249418 214.972305 0 1
109.338837 -10.921722 217.723465 0 1
98.299408 -5.971589 213.883789 0 1
99.231003 -5.553706 213.106781 0 1
110.842133 -6.566332 213.509338 1 0
106.206276 -0.241197 210.765991 0 1
110.878967 -5.316905 212.472031 0 1
108.779602 -10.144632 215.752319 0 1
112.617790 -0.492243 212.387878 0 1
97.819099 -2.276171 212.386261 0 1
110.693550 -6.275170 212.993942 1 0
96.340385 -5.046915 214.887817 0 1
109.983665 -9.233711 215.479980 0 1
109.525665 -10.314976 216.456223 0 1
111.672005 -5.374691 212.922104 0 1
110.702179 -8.037506 214.884354 0 1
110.558960 -6.684026 213.585739 0 1
109.695877 -7.537955 213.778259 0 1
112.776596 -7.485017 215.867859 0 1
105.110397 -11.696609 217.746689 0 1
110.825882 -6.624798 213.592148 1 0
108.547432 -11.248536 218.074463 0 1
111.036964 -5.306845 212.515686 1 0
111.308807 -9.583645 217.167343 0 1
106.698982 5.016457 211.447632 0 1
110.704025 -5.526056 212.462769 1 0
112.518227 -7.591175 215.722473 0 1
110.237846 -8.197884 214.680664 0 1
110.607330 -6.103852 212.809738 1 0
109.033424 -6.086196 213.045685 0 1
98.298462 -7.108152 214.499420 0 1
114.181023 -1.419382 213.903992 0 1
111.941452 0.232066 211.820251 0 1
110.966675 -9.755266 217.085358 0 1
111.783173 -9.107860 216.901428 0 1
109.279144 -9.010602 214.868469 0 1
111.805313 -5.685697 213.106750 1 0
101.817101 -8.850685 214.422501 0 1
106.598267 3.534157 210.660400 0 1
112.269836 1.597701 212.362976 0 1
97.373795 -7.638811 215.903168 0 1
109.125267 -10.065757 215.721756 0 1
111.505348 1.376132 211.829880 0 1
110.486275 -9.320813 215.942200 0 1
109.796158 -5.546376 212.887939 1 0
107.640450 -11.157070 217.148697 0 1
108.579063 -10.199332 215.803482 0 1
101.900505 -8.673629 214.232285 0 1
107.060753 -11.684952 218.050949 0 1
109.918556 -5.935451 213.067505 0 1
108.361588 -11.287119 217.916168 0 1
108.222176 -10.706755 216.520615 0 1
104.976677 5.225046 211.356628 0 1
97.834404 -7.701515 215.449539 0 1
113.559532 0.404345 213.256378 0 1
110.731071 -6.097221 212.778580 1 0
97.912422 -7.718696 215.382874 0 1
106.627975 -11.618197 217.594269 0 1
112.282814 -4.775277 213.355652 0 1
113.862114 -5.134210 214.947723 0 1
113.146263 1.123332 212.896103 0 1
113.648926 -0.811836 213.365051 0 1
104.253601 -10.337998 215.420425 0 1
100.583344 -8.791087 215.016068 0 1
113.384460 0.633544 213.071869 0 1
104.181778 -10.546343 215.646057 0 1
105.228493 4.247680 210.934891 0 1
109.779633 -10.724192 217.571289 0 1
108.932358 -10.631255 216.747635 0 1
108.882050 -10.502786 216.421066 0 1
99.192749 -9.081594 216.035660 0 1
113.273178 -6.184298 215.111206 0 1
106.946571 3.271298 210.559570 0 1
96.042442 -4.607727 214.924393 0 1
114.153137 -1.990039 213.900452 0 1
99.338928 -5.092158 212.785080 0 1
103.640129 5.194649 211.320221 0 1
98.119225 -0.079332 212.191513 0 1
109.867912 -5.862888 213.032501 0 1
96.147537 -4.186807 214.619354 0 1
103.787781 1.538697 210.432556 0 1
98.807510 -3.888611 212.547943 0 1
110.227692 -5.630590 212.513245 1 0
111.078835 -5.621062 212.555649 0 1
97.718681 1.291818 212.390091 0 1
97.241379 1.043360 212.772110 0 1
110.345436 -7.247773 213.838608 0 1
110.957695 -6.459866 213.456345 1 0
113.951065 -5.798212 215.596039 0 1
100.948242 1.506923 210.877884 0 1
100.381851 3.978941 211.590775 0 1
110.870056 -6.609791 213.594543 1 0
109.674805 -1.038186 211.209778 0 1
106.296509 -11.611815 217.525543 0 1
112.261223 -5.362091 213.298508 1 0
107.852531 -9.783136 215.154709 0 1
111.019569 -5.234482 212.504791 0 1
108.963455 -6.223919 213.114258 0 1
104.158035 5.427290 211.522385 0 1
112.794975 -7.404443 215.814346 0 1
101.823311 2.299629 210.687286 0 1
110.013504 -10.605728 217.665237 0 1
109.757706 -10.556448 217.143387 0 1
108.079163 -10.815943 216.679993 0 1
97.801811 -2.240871 212.381180 0 1
107.480461 2.650803 210.582718 0 1
112.178352 -6.839604 214.739944 0 1
110.131599 -7.179306 213.687973 0 1
113.685974 0.013739 213.372406 0 1
110.669464 -6.506099 213.282578 1 0
111.805870 -4.664222 213.055817 1 0
100.541756 3.960041 211.515823 0 1
110.872826 -3.329076 212.061935 0 1
107.778130 -11.076723 217.050949 0 1
109.929993 -5.645566 212.837357 0 1
104.852524 4.489179 211.003494 0 1
106.257774 -11.629124 217.555099 0 1
100.463303 3.767242 211.472153 0 1
113.314636 -4.094571 213.894760 0 1
97.759117 -2.365343 212.445877 0 1
112.667793 0.528615 212.396637 0 1
103.630852 5.200982 211.327805 0 1
100.476860 -0.549581 211.152817 0 1
97.884178 1.669886 212.296555 0 1
97.779053 0.959214 212.353806 0 1
107.019394 3.297991 210.574799 0 1
106.806114 -11.742276 217.981689 0 1
101.999374 -8.697474 214.233582 0 1
102.931625 -10.866865 216.155655 0 1
110.913887 -6.355746 213.110962 1 0
110.755569 -6.319891 213.033569 1 0
110.076653 -5.581079 212.546204 1 0
101.238686 4.263163 211.467529 0 1
109.271477 -6.429329 213.239746 0 1
108.223274 -11.243818 217.709412 0 1
110.174370 -10.504049 217.563339 0 1
97.687477 -6.612314 214.691055 0 1
100.649384 -8.756193 214.941345 0 1
113.341957 0.679141 213.027573 0 1
112.484825 -0.239193 212.253616 0 1
112.240486 -8.657696 216.644180 0 1
97.744682 -2.131653 212.369446 0 1
113.501190 0.583152 213.215942 0 1
114.175354 -5.119052 215.323013 0 1
110.394402 -10.154993 217.135406 0 1
110.847824 -9.149713 216.038513 0 1
113.246536 -1.128362 213.008133 0 1
96.410553 -0.963307 213.399094 0 1
110.917717 3.086705 211.874374 0 1
96.094025 -4.705060 214.888336 0 1
98.837273 -6.691172 213.946335 0 1
98.290649 -7.406216 214.665314 0 1
108.813766 0.428423 210.706772 0 1
109.078743 -10.050883 215.689362 0 1
108.798134 -11.153201 217.915680 0 1
110.599037 -8.370888 215.128342 0 1
104.358475 -10.272606 215.352234 0 1
112.038765 0.302302 211.896973 0 1
113.279884 0.664089 212.967377 0 1
110.653862 -5.052836 212.629074 0 1
101.395584 -9.462319 215.349442 0 1
98.741806 -7.740497 214.661011 0 1
113.433174 -4.406492 214.112762 0 1
110.066254 -5.765097 212.653122 1 0
100.996460 2.243483 210.816010 0 1
109.802025 -9.544409 215.639511 0 1
107.200668 -11.404375 217.429398 0 1
110.315788 -5.800113 212.608307 1 0
113.147865 0.976317 212.836777 0 1
112.567558 -4.670063 213.511276 0 1
108.843643 3.492446 211.252502 0 1
108.878273 -6.236017 213.116287 0 1
111.758423 -0.535391 211.792374 0 1
108.459419 4.596160 211.696289 0 1
111.875977 -6.357450 214.043488 0 1
96.432999 -4.095200 214.293884 0 1
98.605919 -7.519088 214.527710 0 1
110.604767 -5.396936 212.431854 1 0
101.491936 2.276191 210.714340 0 1
109.060585 -8.534721 214.414062 0 1
110.034706 -5.191718 212.733383 0 1
109.791489 -9.676072 215.756042 0 1
112.709221 1.676610 212.675476 0 1
112.164421 -0.204242 211.960114 0 1
113.063202 1.257932 212.865448 0 1
107.625702 1.037069 210.539825 0 1
99.169617 -8.932593 215.876175 0 1
104.109596 -11.630769 217.667664 0 1
111.798241 -5.494329 212.993301 1 0
99.617195 3.460845 211.841949 0 1
111.036057 -5.113729 212.519592 1 0
100.200996 -6.360042 213.302338 0 1
111.409126 -5.447519 212.725906 1 0
96.316826 -3.780737 214.295532 0 1
113.238617 -0.181442 212.953766 0 1
112.745461 1.615746 212.680908 0 1
110.471985 -7.272876 213.937515 0 1
107.856468 -11.203645 217.394226 0 1
109.910088 -5.282075 212.776520 1 0
103.361534 5.169549 211.366913 0 1
101.320862 -10.788301 217.124084 0 1
114.315041 -2.754318 214.381073 0 1
98.526001 -5.715899 213.599823 0 1
112.753494 -8.116589 216.493576 0 1
109.420868 -1.270104 211.212936 0 1
99.222191 -5.098564 212.833221 0 1
110.290764 -5.925154 212.749603 1 0
96.164932 -5.081670 215.125504 0 1
108.361885 -11.089378 217.444305 0 1
110.433380 -0.141505 211.292831 0 1
107.288673 -10.943970 216.730148 0 1
111.846367 1.415170 212.049713 0 1
108.290649 -11.200396 217.668137 0 1
110.903221 3.101624 211.867599 0 1
113.136497 0.549272 212.838882 0 1
98.740623 -5.438285 213.332275 0 1
103.002190 -11.632638 217.719025 0 1
110.178337 -5.986931 212.960464 1 0
112.943184 -5.632799 214.145599 0 1
109.297264 -5.725852 212.932831 0 1
98.180466 -7.291823 214.688232 0 1
98.131531 -7.200586 214.671158 0 1
108.268143 -10.643250 216.422607 0 1
113.898758 -0.846247 213.610657 0 1
111.333084 -4.796257 212.750076 1 0
107.288811 4.646658 211.312424 0 1
113.410713 -0.901415 213.134506 0 1
107.972679 3.290695 210.895584 0 1
108.440750 -9.948589 215.449448 0 1
112.705353 -7.468189 215.775620 0 1
109.335808 -5.778210 212.959747 0 1
107.442909 -11.377496 217.519867 0 1
101.490967 3.388016 211.025772 0 1
99.201942 -0.054768 211.748581 0 1
110.650108 -3.050433 211.937195 0 1
99.312111 -5.366229 212.960617 0 1
102.564209 3.961465 211.023849 0 1
111.929939 -5.767908 213.420288 1 0
105.431831 -2.683983 211.595428 0 1
100.520203 -0.239625 211.126862 0 1
110.440804 -5.732324 212.529572 1 0
97.794861 -2.259514 212.390656 0 1
113.712143 -2.285753 213.646683 0 1
96.408150 -1.000988 213.399384 0 1
108.955498 -6.029872 213.026840 0 1
108.878716 3.460887 211.248123 0 1
96.683029 -0.167996 213.182266 0 1
103.970589 -10.705518 215.829666 0 1
104.658241 1.818863 210.387344 0 1
114.226456 -1.572574 213.955292 0 1
110.764381 -7.065754 213.943512 0 1
101.044830 1.824805 210.827789 0 1
111.887405 -5.471725 213.020752 1 0
99.912041 -9.947909 216.657501 0 1
109.407951 4.435249 211.904373 0 1
109.760948 -8.763931 214.882553 0 1
104.320580 5.429595 211.513870 0 1
110.375191 -7.264702 213.870712 0 1
108.911369 -6.179567 213.094254 0 1
111.312996 2.586529 211.993835 0 1
101.710678 -11.034859 217.364807 0 1
108.924477 -11.093350 217.827576 0 1
112.412193 -8.167439 216.203964 0 1
109.219078 -0.248840 210.913864 0 1
101.487000 -8.523373 214.229797 0 1
98.410912 -7.755714 214.895523 0 1
106.611168 -11.769156 217.902664 0 1
98.298248 -5.963876 213.880264 0 1
110.857376 -5.183364 212.483795 1 0
107.893211 1.587108 210.570282 0 1
109.114075 -10.089091 215.744492 0 1
110.915886 -5.060373 212.536362 0 1
113.152580 0.994759 212.844452 0 1
98.248177 1.808934 212.131836 0 1
104.612114 1.196710 210.370834 0 1
110.870758 -5.915368 212.638031 1 0
106.392899 -9.506783 214.582565 0 1
97.031853 -6.534042 215.354553 0 1
106.748100 5.098698 211.514404 0 1
107.750450 2.231681 210.604813 0 1
112.906578 -6.929263 215.456161 0 1
103.025826 -11.588670 217.618027 0 1
110.255844 -8.707067 215.186661 0 1
103.459770 5.234968 211.402145 0 1
111.734901 1.987567 212.121277 0 1
112.958961 -7.831970 216.468811 0 1
112.074860 -1.633366 212.280014 0 1
101.868477 -10.690895 216.543655 0 1
109.227913 -7.333537 213.641846 0 1
106.072525 4.352967 211.046692 0 1
109.744995 1.400574 211.192856 0 1
110.117760 -7.179314 213.681839 0 1
111.674736 -7.370327 214.923676 0 1
106.445709 3.072994 210.532822 0 1
96.585373 -3.759594 214.018494 0 1
96.137238 -4.999259 215.088791 0 1
102.630524 -10.671276 216.063995 0 1
109.909637 -5.916704 213.059219 1 0
106.003365 1.758688 210.419724 0 1
108.029427 4.716761 211.611877 0 1
111.053825 -8.985977 216.024902 0 1
99.151550 -5.127005 212.892197 0 1
110.487625 -10.207967 217.324951 0 1
97.820152 -7.354457 215.147507 0 1
111.940636 -8.421147 216.114548 0 1
112.042618 -5.605864 213.197983 1 0
101.684303 -11.048306 217.413467 0 1
98.799141 -8.266723 215.274933 0 1
108.111153 1.218195 210.587601 0 1
111.906059 -5.778883 213.543106 0 1
109.025360 -10.741876 217.081619 0 1
109.163811 -6.423808 213.236877 0 1
109.821938 -10.515621 217.114532 0 1
111.729225 -5.374207 212.929642 1 0
112.395813 -8.167863 216.195297 0 1
103.369614 5.267685 211.466995 0 1
97.678032 -7.547126 215.469696 0 1
108.988373 -6.072956 213.041321 0 1
110.764267 -6.932875 213.810471 0 1
97.086967 -5.048787 214.302765 0 1
110.944382 -4.991681 212.580917 0 1
113.389702 -1.367866 213.166779 0 1
96.348763 -4.237462 214.427658 0 1
110.704849 -6.401553 213.115494 0 1
110.319550 -6.503928 213.381485 1 0
112.720657 -6.096219 214.381973 0 1
110.749481 -9.719955 216.781937 0 1
106.681000 -9.239135 214.437027 0 1
111.960968 -6.057615 213.844177 0 1
109.928078 -5.683339 212.869781 0 1
109.519562 -10.316038 216.452972 0 1
108.867859 -6.033566 213.041931 0 1
98.608749 -7.358828 214.434418 0 1
111.383018 -6.138059 213.545929 0 1
109.402130 -5.741067 212.949936 1 0
114.238190 -2.666305 214.245209 0 1
102.592804 -9.891651 215.202805 0 1
108.245056 -11.348808 218.113907 0 1
101.298943 1.288350 210.821671 0 1
97.533844 -7.873525 215.990997 0 1
102.978546 -10.352777 215.551910 0 1
103.866356 5.130838 211.245377 0 1
96.033577 -4.336633 214.797882 0 1
102.685822 -10.110003 215.398026 0 1
111.674652 -4.719176 213.004425 0 1
110.600807 -6.318758 213.042984 1 0
111.065521 3.125796 211.972961 0 1
100.694992 2.112304 210.955002 0 1
113.285210 -4.043108 213.855515 0 1
98.859833 -6.659114 213.917145 0 1
105.917503 -9.627296 214.644333 0 1
110.094940 -5.849836 212.748093 1 0
112.284538 -5.715034 213.731598 1 0
112.015839 -5.729311 213.391113 1 0
113.272514 -0.079235 212.985855 0 1
101.655975 -8.467696 214.130112 0 1
104.416496 -10.262914 215.345123 0 1
111.553284 -4.616154 212.922043 1 0
101.053925 -10.345778 216.542572 0 1
98.466408 -5.794901 213.673264 0 1
96.791100 0.026119 213.106415 0 1
107.841316 1.200238 210.557541 0 1
107.338943 -11.401314 217.507385 0 1
110.707352 -4.841025 212.696289 1 0
101.299881 2.096353 210.751358 0 1
111.930138 -5.943051 213.757019 1 0
110.505608 -2.681667 211.798965 0 1
97.542343 -2.111651 212.469666 0 1
100.427124 -0.194255 211.164749 0 1
109.808731 -10.429820 216.933258 0 1
108.013336 -8.983223 214.519440 0 1
99.143845 -7.055694 214.056793 0 1
112.849289 0.879021 212.573044 0 1
111.992096 -6.390588 214.140198 0 1
98.448685 -8.703793 216.241455 0 1
111.931343 -6.215913 213.944962 0 1
96.523300 -3.891184 214.123611 0 1
110.211952 -10.466525 217.488373 0 1
101.398270 2.775243 210.802307 0 1
96.734779 -0.485979 213.129898 0 1
98.930641 -4.243055 212.619888 0 1
112.786736 -6.864477 215.248993 0 1
96.903656 -5.588045 214.722443 0 1
99.487572 -9.665648 216.565430 0 1
103.319557 4.435168 211.071472 0 1
108.948730 -10.975334 217.551285 0 1
107.649017 1.110823 210.544937 0 1
109.294075 -0.330799 210.950058 0 1
98.402016 -6.036450 213.871552 0 1
111.260719 2.489214 211.941498 0 1
100.603104 3.644490 211.371353 0 1
111.773811 1.919298 212.129730 0 1
109.989281 -8.351853 214.651276 0 1
96.022423 -4.137076 214.736328 0 1
112.340370 -5.637783 213.655762 1 0
106.593369 1.118623 210.465057 0 1
113.073624 -5.461573 214.182404 0 1
100.782974 4.149459 211.533310 0 1
113.770813 -4.825104 214.692596 0 1
110.270561 -5.398045 212.460220 0 1
108.744904 -8.513104 214.312042 0 1
109.591270 -10.464388 216.809845 0 1
108.174492 -9.699550 215.162704 0 1
99.240646 -8.342488 215.136414 0 1
98.509850 -7.616458 214.651245 0 1
98.506676 -5.912423 213.736404 0 1
110.523079 -6.166034 212.921005 1 0
104.513672 1.449260 210.356277 0 1
111.611382 -4.697498 212.963135 1 0
113.465286 0.591361 213.163681 0 1
110.794319 -6.419457 213.150345 1 0
113.055740 -6.091799 214.752045 0 1
98.785881 2.900112 212.133286 0 1
111.640053 -4.562879 212.934937 1 0
112.096306 -6.876050 214.717926 0 1
110.624573 -9.193519 215.910446 0 1
98.616821 -3.634830 212.532684 0 1
105.406837 1.120473 210.404892 0 1
110.795547 -6.891974 213.786316 0 1
109.662567 -10.786307 217.736404 0 1
111.216408 -1.479349 211.780441 0 1
114.276268 -1.907641 214.020477 0 1
110.666809 -5.106231 212.552139 0 1
114.251961 -4.244650 215.001358 0 1
109.022415 -10.318836 216.101547 0 1
103.647934 -7.430308 213.605240 0 1
100.519157 -8.259035 214.414017 0 1
111.308754 -2.264939 211.964432 0 1
97.687447 -6.613152 214.691498 0 1
114.268738 -1.559798 214.021530 0 1
114.231453 -1.490836 213.962341 0 1
110.312119 -9.885751 216.553116 0 1
109.852753 -8.151098 214.356277 0 1
103.946442 5.248161 211.326523 0 1
102.260582 -6.280900 213.157959 0 1
99.473579 -9.209633 216.037933 0 1
108.666893 4.551372 211.717453 0 1
114.099762 -5.254328 215.283661 0 1
112.445099 -5.101512 213.566544 0 1
112.314911 -8.103430 216.076096 0 1
102.089760 -10.702685 216.419479 0 1
113.270706 -1.209400 213.039932 0 1
110.777237 -5.094912 212.531204 1 0
109.642250 -10.342597 216.620392 0 1
98.664879 -5.324333 213.309952 0 1
108.194359 -11.368357 218.090500 0 1
103.429832 0.749133 210.529419 0 1
113.265137 -6.670782 215.628525 0 1
111.740227 -5.334371 212.922775 0 1
100.116364 -10.358889 217.088486 0 1
108.804787 -6.100652 213.072189 0 1
111.862556 -8.433017 216.077515 0 1
110.206490 3.673118 211.723083 0 1
97.534355 1.281331 212.532211 0 1
98.096184 -6.243373 214.190582 0 1
112.395752 0.405567 212.162537 0 1
99.655289 -1.238639 211.548203 0 1
111.777351 -4.902496 212.992462 0 1
98.005997 1.842144 212.257217 0 1
100.868866 2.660971 210.932999 0 1
110.924103 -6.742517 213.758545 0 1
112.220970 -6.190816 214.111725 0 1
104.383263 1.201681 210.365356 0 1
100.524040 2.260865 211.037674 0 1
98.731468 -5.213581 213.223175 0 1
107.341187 2.465540 210.538193 0 1
109.711304 4.313315 211.946701 0 1
114.185387 -1.962846 213.925003 0 1
98.603577 -5.381261 213.379532 0 1
110.013359 3.939033 211.798065 0 1
111.580109 -5.196625 212.889389 1 0
110.276634 -8.577841 215.070984 0 1
99.112808 -7.074502 214.080658 0 1
105.089050 -11.540650 217.382278 0 1
98.535721 -4.996143 213.254501 0 1
111.764099 -5.888483 213.587051 1 0
113.094147 -0.273389 212.819870 0 1
98.880402 -4.155601 212.612427 0 1
110.659645 -6.333632 213.049835 1 0
108.335564 -11.183197 217.658234 0 1
101.249062 -8.172770 214.061432 0 1
111.628357 -5.813597 213.150848 1 0
109.088943 -10.625342 216.845001 0 1
110.462044 -7.105087 213.787262 0 1
96.757538 0.106727 213.140305 0 1
107.172913 2.618513 210.521835 0 1
108.006393 3.193029 210.878708 0 1
97.924202 -7.747766 215.404236 0 1
113.247810 -6.695533 215.632599 0 1
96.706123 -1.585054 213.138596 0 1
113.774498 -1.253309 213.499557 0 1
112.620483 -8.225641 216.438263 0 1
111.058723 -8.918613 215.968460 0 1
101.969452 4.628804 211.446793 0 1
109.994667 -6.049339 213.122223 1 0
108.885849 -6.104605 213.059113 0 1
106.394402 -11.577036 217.487564 0 1
100.421791 -10.037825 216.516235 0 1
105.111221 5.273457 211.400757 0 1
107.558205 0.986412 210.535995 0 1
112.844612 1.457347 212.707123 0 1
111.093765 -4.716745 212.759354 0 1
108.350372 -11.062377 217.378952 0 1
101.539993 3.291292 210.971451 0 1
109.148247 -0.548146 210.961670 0 1
113.699203 -1.621955 213.456039 0 1
98.255066 -6.205197 214.063568 0 1
106.941025 -9.790562 214.990601 0 1
101.580765 3.293764 210.961121 0 1
104.311028 -11.295873 216.839615 0 1
102.767090 5.044302 211.439682 0 1
109.332642 4.097857 211.659485 0 1
109.236763 -10.975266 217.830551 0 1
98.873970 -7.840097 214.717407 0 1
112.598358 0.680004 212.355652 0 1
111.040306 -9.022941 216.048935 0 1
96.931290 -1.661633 212.937897 0 1
107.016228 3.263539 210.565765 0 1
96.304344 -0.914456 213.504013 0 1
113.552620 0.340374 213.235809 0 1
112.449608 -5.431644 213.604080 0 1
99.295517 -4.686883 212.629364 0 1
103.813263 5.109557 211.234619 0 1
113.168419 0.617079 212.861023 0 1
97.149811 -2.733746 213.070572 0 1
111.081398 -3.342093 212.117828 0 1
110.934807 -6.560679 213.581787 1 0
101.526215 -8.525230 214.215988 0 1
111.904617 -7.116028 214.820312 0 1
103.411514 4.762335 211.154388 0 1
113.036911 -6.202283 214.841766 0 1
103.043365 -11.004810 216.346115 0 1
104.158165 5.329536 211.398941 0 1
110.437004 -10.284025 217.417542 0 1
96.087219 -1.906691 213.901108 0 1
110.217827 -9.105300 215.522568 0 1
101.876404 1.869810 210.688492 0 1
109.991951 -5.857800 212.971283 1 0
110.662720 -6.670527 213.600510 1 0
107.351112 -10.718333 216.414536 0 1
105.218773 4.364545 210.980011 0 1
110.535217 -9.353578 216.009033 0 1
114.175423 -2.057509 213.925629 0 1
110.524948 -9.845652 216.748093 0 1
109.086250 -8.797876 214.643341 0 1
106.167625 -9.059167 214.315216 0 1
108.922226 -10.830197 217.208939 0 1
97.186638 -2.590854 212.975876 0 1
109.082199 4.403389 211.742905 0 1
106.172882 2.620134 210.463898 0 1
113.189835 -5.445381 214.310471 0 1
102.793297 -10.363918 215.626343 0 1
112.741821 1.648733 212.691299 0 1
97.649879 -7.056273 215.090302 0 1
97.958260 1.833156 212.279739 0 1
112.956390 -4.319626 213.703308 0 1
114.138481 -5.170502 215.290863 0 1
100.655075 3.647121 211.352692 0 1
112.534203 -6.531823 214.675873 0 1
106.821426 -11.390728 217.298370 0 1
110.137230 -6.534355 213.360703 1 0
107.848526 4.756220 211.572311 0 1
111.805023 -9.091475 216.898773 0 1
102.760590 4.247431 211.092178 0 1
109.066116 -10.100829 215.741058 0 1
113.825043 -0.216245 213.518600 0 1
97.627647 -6.298510 214.561539 0 1
109.251930 -6.027199 213.046906 0 1
98.500778 2.703257 212.245789 0 1
111.145447 -5.738091 212.639709 1 0
106.865532 -11.575337 217.601822 0 1
96.818481 -5.593404 214.806641 0 1
111.585938 -4.647381 212.945648 0 1
113.448387 -4.360794 214.113922 0 1
113.332092 -0.995944 213.074142 0 1
111.870781 -6.760584 214.432236 0 1
104.723114 -11.748422 217.917755 0 1
110.989258 -8.434013 215.480576 0 1
111.280571 2.958873 212.059692 0 1
110.218040 -5.285233 212.581009 1 0
108.397957 -9.562954 215.098923 0 1
104.990181 -10.046099 215.103745 0 1
111.171791 3.126999 212.037582 0 1
110.904716 -4.986231 212.599686 1 0
101.953941 -10.615975 216.377472 0 1
103.952797 5.239031 211.317734 0 1
101.813782 2.338873 210.691788 0 1
108.289131 -10.805819 216.745895 0 1
97.637146 -1.173821 212.388748 0 1
112.764687 1.453480 212.644684 0 1
108.818626 -10.316435 216.015472 0 1
96.725746 -2.286108 213.351456 0 1
103.846634 5.230840 211.322083 0 1
112.367233 -7.258067 215.295197 0 1
96.193062 -5.234407 215.221588 0 1
97.073242 0.717222 212.897751 0 1
111.032913 -9.289666 216.375885 0 1
99.245766 -8.999833 215.902405 0 1
112.892197 -4.945804 213.812805 0 1
112.797920 0.768083 212.520035 0 1
109.572144 -10.009832 215.955124 0 1
111.024063 -5.683978 212.564133 1 0
111.998062 -6.180863 213.946762 0 1
112.617210 -7.605963 215.827042 0 1
110.852524 -8.229954 215.193909 0 1
106.122620 -10.746550 216.275391 0 1
96.310143 -4.563323 214.605881 0 1
111.548592 -5.173688 212.882904 1 0
96.714821 -0.270702 213.150635 0 1
106.400291 -9.402622 214.501602 0 1
109.726318 -10.453328 216.901642 0 1
112.367737 -5.383635 213.434982 0 1
104.030899 5.335292 211.415329 0 1
106.506058 -9.380555 214.503616 0 1
106.212708 -11.572936 217.464523 0 1
109.754578 1.454141 211.199524 0 1
108.336311 -11.320459 218.021957 0 1
113.448311 0.432524 213.129471 0 1
103.820854 -11.693275 217.838135 0 1
113.990585 -0.742379 213.691406 0 1
109.452469 -10.883274 217.768021 0 1
109.342300 4.334905 211.789505 0 1
103.106369 -10.925745 216.144135 0 1
110.985809 -6.019097 212.745880 0 1
98.140381 1.858148 212.198395 0 1
111.066521 -3.530872 212.182404 0 1
110.678787 -6.590851 213.511261 0 1
108.992676 -11.065544 217.805786 0 1
99.788208 -8.929494 215.569519 0 1
112.244354 -5.049477 213.384506 1 0
111.950226 0.057967 211.793320 0 1
110.402626 -5.258655 212.500275 1 0
112.519272 -0.346693 212.291580 0 1
109.981743 -5.181596 212.743317 1 0
110.772026 3.027239 211.785751 0 1
112.418060 -5.235137 213.540756 1 0
104.195320 -10.482378 215.570602 0 1
102.322937 3.718016 210.979218 0 1
113.660080 -0.013040 213.347748 0 1
113.243332 1.009780 212.996643 0 1
105.536949 -9.663554 214.699432 0 1
97.862099 1.653853 212.306091 0 1
103.418869 0.161718 210.693405 0 1
107.842270 0.453814 210.581573 0 1
109.726547 -5.302745 212.791199 1 0
107.889389 1.569605 210.567902 0 1
110.133392 -5.326441 212.621613 0 1
109.263168 -10.025958 215.730270 0 1
106.720230 -11.605913 217.604279 0 1
109.263107 -9.033630 214.884918 0 1
98.067558 -1.413886 212.185455 0 1
101.164139 -10.621126 216.893875 0 1
109.737671 -9.540873 215.591492 0 1
108.398888 -9.912456 215.408646 0 1
109.027931 4.500690 211.793884 0 1
111.441368 -4.621307 212.871567 0 1
108.402733 -9.932184 215.429413 0 1
106.810768 -10.003701 215.277267 0 1
106.115601 3.678972 210.737015 0 1
96.448151 -4.705314 214.589752 0 1
101.117584 -10.895082 217.497452 0 1
109.609528 -10.791736 217.589523 0 1
101.599068 -8.383696 214.092529 0 1
107.015160 -9.769007 214.976471 0 1
111.298798 -6.970175 214.237061 0 1
110.298210 0.060046 211.221191 0 1
111.858017 -5.685080 213.136307 0 1
111.088142 -7.979617 215.122437 0 1
104.333176 -10.486139 215.590805 0 1
111.558914 -5.131876 212.879944 1 0
110.815399 -6.546792 213.448303 0 1
109.349838 -9.133581 214.995987 0 1
111.065353 -9.640491 217.005020 0 1
97.634239 -6.298264 214.557495 0 1
111.310432 2.944336 212.079391 0 1
110.879005 -5.999249 212.698364 1 0
110.718719 -3.132650 211.973419 0 1
99.588150 -9.431388 216.232437 0 1
99.017319 -5.209699 213.034378 0 1
112.461914 -5.819219 213.934998 0 1
107.195976 -11.648228 218.027405 0 1
110.985092 -6.330668 213.111130 0 1
111.058952 -6.463665 213.605194 1 0
112.341103 -8.108737 216.101654 0 1
104.891563 4.429385 210.988403 0 1
112.017960 -5.777084 213.642914 0 1
111.962463 -6.137902 213.895294 0 1
108.448654 -11.281258 217.974518 0 1
98.698128 -7.147130 214.273254 0 1
110.318390 -10.348645 217.368607 0 1
100.313614 -1.315014 211.336594 0 1
111.444580 -5.812677 212.947067 1 0
112.407753 -5.357679 213.497757 1 0
111.554092 -8.390207 215.823471 0 1
111.973061 -6.080563 213.862549 0 1
106.849083 2.746235 210.503098 0 1
96.122131 -4.893602 215.012817 0 1
109.322517 3.569553 211.420135 0 1
109.099800 -10.552014 216.683701 0 1
112.271347 -5.253322 213.318527 0 1
109.326515 -10.935700 217.798233 0 1
110.365067 3.595294 211.744507 0 1
110.035637 -5.875305 212.887283 1 0
113.952583 -0.719270 213.647919 0 1
109.125916 -6.418449 213.233383 0 1
109.318962 -9.703510 215.466537 0 1
110.826859 3.006274 211.808380 0 1
109.880463 -1.777897 211.433517 0 1
96.705635 -4.035747 214.051956 0 1
111.685417 -5.792992 213.156311 0 1
96.030441 -4.092745 214.705704 0 1
107.456474 -10.929248 216.730331 0 1
111.270325 -5.933429 212.849365 1 0
110.030167 -5.644885 212.600571 0 1
101.815750 -9.532712 215.192047 0 1
114.176842 -5.091870 215.308792 0 1
101.016113 2.183278 210.811600 0 1
104.425217 -9.734964 214.854919 0 1
107.530090 -11.561229 218.024612 0 1
110.645668 -5.126483 212.540314 0 1
113.597923 0.297355 213.285385 0 1
110.602806 -7.728121 214.498169 0 1
107.217911 4.029317 210.976089 0 1
106.021530 -11.782900 217.938309 0 1
98.124252 -6.113639 214.092987 0 1
99.009529 -8.265476 215.161163 0 1
109.189468 -6.448800 213.247849 0 1
108.246910 -10.403793 216.062759 0 1
110.313110 -9.904299 216.587753 0 1
108.636459 -10.783206 216.909485 0 1
96.752747 0.187338 213.139908 0 1
109.681122 -7.156544 213.588913 0 1
111.132690 -3.443798 212.177689 0 1
109.655479 -8.826674 214.867264 0 1
111.782913 -1.862229 212.138702 0 1
100.969559 2.780522 210.917053 0 1
111.699257 -7.175226 214.746597 0 1
110.541382 -6.672048 213.570877 0 1
101.321785 2.721912 210.797165 0 1
112.639450 0.572294 212.376877 0 1
110.135506 -10.529769 217.539917 0 1
96.810989 -1.663821 213.050079 0 1
111.461533 -4.728754 212.887573 1 0
110.012566 -7.335767 213.736710 0 1
96.512955 -5.228907 214.841965 0 1
106.813736 -11.678374 217.783401 0 1
112.040756 0.267337 211.888718 0 1
113.301910 0.878499 213.020905 0 1
97.650917 -2.226637 212.443695 0 1
113.555832 0.294982 213.238647 0 1
100.934616 1.581753 210.874741 0 1
96.752892 -0.343085 213.118118 0 1
109.743576 -9.908111 215.987885 0 1
111.289452 -5.345696 212.595367 1 0
98.259834 2.394358 212.281723 0 1
98.191925 -6.220570 214.109329 0 1
102.236992 3.500342 210.922287 0 1
113.034554 -6.214668 214.850571 0 1
111.199402 -5.356202 212.556244 1 0
98.249580 1.395656 212.120392 0 1
111.651413 2.709206 212.244110 0 1
105.159805 5.240198 211.381927 0 1
112.360916 -5.174758 213.490784 1 0
111.997147 -5.949854 213.786591 0 1
111.675964 -5.814904 213.182770 1 0
96.515480 -3.948585 214.156509 0 1
97.865936 -6.486408 214.490616 0 1
108.097305 -11.157793 217.426147 0 1
107.437752 -11.373118 217.503723 0 1
97.927544 -6.520367 214.458679 0 1
98.454597 -5.771392 213.662354 0 1
110.172562 -5.548388 212.506622 0 1
96.269707 -0.895241 213.564590 0 1
99.872665 -8.721299 215.289200 0 1
113.157646 0.323878 212.861862 0 1
108.422638 -10.256258 215.864349 0 1
103.914658 -10.481112 215.574234 0 1
111.672043 -4.734670 213.001160 1 0
98.793869 1.818059 211.865021 0 1
106.743317 -10.316146 215.741577 0 1
99.780907 -3.742738 212.199768 0 1
102.566048 -10.827777 216.322876 0 1
103.209686 -11.162378 216.587540 0 1
112.533646 -6.279703 214.420654 0 1
98.710388 -1.515737 211.925064 0 1
111.285858 -4.750703 212.752945 0 1
111.531143 2.673062 212.153915 0 1
112.874306 -5.034352 213.829514 0 1
102.201324 -10.711215 216.361099 0 1
104.671974 1.815732 210.386383 0 1
110.973305 -5.355371 212.502396 1 0
112.311768 -5.088557 213.456375 0 1
96.746994 -5.419767 214.749542 0 1
99.041344 -6.425080 213.703827 0 1
111.831276 2.571031 212.323135 0 1
109.057922 -5.958137 213.015656 0 1
110.364098 -9.160415 215.695328 0 1
111.379875 -6.619030 213.949173 0 1
112.520546 -8.336816 216.455338 0 1
112.065475 -5.214945 213.099686 0 1
105.668594 -11.611940 217.519577 0 1
107.356644 -10.959035 216.763474 0 1
110.871254 -9.842470 217.122681 0 1
111.454826 -8.935851 216.276581 0 1
97.619911 -1.924731 212.388123 0 1
110.318443 -6.897446 213.604828 1 0
99.441696 -9.670086 216.607986 0 1
98.107773 1.794446 212.200851 0 1
97.369171 -5.810466 214.499527 0 1
103.853867 4.999544 211.177155 0 1
102.823036 -11.504465 217.547775 0 1
101.755180 -8.752961 214.345505 0 1
110.028831 -10.596453 217.540787 0 1
111.306824 -4.925304 212.647095 1 0
111.741348 -5.930587 213.617752 0 1
109.285065 3.561843 211.404846 0 1
104.309639 4.922814 211.156281 0 1
98.507172 -7.722205 214.759811 0 1
111.197067 -5.334319 212.550003 1 0
98.541748 -5.455431 213.458771 0 1
111.071449 -4.590652 212.706055 0 1
105.565445 3.868160 210.817429 0 1
102.903008 -11.374403 217.223114 0 1
106.696922 -11.520170 217.466599 0 1
110.007263 -5.905477 213.022079 0 1
101.089783 2.536919 210.802002 0 1
111.266487 -4.682154 212.784943 1 0
109.901154 -10.634356 217.429047 0 1
113.258102 0.758986 212.941223 0 1
100.923561 2.923723 210.989838 0 1
111.528923 -0.944460 211.789795 0 1
108.306992 -9.588367 215.091843 0 1
104.207802 5.214875 211.294861 0 1
113.905922 -0.830874 213.615845 0 1
101.328873 2.156152 210.739960 0 1
108.466499 -10.152541 215.720917 0 1
112.973450 0.907840 212.677734 0 1
98.441338 -7.823586 214.958710 0 1
101.050995 2.302716 210.792862 0 1
108.960541 -0.123355 210.815475 0 1
96.702286 -1.583946 213.142166 0 1
98.482315 -7.629645 214.681732 0 1
98.536446 -6.793705 214.170700 0 1
96.698303 -5.788723 215.113815 0 1
111.906212 -8.901692 216.674545 0 1
96.285301 -4.772115 214.731995 0 1
112.414337 -1.171289 212.392151 0 1
98.127953 -6.228121 214.159561 0 1
104.962929 5.255199 211.373169 0 1
111.157448 -6.352773 213.571289 0 1
104.322647 5.296684 211.362396 0 1
110.944725 -5.023403 212.555191 1 0
102.778381 -11.269146 217.083862 0 1
98.427490 -5.912183 213.778488 0 1
107.341461 -11.289627 217.265060 0 1
96.984245 -3.044115 213.352356 0 1
103.450089 1.360209 210.479263 0 1
103.736786 5.085107 211.230637 0 1
100.451859 3.759159 211.474411 0 1
99.449898 -9.610969 216.522034 0 1
111.831581 1.501758 212.059845 0 1
112.186646 -5.668714 213.473175 0 1
106.525032 3.365830 210.610718 0 1
96.252594 -3.883354 214.398575 0 1
108.600540 -11.190372 217.841064 0 1
109.593185 0.439585 210.993469 0 1
106.531776 -11.629355 217.599197 0 1
109.391418 -10.198860 216.106216 0 1
102.247719 3.261849 210.858170 0 1
106.236412 -9.674265 214.724396 0 1
110.539383 -9.104219 215.775543 0 1
111.982025 -5.829806 213.687241 1 0
101.314659 2.201516 210.739716 0 1
113.467377 -4.285231 214.096207 0 1
114.271782 -1.720799 214.019165 0 1
113.277901 -4.194376 213.904953 0 1
102.259026 3.604204 210.948639 0 1
108.222542 -1.901299 211.374252 0 1
109.444923 -6.329508 213.209778 0 1
98.578087 -7.250174 214.392090 0 1
112.224632 0.122211 212.003998 0 1
109.118973 -10.072749 215.727707 0 1
108.143562 -11.122991 217.374710 0 1
104.952644 5.287338 211.394501 0 1
106.389732 -11.529588 217.421036 0 1
108.054230 1.152929 210.578384 0 1
114.061615 -2.008668 213.831512 0 1
104.320915 5.426989 211.510376 0 1
109.717995 -10.759701 217.744675 0 1
110.733719 -6.633592 213.585541 1 0
100.088310 1.948323 211.248062 0 1
111.443588 -4.804069 212.844986 1 0
111.085205 -3.379771 212.134247 0 1
105.982811 -11.534690 217.378113 0 1
112.451469 -1.118937 212.411255 0 1
96.168854 -1.600423 213.717468 0 1
111.189476 -1.489467 211.772766 0 1
110.555481 -6.168660 212.904861 1 0
111.901230 -7.269997 214.977905 0 1
113.038788 -5.011145 213.959076 0 1
111.014221 -6.493065 213.584000 1 0
97.573570 -1.192076 212.425919 0 1
112.501671 -5.691973 213.846878 0 1
97.998215 -2.723789 212.470413 0 1
112.365936 -7.946777 215.961533 0 1
98.671806 -6.835065 214.113922 0 1
99.924255 -9.982487 216.692261 0 1
109.977684 -10.601936 217.440994 0 1
110.089821 -10.558466 217.528320 0 1
114.206154 -1.565474 213.932632 0 1
110.975990 -4.885924 212.683258 1 0
102.255730 3.572099 210.939316 0 1
109.661026 4.369185 211.983551 0 1
96.792923 -5.435106 214.718887 0 1
110.853195 -9.879013 217.168030 0 1
106.923828 -11.710633 217.982651 0 1
108.135002 -11.383092 218.014267 0 1
110.768974 -6.190191 212.894699 1 0
110.268562 0.025134 211.211411 0 1
98.564606 -5.736257 213.596863 0 1
112.971359 0.618785 212.675095 0 1
110.926788 -5.530554 212.504623 1 0
110.065979 -5.895955 212.882126 1 0
112.963051 0.557788 212.670898 0 1
108.892349 -10.997524 217.580978 0 1
109.891167 -7.698188 213.956543 0 1
112.618286 -3.078726 213.097626 0 1
96.580360 -1.542725 213.249496 0 1
110.157089 3.699078 211.719711 0 1
96.084846 -4.114072 214.655838 0 1
104.762924 5.282681 211.376694 0 1
111.086502 -9.715587 217.143951 0 1
112.801895 -5.162580 213.821228 0 1
96.182655 -4.988196 215.015625 0 1
114.166656 -5.135435 215.319031 0 1
110.414131 -10.170424 217.190140 0 1
107.263885 -9.763160 215.021347 0 1
99.130234 -7.880263 214.643051 0 1
96.326668 -4.576122 214.600647 0 1
110.869095 1.440367 211.599136 0 1
112.082924 -0.143784 211.891129 0 1
112.821655 1.441571 212.681610 0 1
109.978752 -5.284020 212.755966 1 0
106.741302 -5.045327 212.570602 0 1
107.258705 -11.543494 217.770462 0 1
110.106903 -6.492258 213.333145 1 0
110.952858 -8.578225 215.584152 0 1
111.049240 2.123070 211.752380 0 1
112.384628 -6.461616 214.498718 0 1
112.241974 -8.653380 216.637909 0 1
102.771568 -11.578438 217.744873 0 1
100.600838 4.091109 211.561172 0 1
103.161285 5.198726 211.450699 0 1
109.928131 -5.870629 213.031952 1 0
112.507072 -7.756046 215.879654 0 1
109.930054 -8.013051 214.269379 0 1
110.339294 -6.969856 213.655685 0 1
110.426064 -5.487092 212.444077 1 0
110.319153 -6.281812 213.227814 1 0
98.828873 -5.668012 213.401215 0 1
97.943977 -7.717624 215.343170 0 1
100.345497 -1.295712 211.323883 0 1
109.669144 -10.783736 217.739120 0 1
98.467209 -1.720513 212.036362 0 1
109.974091 -5.580277 212.714111 0 1
109.096466 -10.742944 217.128616 0 1
108.980896 -6.429208 213.213684 0 1
109.279495 -8.025836 214.048721 0 1
112.025810 -4.935489 213.210648 1 0
113.002190 -0.830969 212.760773 0 1
106.277298 -11.457464 217.310532 0 1
109.521263 -0.318701 211.018784 0 1
110.726151 -4.981771 212.680618 0 1
96.652283 -0.085053 213.214218 0 1
112.179565 -5.723721 213.668930 1 0
109.295815 -10.293212 216.220718 0 1
111.146378 -7.444421 214.618164 0 1
111.474823 -3.738611 212.472183 0 1
109.336800 4.081404 211.653824 0 1
96.042549 -4.410071 214.818176 0 1
110.813362 -6.673819 213.633926 0 1
99.518593 -7.888024 214.489182 0 1
112.282501 -5.595314 213.516541 1 0
110.123970 -5.047687 212.704453 1 0
111.301758 -2.609886 212.040512 0 1
101.703903 -8.715622 214.327835 0 1
100.032158 -7.958929 214.350189 0 1
102.158760 -9.398416 214.869675 0 1
98.756226 -6.887028 214.100204 0 1
111.574493 1.336023 211.859024 0 1
111.672165 -4.850767 212.957520 1 0
111.566605 -4.763090 212.935104 0 1
110.959053 -4.981891 212.582077 0 1
108.856163 0.309838 210.720993 0 1
96.740082 -6.100199 215.324905 0 1
100.961937 3.075184 211.027084 0 1
112.101112 -6.860009 214.704529 0 1
98.653557 -5.157350 213.257812 0 1
104.201462 -10.330245 215.413498 0 1
110.626953 -8.396186 215.167664 0 1
110.370399 -6.362565 213.268631 1 0
111.474518 -5.077445 212.831299 0 1
114.256485 -1.928336 213.992996 0 1
110.320885 -8.264071 214.815231 0 1
96.169685 -4.749950 214.822830 0 1
110.148399 -6.093460 213.139648 1 0
113.702332 0.043811 213.390366 0 1
111.545448 -1.694992 211.952103 0 1
101.259674 2.578734 210.774048 0 1
112.189400 -5.021822 213.339447 1 0
101.207863 2.666067 210.806763 0 1
108.804695 -10.671669 216.764114 0 1
97.371803 0.966267 212.657211 0 1
99.127045 -0.033757 211.778366 0 1
101.120491 -10.622725 216.925125 0 1
112.453590 -5.601352 213.724182 0 1
97.957344 1.613711 212.256378 0 1
112.051933 -0.015420 211.853821 0 1
109.588203 0.031088 210.980804 0 1
99.527161 -1.292026 211.604431 0 1
110.672318 -6.896344 213.726425 0 1
111.475182 -5.934999 213.152832 0 1
112.572098 -5.666426 213.875778 0 1
110.242279 -10.354386 217.307877 0 1
111.037575 -5.478306 212.514954 1 0
109.991936 -10.619293 217.665466 0 1
113.854469 -3.336419 214.105743 0 1
96.998085 0.600953 212.958298 0 1
109.013229 -11.063173 217.820587 0 1
105.636848 -11.602204 217.503052 0 1
110.170494 -5.164607 212.714218 1 0
111.268234 -8.300384 215.542603 0 1
96.755836 -2.284724 213.315887 0 1
102.445389 -10.457603 215.917618 0 1
111.379646 -5.585714 212.734909 0 1
109.877823 -5.852108 213.026764 1 0
111.321220 -1.384631 211.798111 0 1
113.363472 -1.906354 213.295563 0 1
110.774155 -7.453313 214.348145 0 1
101.669846 -10.664613 216.631714 0 1
111.569824 -5.804612 213.108215 0 1
110.366798 -6.027882 212.848206 1 0
110.231331 -10.295434 217.185135 0 1
111.373077 -6.825593 214.142838 0 1
100.134789 0.796817 211.286728 0 1
112.814766 -0.945409 212.626343 0 1
106.746117 -5.049364 212.571991 0 1
109.287369 -10.199150 216.011871 0 1
99.291176 -8.327190 215.092819 0 1
113.717354 -4.792395 214.615036 0 1
111.914406 -5.901500 213.714890 1 0
111.977501 -5.749653 213.459335 1 0
107.636139 -11.152205 217.136734 0 1
106.507362 3.374998 210.616074 0 1
110.574883 -5.125284 212.570221 0 1
111.754547 -5.829415 213.279221 1 0
98.425354 -5.713661 213.661346 0 1
107.298355 -10.899494 216.664017 0 1
114.326660 -2.327135 214.200577 0 1
111.970818 -5.937065 213.766571 1 0
98.407692 -5.677155 213.668961 0 1
111.670288 -5.958045 213.591949 1 0
112.156120 -6.033881 213.928528 0 1
106.705498 -9.487310 214.630722 0 1
110.191307 -5.841694 212.684494 1 0
112.650665 -5.591084 213.890686 0 1
103.347992 4.733161 211.157715 0 1
109.472839 -1.316350 211.235794 0 1
109.846184 3.996318 211.768799 0 1
111.862083 -9.077069 216.926025 0 1
105.650536 -11.541121 217.360291 0 1
110.863533 -5.687164 212.534805 1 0
114.312607 -2.673333 214.364670 0 1
114.321007 -2.322319 214.189957 0 1
113.973122 -0.845381 213.681564 0 1
96.755829 -5.507572 214.803085 0 1
97.857040 -1.898640 212.286301 0 1
102.060875 -10.688976 216.415207 0 1
107.884583 -11.208461 217.418198 0 1
98.845322 -8.331016 215.326904 0 1
112.596581 -7.593343 215.794952 0 1
110.463768 -6.635239 213.511810 1 0
112.309662 -5.655995 213.648773 1 0
109.455376 -10.241032 216.247162 0 1
98.253014 1.861807 212.138046 0 1
109.311516 -5.584304 212.879684 0 1
114.066940 -2.957416 214.174210 0 1
99.756516 -9.975624 216.776154 0 1
105.202911 4.442080 211.007629 0 1
110.069405 3.488722 211.619263 0 1
111.105270 -6.465327 213.658356 0 1
112.261078 -5.297500 213.293198 0 1
104.682991 -11.447100 217.181839 0 1
100.924606 1.491430 210.886612 0 1
108.725914 -6.045794 213.058060 0 1
97.903152 -4.943197 213.672729 0 1
99.106491 -7.705488 214.491623 0 1
105.183899 1.467062 210.372681 0 1
97.945473 -4.963643 213.651947 0 1
106.579384 -11.779705 217.925201 0 1
109.278130 -8.211810 214.203903 0 1
107.573341 -10.956325 216.788391 0 1
106.498894 3.434064 210.640091 0 1
111.191154 -4.555830 212.737061 0 1
109.756828 -8.790767 214.903549 0 1
96.472687 -0.387264 213.370926 0 1
111.052689 -5.980216 212.745941 1 0
110.339180 -5.254001 212.545349 0 1
98.609329 -7.523965 214.528336 0 1
97.704033 -7.169803 215.130341 0 1
112.524071 -4.685404 213.484406 0 1
97.539925 -1.331567 212.445328 0 1
110.186646 3.740599 211.753418 0 1
111.932030 -5.917838 213.737640 0 1
108.188118 1.044851 210.591721 0 1
112.890038 -5.917603 214.364990 0 1
110.283775 -5.941082 212.776672 1 0
113.150681 0.316713 212.856064 0 1
111.311348 3.137841 212.141647 0 1
98.260101 -8.024265 215.438034 0 1
101.263695 1.917229 210.770645 0 1
110.655258 -5.111344 212.551620 0 1
110.550217 -6.560081 213.417969 0 1
109.597893 -10.805742 217.631592 0 1
97.833221 1.492763 212.320114 0 1
101.744301 0.056779 210.855865 0 1
104.216240 -10.307693 215.389832 0 1
98.224174 1.776578 212.140015 0 1
111.648140 -2.594501 212.257019 0 1
108.986732 -6.406773 213.201813 0 1
112.174805 -5.588529 213.341721 0 1
111.225937 -5.357410 212.566849 0 1
111.407722 -8.951573 216.259125 0 1
102.553688 -9.915529 215.243271 0 1
109.701477 -10.429875 216.838364 0 1
111.867172 -5.795844 213.545212 1 0
112.269737 -6.963298 214.920929 0 1
110.966354 -6.350534 213.126770 1 0
110.186729 -9.765651 216.246078 0 1
107.876129 -10.903096 216.762589 0 1
97.883408 -7.761512 215.467804 0 1
111.354538 -6.229767 213.638687 1 0
98.344482 -7.314575 214.572372 0 1
110.882584 -4.840243 212.730042 1 0
109.730171 -10.308934 216.644943 0 1
111.264351 -5.610157 212.644058 0 1
111.041237 -7.967529 215.074066 0 1
112.187210 -5.613086 213.390381 0 1
96.916412 0.323820 213.005692 0 1
97.441742 -6.541962 214.888702 0 1
110.744865 0.074737 211.373001 0 1
100.652100 -2.858451 211.834061 0 1
108.963425 -9.996771 215.606628 0 1
112.914215 -5.020327 213.854034 0 1
97.447464 -7.725447 215.896179 0 1
98.980186 -8.174367 215.061310 0 1
96.788002 -3.627108 213.784302 0 1
111.921562 -5.641177 213.140594 1 0
104.741348 -9.064568 214.314529 0 1
108.220711 -9.540728 215.036499 0 1
104.587967 5.389771 211.459137 0 1
110.882774 -9.471648 216.506210 0 1
109.354874 -9.681388 215.461502 0 1
97.858742 -2.437813 212.428162 0 1
110.541237 -6.808030 213.636551 1 0
112.551743 -6.535397 214.693771 0 1
113.929474 -5.348886 215.128052 0 1
104.045692 -11.411757 217.123566 0 1
98.854050 -1.753826 211.916595 0 1
104.052711 -11.641529 217.698456 0 1
101.271080 1.936363 210.766998 0 1
98.466972 -5.408633 213.504684 0 1
107.152199 3.954102 210.918488 0 1
104.298599 1.496303 210.367065 0 1
107.977402 -9.894341 215.289597 0 1
111.115845 -7.903592 215.066757 0 1
111.589134 -4.635977 212.943939 1 0
110.232941 -9.563146 215.985062 0 1
102.227692 -10.760090 216.422745 0 1
107.285217 -11.441184 217.562134 0 1
110.343246 -5.636697 212.499969 1 0
109.435524 -6.110058 213.109634 0 1
107.796875 -9.827423 215.180618 0 1
113.557617 0.428576 213.260422 0 1
108.386597 -11.299683 217.967178 0 1
105.973564 -11.532310 217.372803 0 1
111.914352 -4.540816 213.044281 1 0
111.605888 -4.997531 212.877014 0 1
112.025261 -0.321737 211.893280 0 1
111.062714 -4.796292 212.735779 1 0
106.635307 3.166553 210.544556 0 1
110.607368 -6.589891 213.499878 1 0
101.698456 -10.636111 216.562851 0 1
111.545891 -5.230475 212.886551 1 0
111.065895 -4.782000 212.743408 1 0
102.917976 -11.603259 217.692307 0 1
106.365761 -9.522648 214.592163 0 1
103.919830 4.293807 211.000381 0 1
103.228416 5.243567 211.481506 0 1
98.528236 -7.238966 214.413071 0 1
111.550011 -5.872531 213.181229 1 0
108.700218 -10.391605 216.117676 0 1
111.530479 -0.916390 211.783859 0 1
113.293739 -0.947299 213.032883 0 1
102.647667 -10.104483 215.409424 0 1
109.960045 -10.603066 217.420395 0 1
110.327309 -6.293255 213.235031 1 0
104.415756 -9.057469 214.319138 0 1
111.244011 -6.096796 212.967743 1 0
103.165947 5.087951 211.358566 0 1
100.537613 -8.267286 214.415451 0 1
105.346748 5.204874 211.384933 0 1
108.806526 -11.154642 217.970184 0 1
113.675880 -1.576679 213.426529 0 1
100.974541 0.147014 210.988388 0 1
97.504646 -2.717939 212.791565 0 1
98.447273 -7.358577 214.521515 0 1
110.831474 -6.421135 213.166443 1 0
105.129921 -10.144103 215.230148 0 1
107.410797 -11.446758 217.657135 0 1
108.635124 -10.922852 217.232040 0 1
111.468697 -1.864882 211.956055 0 1
98.089027 -1.882220 212.192657 0 1
104.634468 -11.298699 216.846054 0 1
110.238075 -5.414046 212.472992 1 0
109.918381 -10.655641 217.529358 0 1
102.831055 -11.618833 217.875519 0 1
98.838867 -6.790395 214.002731 0 1
106.419495 -11.613311 217.555710 0 1
107.192009 2.597469 210.524689 0 1
113.000557 1.004887 212.704926 0 1
96.645386 -1.350166 213.176117 0 1
111.765228 -6.520394 214.107391 0 1
103.438606 4.968998 211.230927 0 1
111.219696 -6.323189 213.614334 1 0
96.529793 -4.475406 214.406525 0 1
101.950775 -8.917159 214.441574 0 1
109.685181 -10.501414 216.965393 0 1
110.836525 -4.881560 212.718506 0 1
110.343628 3.668305 211.779816 0 1
98.085815 -6.156021 214.152451 0 1
102.506042 3.824352 210.985504 0 1
98.701668 -8.012496 215.011688 0 1
109.795670 -10.432378 216.920761 0 1
101.236610 -7.241759 213.580460 0 1
113.688927 -0.796839 213.403183 0 1
109.250076 -0.549607 210.979507 0 1
108.796890 -10.689465 216.802307 0 1
110.585815 -8.401410 215.144226 0 1
101.158440 -10.615052 216.880661 0 1
110.427750 -7.242605 213.880814 0 1
102.008720 4.626034 211.436554 0 1
111.686684 -4.710952 213.009842 1 0
99.329048 -8.852949 215.704514 0 1
114.063026 -2.088532 213.847809 0 1
113.099136 -0.292820 212.826523 0 1
112.351395 -5.331748 213.399033 1 0
101.639778 2.825002 210.786682 0 1
100.685539 3.473622 211.272873 0 1
102.758850 4.265730 211.100037 0 1
98.997482 1.853318 211.775940 0 1
110.783089 -6.748785 213.680298 0 1
107.574852 0.521103 210.556122 0 1
99.292282 -5.599316 213.106369 0 1
96.645020 -4.469889 214.323593 0 1
98.161896 -6.186602 214.105179 0 1
96.431801 -0.886378 213.380737 0 1
102.860657 -3.477291 211.999176 0 1
111.722397 -5.565252 212.994537 0 1
109.135773 -10.753321 217.172653 0 1
108.895355 -11.086568 217.787415 0 1
109.366631 -10.219690 216.127136 0 1
108.896217 -10.730824 216.965332 0 1
97.035728 0.529576 212.918457 0 1
111.415421 -6.179175 213.639404 1 0
108.580650 -10.809293 216.937729 0 1
104.259430 4.873001 211.133026 0 1
97.574806 1.315131 212.499268 0 1
110.600418 -6.447988 213.176559 1 0
110.531036 -5.310933 212.437256 1 0
99.935822 -9.955705 216.658264 0 1
108.897057 -10.452667 216.324005 0 1
108.360718 -10.801299 216.797760 0 1
110.473892 -5.515782 212.447845 1 0
104.139709 -10.530327 215.622620 0 1
113.164635 -1.790442 213.108032 0 1
100.592712 -8.780147 215.000366 0 1
104.056725 -2.330154 211.500931 0 1
99.246010 -8.912633 215.814240 0 1
99.351494 -5.130916 212.803635 0 1
109.570885 -10.630579 217.164261 0 1
112.606766 -5.568303 213.848541 0 1
111.846916 -4.650217 213.069641 1 0
101.764168 2.664727 210.740494 0 1
110.584160 -0.231607 211.355392 0 1
109.181000 -10.967542 217.707886 0 1
104.418144 -11.392718 217.071548 0 1
114.213219 -1.953070 213.948624 0 1
103.707710 5.374019 211.521332 0 1
113.210175 0.589465 212.904510 0 1
112.037575 -5.262575 213.067810 1 0
98.378761 -5.700206 213.701431 0 1
105.735214 -9.323407 214.435715 0 1
109.367859 -10.605083 216.996399 0 1
110.554779 -5.527312 212.450516 0 1
114.226875 -1.438118 213.958862 0 1
111.220688 -5.544252 212.589264 1 0
111.592773 -9.275455 216.971466 0 1
107.734619 4.773998 211.536194 0 1
99.172852 -7.921867 214.670670 0 1
100.294693 -1.826004 211.495499 0 1
111.427879 -5.062128 212.755081 0 1
110.274422 -6.172657 213.163284 1 0
110.099205 -5.468328 212.568069 1 0
112.598083 -0.562470 212.375885 0 1
102.238663 3.506025 210.923630 0 1
110.923065 -6.481725 213.452377 1 0
98.169060 -5.975513 213.992340 0 1
109.306236 -8.018257 214.048920 0 1
113.609421 -0.219323 213.304169 0 1
102.111008 -10.715899 216.425522 0 1
105.570435 -9.777726 214.804413 0 1
99.533081 -1.323017 211.606766 0 1
101.728409 -8.767499 214.372513 0 1
111.061638 -3.525216 212.178436 0 1
112.957542 -3.295102 213.408356 0 1
98.689194 -7.135986 214.270905 0 1
109.760803 -5.406653 212.834000 1 0
114.165321 -4.989515 215.238953 0 1
103.348633 -10.987862 216.165649 0 1
107.990959 -11.424197 218.009598 0 1
113.928581 -1.320013 213.637451 0 1
102.466644 3.110458 210.817200 0 1
98.456238 -5.703507 213.636917 0 1
104.202789 -10.306031 215.389053 0 1
113.037384 -6.202826 214.842819 0 1
109.394485 -10.277471 216.256882 0 1
111.705421 1.930022 212.089172 0 1
108.563332 2.169618 210.874588 0 1
102.285553 3.659802 210.963135 0 1
98.211823 -7.290259 214.656738 0 1
113.065598 0.537090 212.774139 0 1
107.045288 -9.965802 215.248169 0 1
98.830460 -7.959079 214.884308 0 1
113.094612 -0.923980 212.852356 0 1
106.880249 -11.722976 218.038010 0 1
110.543236 -8.297117 215.021637 0 1
112.039902 -4.821514 213.230560 1 0
106.365318 2.565465 210.467896 0 1
111.666077 2.681287 212.244797 0 1
103.552505 5.024967 211.229477 0 1
105.168945 -11.401064 217.065247 0 1
96.723656 -0.118850 213.149628 0 1
110.232529 -5.802361 212.628693 1 0
101.648491 2.751926 210.763214 0 1
108.361618 -10.774012 216.731094 0 1
112.637177 0.616107 212.375671 0 1
111.826057 -1.159878 211.978561 0 1
110.586166 -8.502082 215.228897 0 1
110.328621 -10.393389 217.493378 0 1
107.114098 4.046529 210.963486 0 1
97.751999 -2.096885 212.357147 0 1
111.035599 -9.493694 216.728897 0 1
98.717346 -6.819949 214.076279 0 1
114.085899 -1.936149 213.841248 0 1
111.508591 -6.051125 213.561768 1 0
99.800110 -6.131745 213.284912 0 1
107.059837 3.266271 210.574463 0 1
106.426163 -9.420097 214.519516 0 1
110.411652 -8.869390 215.445908 0 1
111.539963 -7.201450 214.658066 0 1
110.896889 -5.993749 212.698959 0 1
112.163567 -7.639536 215.530319 0 1
113.199303 -7.319487 216.231354 0 1
106.941666 -9.490195 214.688400 0 1
108.905144 -9.742165 215.371475 0 1
101.556488 3.063190 210.878204 0 1
109.892258 -7.644218 213.911591 0 1
108.760284 4.594571 211.781616 0 1
96.136650 -5.012433 215.103455 0 1
113.061562 0.993122 212.751480 0 1
100.057930 -8.353795 214.751358 0 1
101.264908 2.473283 210.754807 0 1
112.243507 0.331699 212.040421 0 1
113.370651 -2.004881 213.331482 0 1
97.783012 -6.824602 214.750671 0 1
107.856705 -10.998935 216.919739 0 1
97.104156 0.865280 212.877441 0 1
98.326775 -5.892596 213.826996 0 1
96.520485 -1.010808 213.295486 0 1
106.036285 -11.713449 217.736404 0 1
111.470161 -5.928729 213.119308 1 0
108.200439 -10.324752 215.945847 0 1
109.767426 -5.477522 212.861664 0 1
101.304039 -3.335441 212.000366 0 1
113.086159 -4.930288 213.974213 0 1
110.338608 -5.139261 212.689270 1 0
112.188560 -2.089024 212.499191 0 1
111.178513 -7.678833 214.886810 0 1
104.039520 -11.510322 217.363480 0 1
98.447456 -5.458417 213.541473 0 1
101.360313 -10.192035 216.207993 0 1
111.455437 1.588352 211.849426 0 1
111.715668 -5.781213 213.158676 1 0
110.683968 -5.028614 212.646240 1 0
98.287422 -6.392281 214.141235 0 1
98.325974 -5.667399 213.739578 0 1
109.678406 -10.596409 217.177582 0 1
97.830330 1.694169 212.328217 0 1
112.616776 -5.441968 213.798965 0 1
99.193733 -4.992146 212.805298 0 1
100.314705 3.957105 211.614349 0 1
105.557915 -9.684143 214.714539 0 1
96.716431 -5.429374 214.788010 0 1
98.137726 -4.237154 213.151474 0 1
109.350319 -5.507719 212.855988 0 1
100.306335 -10.461678 217.170151 0 1
110.744812 -6.035758 212.709595 1 0
112.833084 1.493531 212.712158 0 1
110.472847 -0.151496 211.307648 0 1
101.677132 3.151321 210.886292 0 1
110.249588 -5.779809 212.606049 1 0
111.777122 0.481113 211.783798 0 1
111.609131 -5.278242 212.898102 1 0
98.361389 -8.068918 215.408371 0 1
113.262238 0.815404 212.949188 0 1
99.975044 -7.993898 214.399139 0 1
99.555634 -1.424636 211.617508 0 1
97.807861 -2.467868 212.462494 0 1
107.007416 -11.640269 217.811798 0 1
107.108398 -9.660925 214.876587 0 1
98.646866 -7.322865 214.401291 0 1
107.147774 -9.954573 215.249115 0 1
111.279816 -5.805470 212.765991 1 0
97.684402 1.339404 212.418457 0 1
112.634735 -0.642951 212.418152 0 1
106.562866 0.652025 210.497131 0 1
109.855362 -9.682026 215.804352 0 1
112.602303 0.899765 212.407516 0 1
99.936615 -10.166116 216.908646 0 1
113.638084 -0.821326 213.353928 0 1
103.317322 -11.588508 217.591553 0 1
97.216934 1.082541 212.809097 0 1
97.607361 -7.842059 215.868698 0 1
101.295357 2.665079 210.785538 0 1
100.920700 2.880278 210.972382 0 1
108.747757 -6.384544 213.197327 0 1
96.409065 -0.539154 213.423508 0 1
101.323982 -9.464005 215.391876 0 1
96.566711 -2.965603 213.749756 0 1
98.756935 -6.973411 214.148041 0 1
112.275200 -5.133921 213.391479 1 0
112.432259 -8.234918 216.277969 0 1
107.902138 -10.976532 216.896408 0 1
112.131187 -4.977085 213.302551 0 1
106.462044 5.069390 211.446442 0 1
111.449944 -5.617585 212.846008 1 0
108.858582 -11.135668 217.975006 0 1
105.326607 0.731956 210.468872 0 1
112.821594 1.581312 212.738434 0 1
100.461563 3.959358 211.545639 0 1
109.277321 -6.347082 213.189896 0 1
110.752090 -9.346482 216.177277 0 1
109.428001 -10.432236 216.628403 0 1
101.743515 2.919830 210.805298 0 1
108.900101 -11.023002 217.639694 0 1
106.812027 -9.537498 214.703659 0 1
108.511002 -10.421641 216.122147 0 1
112.012329 -6.230826 214.004776 0 1
110.115906 -5.910738 212.853683 1 0
106.966545 -9.735112 214.924240 0 1
110.573097 -6.672266 213.584244 1 0
110.114700 -7.297998 213.750610 0 1
110.603569 -5.986722 212.687042 1 0
96.935791 0.356989 212.989746 0 1
112.289383 -5.270266 213.333740 1 0
99.176689 -4.610389 212.648407 0 1
102.388435 -10.725689 216.275803 0 1
105.924866 -9.623186 214.640106 0 1
114.222443 -4.814599 215.227646 0 1
109.507675 2.297444 211.240112 0 1
112.300766 -5.790047 213.818268 1 0
96.275963 -4.486686 214.597534 0 1
110.086891 -10.550985 217.482376 0 1
107.252899 -11.491221 217.649475 0 1
103.414803 -10.562568 215.683212 0 1
103.811836 5.146131 211.258911 0 1
96.058121 -2.186027 214.020279 0 1
113.346016 -6.327013 215.367371 0 1
112.086235 0.317061 211.932205 0 1
112.065346 -5.633164 213.261398 1 0
96.304779 -0.784195 213.535721 0 1
100.974869 2.194979 210.827728 0 1
109.063004 -6.335321 213.179672 0 1
110.498848 -7.834763 214.528671 0 1
99.682823 -6.111374 213.304901 0 1
111.562706 -5.595596 212.979355 1 0
111.386742 -4.899887 212.747513 1 0
99.220421 -0.046236 211.741653 0 1
106.613091 1.093063 210.466537 0 1
109.357292 -6.296265 213.176224 0 1
108.927704 -10.739020 217.004547 0 1
111.169182 -3.442142 212.194580 0 1
101.416466 0.867796 210.846466 0 1
109.981209 -5.472843 212.727600 1 0
107.028000 -11.671992 217.919632 0 1
107.322884 -11.618825 218.034912 0 1
109.306488 -5.764628 212.949036 0 1
98.450974 -7.749376 214.846252 0 1
110.368980 -6.401129 213.301392 0 1
113.314407 0.801893 213.010864 0 1
96.431511 -1.026809 213.370453 0 1
109.633423 -10.319963 216.566742 0 1
110.684822 -6.226412 212.940948 0 1
97.296036 -5.711545 214.501480 0 1
111.222206 -8.455353 215.654266 0 1
111.400330 -5.543237 212.739349 1 0
110.588844 -6.938038 213.731964 0 1
100.330826 -10.024038 216.546478 0 1
101.238411 0.783375 210.888809 0 1
114.241234 -1.542025 213.977280 0 1
109.496727 -10.819329 217.552170 0 1
110.519707 -6.174288 212.933044 1 0
103.689018 5.220311 211.336044 0 1
96.478798 -3.961713 214.196457 0 1
100.583183 -10.411871 216.889038 0 1
113.608803 -0.007685 213.294815 0 1
110.255615 -6.232739 213.210281 1 0
110.746101 -6.535754 213.388306 1 0
111.144623 -8.665794 215.794342 0 1
98.065369 -4.216821 213.185410 0 1
100.953529 -10.410799 216.675446 0 1
110.348251 -6.637024 213.477722 1 0
111.449715 -3.664754 212.431900 0 1
112.430077 0.478315 212.198883 0 1
96.659225 -0.185327 213.201645 0 1
100.821411 2.406225 210.903137 0 1
110.391991 -7.211296 213.835587 0 1
113.232468 0.942511 212.941772 0 1
97.124847 -3.001563 213.215347 0 1
113.966850 -0.686066 213.665161 0 1
110.088181 -5.671438 212.570114 1 0
113.168053 -5.805256 214.586853 0 1
110.437981 -7.173252 213.829041 0 1
99.175346 -2.749933 212.082687 0 1
96.523140 -3.740166 214.069717 0 1
107.340843 -10.900178 216.673355 0 1
101.071030 2.456032 210.796280 0 1
109.193741 -10.347539 216.292313 0 1
96.181534 -1.715953 213.738495 0 1
103.270851 1.841329 210.528442 0 1
110.546867 -5.481394 212.442017 1 0
103.390778 5.062981 211.289246 0 1
111.422958 -4.661631 212.871674 1 0
109.397011 -6.097800 213.098953 0 1
110.049835 0.049945 211.139252 0 1
99.347435 1.065602 211.639038 0 1
108.276039 -11.333761 218.001663 0 1
111.053986 -2.389389 211.895508 0 1
114.193977 -4.540009 215.069595 0 1
109.705269 -10.289294 216.593338 0 1
110.575775 -8.785939 215.488281 0 1
105.328362 -11.291865 216.925491 0 1
110.976227 -3.125898 212.020569 0 1
96.460762 -4.741131 214.600479 0 1
96.320602 -5.123143 214.974762 0 1
111.533638 -5.438781 212.918945 1 0
110.986588 -4.975698 212.577972 1 0
112.923584 0.865941 212.634064 0 1
107.819305 -10.400093 215.994186 0 1
110.831902 -6.511803 213.387924 1 0
108.454025 -9.957513 215.460327 0 1
110.312813 -5.278173 212.526108 1 0
110.732597 -5.912602 212.619736 1 0
96.395508 -0.937120 213.413666 0 1
106.161407 4.601066 211.172180 0 1
96.531479 -0.846862 213.288315 0 1
112.336365 -4.850932 213.410507 0 1
98.799110 -6.918631 214.099716 0 1
102.969666 -11.510098 217.456070 0 1
110.749260 -6.833243 213.717560 0 1
110.787537 -4.895013 212.712967 0 1
103.967239 -11.382142 217.054550 0 1
109.188354 -10.353442 216.303299 0 1
97.278198 -7.458200 215.855637 0 1
102.648521 -11.565152 217.859085 0 1
110.310814 1.452191 211.409027 0 1
108.270691 -11.339644 218.115143 0 1
102.681793 -10.729754 216.106476 0 1
112.621353 0.590570 212.363037 0 1
105.557671 -9.929790 214.988495 0 1
97.465240 -7.768172 215.922897 0 1
112.296051 -5.427839 213.363892 0 1
100.820724 3.146435 211.101715 0 1
106.379852 0.692515 210.489578 0 1
110.214973 -5.823239 212.653259 1 0
106.369164 -11.806635 218.042343 0 1
110.046150 -5.763158 212.665283 0 1
110.885460 -6.490840 213.403336 1 0
110.133842 -9.851455 216.316574 0 1
110.391357 -5.898352 212.679031 1 0
106.069107 -9.641053 214.663040 0 1
111.812805 -5.255118 212.929474 1 0
99.051483 -8.540953 215.468826 0 1
109.971764 -7.532673 213.856918 0 1
96.523293 -5.942565 215.449249 0 1
110.878632 -5.675605 212.533554 1 0
113.363815 -2.030751 213.331421 0 1
106.721497 -11.750060 218.102097 0 1
100.455696 -0.703004 211.170700 0 1
110.410072 -5.435723 212.435196 0 1
97.637337 -7.798686 215.775497 0 1
111.064323 -6.499680 213.645279 1 0
110.412682 -5.299972 212.460785 1 0
109.983017 -6.008282 213.099304 0 1
108.881035 -9.992812 215.581497 0 1
112.562653 -5.294464 213.711334 0 1
98.318329 -7.446776 214.666443 0 1
111.386024 -2.417810 212.031189 0 1
104.536179 5.278312 211.361115 0 1
96.877991 -3.367022 213.588882 0 1
109.497673 4.316801 211.840561 0 1
107.860535 -10.983053 216.890976 0 1
112.864136 1.453207 212.721359 0 1
110.677673 -5.610040 212.473984 1 0
108.024155 -10.862408 216.735565 0 1
111.311859 -4.831462 212.712936 0 1
111.710381 -5.866515 213.420258 0 1
113.463570 -3.097153 213.708221 0 1
98.987411 -4.345191 212.634216 0 1
97.200340 -2.771069 213.048950 0 1
96.552002 -3.830890 214.076370 0 1
110.909042 -5.380940 212.478943 1 0
112.480049 -6.445830 214.551727 0 1
110.630997 -5.237379 212.462250 0 1
101.901016 -8.643016 214.208542 0 1
110.318977 -6.935185 213.626297 0 1
106.519012 -9.381118 214.506348 0 1
96.128235 -4.982637 215.091797 0 1
110.817055 -5.922785 212.631622 1 0
99.756149 -5.250283 212.784012 0 1
99.204689 -4.973187 212.793518 0 1
107.667099 1.969428 210.560684 0 1
107.955681 -11.423939 217.962082 0 1
110.786957 -9.960698 217.237000 0 1
101.466492 -8.337428 214.098145 0 1
98.220985 -7.354824 214.693085 0 1
108.848969 -10.461210 216.310837 0 1
101.284370 2.480239 210.752762 0 1
109.247543 -0.385714 210.949234 0 1
102.012764 4.656421 211.446487 0 1
112.298233 2.144332 212.524979 0 1
108.402374 -11.253085 217.861786 0 1
101.576736 -8.563829 214.230743 0 1
106.518097 3.345634 210.606049 0 1
113.292328 -0.137287 213.004318 0 1
111.796768 -5.607603 213.046936 0 1
111.403732 -6.605861 213.951996 0 1
97.632439 -1.868286 212.380035 0 1
113.056267 1.278119 212.872589 0 1
110.331589 -10.093719 216.941360 0 1
106.951012 -11.699372 218.140945 0 1
99.598679 -9.436411 216.232452 0 1
111.031433 -6.918648 213.988968 0 1
96.327713 -4.937275 214.804214 0 1
111.358818 -4.539592 212.804962 0 1
107.175644 2.880400 210.540848 0 1
109.484627 -0.360853 211.010162 0 1
98.857658 -1.411235 211.862396 0 1
113.436607 -1.563749 213.248322 0 1
109.560081 -10.832831 217.720825 0 1
111.907104 -8.907057 216.684464 0 1
96.544075 -0.809584 213.276978 0 1
99.136833 -7.063399 214.064316 0 1
113.378204 -1.234555 213.136307 0 1
113.983192 -1.754485 213.721695 0 1
110.349388 -10.351630 217.415894 0 1
105.323738 5.363813 211.486832 0 1
112.983727 -5.628098 214.190918 0 1
110.748474 -6.359800 213.074554 0 1
99.840393 -7.933832 214.399765 0 1
111.103287 -3.535995 212.199539 0 1
100.857010 2.000006 210.880753 0 1
100.989746 3.047905 211.009430 0 1
110.003845 -5.836777 212.856689 1 0
101.999702 -8.983244 214.492706 0 1
101.375801 -10.190341 216.197083 0 1
96.934723 0.383161 212.991013 0 1
112.732590 -6.694257 215.007584 0 1
103.214645 -10.834692 215.966995 0 1
98.680191 -5.426232 213.356781 0 1
112.428055 -5.582007 213.675262 0 1
113.665337 0.050872 213.353516 0 1
98.979149 1.878983 211.786133 0 1
110.814926 -6.101314 212.794159 1 0
98.204987 -6.908244 214.465836 0 1
110.205482 -4.644170 212.536743 0 1
111.039848 -2.049088 211.829956 0 1
112.564461 0.470022 212.306168 0 1
99.020592 -5.055955 212.935547 0 1
104.214035 -10.355988 215.436249 0 1
104.651703 5.409416 211.481506 0 1
98.603638 -7.493172 214.515549 0 1
111.245407 -5.612173 212.632843 0 1
96.915688 -3.396067 213.569855 0 1
110.478874 -6.250851 213.048706 1 0
110.779259 -6.440694 213.171692 0 1
114.309395 -2.318017 214.173080 0 1
96.156494 -5.125937 215.176178 0 1
110.219612 -10.467447 217.519394 0 1
103.772354 4.972674 211.172791 0 1
110.363754 3.600750 211.746536 0 1
111.866653 -8.479609 216.123795 0 1
111.807175 -0.816444 211.877319 0 1
111.479874 -0.961957 211.778564 0 1
113.534401 -1.451908 213.291183 0 1
102.651382 4.239126 211.111740 0 1
98.680107 -7.561921 214.531219 0 1
99.208672 -9.061565 215.999741 0 1
104.397217 -9.066716 214.326691 0 1
96.468842 -3.948021 214.198929 0 1
109.885811 -8.024933 214.254333 0 1
112.058975 -8.086926 215.881500 0 1
111.628922 -5.824963 213.174393 0 1
110.859566 3.434675 211.941788 0 1
111.702820 -5.068617 212.885208 0 1
109.697594 -10.760260 217.597504 0 1
106.532089 3.533864 210.663544 0 1
109.148865 -6.235379 213.141388 0 1
98.936813 -7.747428 214.591156 0 1
100.937958 2.699511 210.908096 0 1
97.809143 -2.109528 212.341858 0 1
100.757011 3.436956 211.234924 0 1
109.967819 -10.471943 217.180725 0 1
113.826714 -1.459504 213.548981 0 1
109.905647 -8.490538 214.720963 0 1
107.060593 -11.677831 217.979111 0 1
96.087189 -4.746970 214.945663 0 1
107.284523 -11.341895 217.348770 0 1
98.306519 -7.587169 214.797546 0 1
111.810608 -5.605329 213.052597 0 1
99.845474 2.886647 211.545700 0 1
101.883354 -6.730564 213.347672 0 1
101.709251 -10.630157 216.545898 0 1
105.118561 4.211262 210.929214 0 1
98.579338 -7.710022 214.702606 0 1
102.634773 0.643527 210.659378 0 1
98.488251 -5.693992 213.604355 0 1
99.180840 -5.058556 212.834961 0 1
100.829536 2.386064 210.895798 0 1
109.699280 -10.084953 216.221542 0 1
103.573067 5.130538 211.284149 0 1
113.563446 -3.689862 213.965866 0 1
98.308914 -6.032707 213.915741 0 1
109.728630 -8.198455 214.341095 0 1
110.626732 0.582255 211.394318 0 1
109.316437 -5.586608 212.880295 0 1
110.904114 -6.036032 212.737427 1 0
112.985847 -6.173668 214.762283 0 1
101.167068 2.562807 210.782974 0 1
97.790459 -7.361514 215.182739 0 1
112.291336 -5.673650 213.646957 1 0
98.665138 -7.916446 214.917145 0 1
110.393623 -6.091622 212.928741 0 1
110.635582 -5.381393 212.432816 1 0
103.902077 -10.557026 215.648056 0 1
112.393456 -6.556460 214.608765 0 1
112.385826 -6.446327 214.482651 0 1
110.858597 -6.456601 213.234634 0 1
111.939003 -4.550933 213.060547 1 0
111.445244 -5.852593 212.988281 1 0
106.144928 -11.629549 217.552429 0 1
107.843384 4.759914 211.572449 0 1
100.397926 -0.979960 211.226120 0 1
100.885750 0.542746 210.977478 0 1
103.431702 5.153432 211.336182 0 1
112.981224 -4.684339 213.821472 0 1
98.569717 -5.595119 213.511169 0 1
111.063095 -9.688412 217.080841 0 1
109.481789 -8.887365 214.834167 0 1
106.077492 4.374218 211.058243 0 1
103.118408 -10.683215 215.836609 0 1
103.643478 -11.456150 217.263611 0 1
111.672661 -5.086941 212.880035 1 0
110.170311 -6.099512 213.139420 1 0
96.705467 -0.193887 213.161728 0 1
110.307671 -7.239552 213.810287 0 1
100.155540 0.718892 211.282227 0 1
97.834679 -7.193287 215.003082 0 1
106.978394 -11.700106 218.042236 0 1
107.573280 -11.537758 217.976089 0 1
97.060059 0.714525 212.911392 0 1
114.272575 -3.204484 214.542725 0 1
98.168594 -1.809607 212.152679 0 1
98.639717 -5.439689 213.386780 0 1
112.502617 -5.607451 213.783600 0 1
110.074020 -5.864734 212.793259 1 0
111.486397 -4.605927 212.886490 1 0
106.588928 -9.532788 214.647369 0 1
110.012375 -5.864703 212.944336 1 0
112.363701 -0.401156 212.154236 0 1
100.579567 1.238563 211.048264 0 1
102.385948 3.488153 210.909790 0 1
100.492401 -1.379486 211.325714 0 1
110.007149 -5.524883 212.662094 1 0
97.850945 1.446220 212.309662 0 1
97.532608 -2.693036 212.758255 0 1
111.747810 -4.763425 213.040451 1 0
111.121994 1.976089 211.757584 0 1
112.094833 -4.545413 213.161987 0 1
98.932129 -6.307405 213.680099 0 1
108.801567 -11.053171 217.649200 0 1
96.568459 -5.297541 214.843094 0 1
111.720459 -4.629771 213.000168 1 0
109.263840 -8.816746 214.709305 0 1
112.520363 -5.527400 213.752960 0 1
109.791588 -10.074093 216.301453 0 1
102.722885 -10.116703 215.392426 0 1
109.323364 -0.349684 210.959457 0 1
112.472816 1.922148 212.574829 0 1
111.072205 1.379260 211.654984 0 1
98.575600 -4.983928 213.217972 0 1
107.481529 0.957523 210.533646 0 1
111.975220 -8.956139 216.849228 0 1
96.210785 -4.197005 214.542160 0 1
103.152458 -11.642715 217.736679 0 1
111.327095 -6.260417 213.646591 1 0
111.931343 -0.078130 211.778595 0 1
97.409714 -5.882827 214.504150 0 1
96.772469 -0.338537 213.100739 0 1
108.448494 1.858938 210.773972 0 1
99.352966 -1.429302 211.686325 0 1
111.304810 2.605965 211.994095 0 1
103.220886 -10.842007 215.976135 0 1
102.973267 -11.594606 217.640564 0 1
98.858528 -6.584640 213.870804 0 1
99.176407 -8.987477 215.925705 0 1
110.570419 -5.282254 212.443298 1 0
99.646477 -7.844180 214.403229 0 1
100.931992 1.507061 210.882507 0 1
97.954765 1.963661 212.318588 0 1
107.009293 -11.419518 217.380875 0 1
96.029861 -3.131788 214.373245 0 1
106.437790 5.233124 211.559601 0 1
110.687729 -6.077198 212.757339 1 0
107.185059 -11.575349 217.793716 0 1
111.975380 -5.750205 213.443695 1 0
106.327286 -10.372043 215.761246 0 1
113.768486 -4.747405 214.658340 0 1
111.281990 -5.649434 212.678604 1 0
101.617523 -8.456896 214.134125 0 1
111.720619 -4.748955 213.029037 1 0
111.080078 -6.128810 212.896729 1 0
100.794914 -9.625457 215.858902 0 1
97.740417 1.393961 212.374786 0 1
112.714188 1.508527 212.626511 0 1
109.011345 -9.954288 215.578384 0 1
112.041534 -0.258491 211.889191 0 1
110.996689 -5.617021 212.534958 0 1
110.483429 -7.027359 213.742386 0 1
96.691071 -5.816286 215.143402 0 1
109.235825 -6.248007 213.140656 0 1
109.048195 -10.763115 217.140640 0 1
98.063774 -5.642849 213.924194 0 1
112.807785 -0.953477 212.622665 0 1
102.799408 4.099807 211.035080 0 1
101.821136 2.320542 210.688614 0 1
104.790604 5.303877 211.392380 0 1
110.500435 -8.302606 214.991699 0 1
101.261856 2.055954 210.760071 0 1
112.303696 -5.056040 213.448547 1 0
110.121635 -6.452710 213.316666 1 0
100.820953 3.104156 211.087357 0 1
98.278122 -7.640061 214.893219 0 1
101.570175 2.811917 210.794937 0 1
111.811462 2.018365 212.180191 0 1
108.328598 -10.876130 216.934906 0 1
110.839355 -8.336484 215.288818 0 1
106.032898 5.244830 211.492416 0 1
104.856110 5.318137 211.407562 0 1
113.422630 -6.809278 215.983658 0 1
110.438141 -5.272483 212.471100 1 0
112.872292 -5.564121 214.020477 0 1
106.592613 -11.712925 217.754471 0 1
96.416168 -1.436163 213.375763 0 1
98.326622 -5.944338 213.853226 0 1
113.439201 -1.483108 213.228180 0 1
106.894104 -11.643664 217.748734 0 1
111.083778 -8.740781 215.825821 0 1
106.096588 -9.467568 214.518219 0 1
111.863205 -5.814715 213.592987 1 0
111.021858 3.118734 211.940689 0 1
97.939751 -7.728717 215.361877 0 1
109.451042 -7.463473 213.709610 0 1
106.609306 0.941572 210.474396 0 1
111.969337 -5.783168 213.615494 0 1
96.876396 -3.362057 213.587799 0 1
113.493927 0.358137 213.174255 0 1
109.165550 -10.347530 216.271606 0 1
97.673782 -0.883996 212.378555 0 1
107.161369 -11.463814 217.531219 0 1
110.186172 -5.946740 212.860291 0 1
101.586685 3.304600 210.963486 0 1
111.378113 -1.463285 211.832718 0 1
108.728111 -10.717610 216.818878 0 1
109.293709 -6.099967 213.081787 0 1
102.663765 0.158174 210.725052 0 1
99.939217 -8.062506 214.477036 0 1
110.525986 -5.628646 212.469086 0 1
109.605804 -10.315709 216.529312 0 1
105.221802 2.080114 210.405731 0 1
103.286102 -11.015687 216.238937 0 1
113.240280 -6.725108 215.655869 0 1
112.618599 -0.655391 212.408478 0 1
101.301643 2.475549 210.750076 0 1
97.207054 -6.249064 214.918076 0 1
110.677460 -8.266410 215.095886 0 1
113.673454 -1.459776 213.411697 0 1
109.416306 -10.140708 216.025803 0 1
111.988487 -1.279285 212.123337 0 1
111.404541 -5.027962 212.727432 1 0
109.216545 -10.481739 216.605438 0 1
104.248001 4.980292 211.179276 0 1
110.474983 -6.097975 212.858810 1 0
110.694420 -4.901963 212.709244 0 1
105.146370 2.014112 210.396240 0 1
98.197937 -8.025185 215.508682 0 1
111.930450 -7.681138 215.411713 0 1
106.261917 -0.847871 210.959900 0 1
111.940605 -0.368811 211.850769 0 1
112.268562 -4.883611 213.387436 0 1
110.868233 -6.529601 213.465134 1 0
109.892738 -1.837412 211.452087 0 1
112.590919 -5.001148 213.625229 0 1
98.417923 -5.796007 213.705292 0 1
98.565636 -7.511219 214.545151 0 1
97.034676 0.608617 212.926132 0 1
109.354973 4.113830 211.672440 0 1
110.876907 1.451520 211.604156 0 1
111.796158 -5.949831 213.668976 0 1
106.310532 -10.088464 215.332184 0 1
111.473953 -6.564178 213.958252 0 1
109.522156 -9.774896 215.656876 0 1
107.506073 -11.396873 217.603439 0 1
109.391853 -6.107877 213.099213 0 1
112.102272 -8.590117 216.405869 0 1
100.866592 -10.443949 216.769333 0 1
104.028542 1.169549 210.397629 0 1
111.439499 -5.403574 212.767792 1 0
111.091408 -4.737259 212.754089 0 1
113.876076 -3.370201 214.143097 0 1
111.285721 -5.256660 212.591873 1 0
111.320183 -5.656885 212.711670 0 1
96.096725 -4.692732 214.874115 0 1
109.899109 -9.974530 216.258911 0 1
98.271797 -7.648808 214.910812 0 1
111.093147 3.117888 211.988007 0 1
113.820740 -1.742469 213.587143 0 1
103.289505 -11.051881 216.317581 0 1
112.104568 -5.670304 213.375687 0 1
110.739311 -5.545666 212.470520 1 0
110.192436 -9.771215 216.264069 0 1
110.378166 -6.422525 213.314667 0 1
102.102959 -11.032595 217.063568 0 1
98.516617 -5.459551 213.480148 0 1
112.008041 -5.634512 213.197906 0 1
113.155800 -1.069425 212.922501 0 1
96.493614 -0.855953 213.325089 0 1
108.643921 -10.795179 216.942566 0 1
105.565025 4.668040 211.144821 0 1
96.749352 -6.090147 215.306427 0 1
111.635956 -5.058921 212.877808 0 1
110.462151 3.504097 211.749924 0 1
98.175507 -1.897417 212.165009 0 1
109.256424 -8.801376 214.695038 0 1
102.998123 5.078039 211.403748 0 1
97.332588 0.955837 212.694550 0 1
114.016380 -5.413232 215.287842 0 1
103.129028 4.350143 211.064606 0 1
107.609840 -11.515618 217.939316 0 1
110.748825 -6.526378 213.366257 1 0
103.008270 -11.114028 216.587448 0 1
111.837250 -5.070112 212.948700 1 0
112.301346 -5.528915 213.447983 1 0
113.023979 -4.782808 213.879196 0 1
113.978554 -0.826193 213.685516 0 1
108.267593 -9.707159 215.185547 0 1
107.299316 -10.941085 216.728531 0 1
109.948425 -5.317522 212.768280 0 1
111.875595 -5.257085 212.960159 1 0
100.030136 -7.955713 214.348709 0 1
108.910957 -10.853868 217.257584 0 1
112.903801 1.174273 212.669128 0 1
97.807060 -2.510933 212.482025 0 1
102.057716 -8.868818 214.374466 0 1
109.537102 -10.668075 217.226395 0 1
109.749603 -9.866524 215.936295 0 1
111.135414 2.220454 211.810272 0 1
110.568489 -6.236203 212.979080 1 0
111.089653 -6.017510 212.795639 1 0
110.357773 -7.278260 213.871719 0 1
111.306808 2.471433 211.966522 0 1
111.217224 -3.485677 212.231720 0 1
98.864265 -6.541725 213.844589 0 1
99.289589 -5.581903 213.098831 0 1
105.040359 5.352238 211.455109 0 1
106.221153 -9.563763 214.601547 0 1
102.133324 3.273182 210.868530 0 1
105.404182 1.138014 210.402557 0 1
105.520561 4.739703 211.182037 0 1
110.631073 1.547397 211.527008 0 1
97.070885 -5.399286 214.492157 0 1
107.707458 -11.516915 218.027435 0 1
114.292793 -2.109625 214.063019 0 1
110.370598 -10.210776 217.196579 0 1
102.318695 2.056863 210.630966 0 1
114.318565 -2.658659 214.366638 0 1
108.715118 0.507033 210.684448 0 1
96.422180 -4.404506 214.452271 0 1
110.530853 -9.991290 216.995148 0 1
105.251381 -11.233226 216.833801 0 1
110.692406 -5.621376 212.476791 1 0
107.284126 -11.624807 218.006256 0 1
100.973381 -10.625238 217.038864 0 1
113.960495 -0.757305 213.659180 0 1
111.897057 -5.557035 213.067474 1 0
97.941948 -5.853190 214.106354 0 1
99.276390 -4.717656 212.647079 0 1
110.871964 -6.960305 213.910019 0 1
108.420303 -11.290627 217.973969 0 1
111.750343 -5.797423 213.199844 1 0
110.542831 -4.907415 212.690384 1 0
100.937141 -10.385171 216.652664 0 1
111.005630 -6.363704 213.178940 1 0
109.803459 -10.087162 216.339111 0 1
111.265472 -1.445437 211.791931 0 1
111.012413 -4.837671 212.714951 1 0
97.170876 1.010746 212.843628 0 1
97.828033 -7.747802 215.507889 0 1
100.874535 0.552643 210.980316 0 1
110.264870 -10.422383 217.457077 0 1
106.912949 3.156875 210.532959 0 1
111.395592 -4.609727 212.846451 0 1
96.959114 -5.834996 214.839920 0 1
98.472534 -1.776560 212.045334 0 1
112.733482 -0.839979 212.534744 0 1
109.901344 -5.302276 212.785477 1 0
114.336838 -1.882639 214.140961 0 1
111.979645 -5.604879 213.151810 1 0
109.876694 -5.413031 212.812057 1 0
113.971588 -3.670030 214.402161 0 1
110.964256 -6.419697 213.274658 0 1
100.567909 -10.350014 216.805908 0 1
111.023186 -4.882537 212.661224 0 1
109.664650 -9.335649 215.339890 0 1
110.016701 -5.611977 212.612595 1 0
106.374413 -10.529084 216.007736 0 1
105.652206 -9.700597 214.725525 0 1
111.909225 0.024144 211.764389 0 1
96.355164 -1.337921 213.420319 0 1
113.941055 -5.327275 215.128922 0 1
98.284691 1.773585 212.112625 0 1
101.787514 2.834771 210.771118 0 1
114.369637 -2.485285 214.321014 0 1
112.169205 0.237552 211.974014 0 1
112.495369 -6.811468 214.936356 0 1
97.680626 -7.714115 215.627243 0 1
111.758728 -8.792843 216.358795 0 1
104.243263 -10.068473 215.173752 0 1
100.527039 -10.242491 216.692200 0 1
112.701599 -6.749626 215.039749 0 1
110.537544 -6.359982 213.104233 1 0
109.754532 -10.396970 216.817307 0 1
111.517578 -7.055082 214.485901 0 1
108.913971 0.397305 210.738190 0 1
107.314804 3.250100 210.639023 0 1
103.901283 5.161448 211.263596 0 1
101.209305 2.663398 210.805710 0 1
96.785706 -3.677809 213.810593 0 1
111.545525 -5.041927 212.867859 1 0
110.898575 -5.349015 212.475754 1 0
99.373245 -8.917989 215.752350 0 1
100.743889 2.016621 210.936981 0 1
110.315681 3.808320 211.861130 0 1
111.258522 -5.347782 212.580215 1 0
108.568443 2.149770 210.873947 0 1
102.303024 2.214689 210.644638 0 1
104.806969 4.529135 211.017197 0 1
111.117340 -6.041274 212.832703 0 1
99.203255 -8.269106 215.069794 0 1
112.299866 -5.322041 213.336380 0 1
114.170166 -4.977178 215.240250 0 1
111.469566 -5.366740 212.826141 0 1
112.568832 -8.269137 216.424561 0 1
112.568947 -8.305756 216.466248 0 1
112.736206 1.451281 212.626068 0 1
96.846909 -5.489144 214.710220 0 1
104.583267 1.079562 210.390137 0 1
110.768410 -4.974245 212.676590 1 0
98.548866 -5.043046 213.269119 0 1
108.921570 -10.687537 216.874634 0 1
96.907051 -6.170253 215.182709 0 1
110.060562 -10.559278 217.456848 0 1
104.097130 5.138420 211.244995 0 1
105.637474 -8.240481 213.941574 0 1
105.395905 -9.981306 215.033981 0 1
111.102043 -4.562459 212.704437 0 1
111.846016 -5.571218 213.048187 1 0
96.806602 0.009448 213.089111 0 1
107.389236 -11.141556 217.033661 0 1
109.555237 -8.777915 214.773453 0 1
111.677185 -6.325232 213.888718 0 1
103.913391 -10.603276 215.697449 0 1
110.552422 -9.121361 215.798950 0 1
100.480843 2.934663 211.208130 0 1
111.854805 -5.959158 213.715775 1 0
105.462234 -9.397635 214.490326 0 1
110.551613 -5.914435 212.638214 1 0
103.478271 -10.948604 216.097809 0 1
98.841858 -8.458007 215.496460 0 1
111.049271 -6.392854 213.432541 0 1
100.311806 -0.449163 211.215317 0 1
104.272972 -9.250934 214.461914 0 1
101.995636 -11.096493 217.284729 0 1
112.059799 -6.042254 213.880249 0 1
99.095520 -8.504574 215.404861 0 1
107.446190 -10.126782 215.546249 0 1
102.660469 -11.559587 217.804611 0 1
113.857941 -0.300889 213.553375 0 1
111.154015 3.131792 212.027298 0 1
112.377380 -6.521894 214.558640 0 1
110.420105 -5.452643 212.436646 1 0
96.046661 -4.285860 214.758545 0 1
110.080124 -5.861403 212.779633 1 0
111.054443 -2.415592 211.900208 0 1
110.295662 -8.808227 215.300293 0 1
111.148247 -7.452851 214.629944 0 1
98.381409 -5.858865 213.768250 0 1
109.022621 -9.706840 215.377304 0 1
107.595894 -11.070853 216.968491 0 1
109.624298 -10.782061 217.580414 0 1
99.325272 -8.362775 215.125641 0 1
103.911110 5.031827 211.191513 0 1
98.839104 -5.197853 213.142029 0 1
112.253708 -5.779642 213.784836 1 0
100.287704 -8.236502 214.499207 0 1
106.444252 3.237706 210.585648 0 1
96.465340 -1.334463 213.308792 0 1
109.762070 -9.662184 215.721832 0 1
112.013947 -5.357629 213.061569 0 1
112.377457 -5.749632 213.828125 1 0
109.716324 -9.813754 215.839783 0 1
110.821877 -6.706954 213.665512 0 1
107.258553 -9.448705 214.727142 0 1
110.681747 -6.535653 213.367325 1 0
112.900429 -5.594327 214.068787 0 1
109.115028 -11.003272 217.763290 0 1
99.865959 -10.024439 216.776413 0 1
98.520851 2.687126 212.226578 0 1
108.508873 -11.263183 218.012115 0 1
102.908165 -11.638609 217.824615 0 1
112.723831 -8.151507 216.483261 0 1
112.491226 -5.655623 213.812057 0 1
100.982010 2.770728 210.909500 0 1
112.076477 1.902049 212.312592 0 1
113.257332 -6.746347 215.701660 0 1
106.259529 -11.589076 217.491135 0 1
109.913086 -7.479557 213.791550 0 1
110.343430 -7.509511 214.082489 0 1
97.860870 1.632214 212.307297 0 1
111.082565 -8.724932 215.809143 0 1
112.524521 -8.346725 216.471313 0 1
110.801315 -2.014720 211.744034 0 1
111.586464 -5.156669 212.883316 1 0
110.239922 -7.304128 213.818542 0 1
109.085297 -10.246135 215.980408 0 1
110.079506 -7.028138 213.586517 0 1
99.475914 -9.654815 216.559952 0 1
101.747147 -8.486531 214.125015 0 1
111.270470 -3.463507 212.252274 0 1
97.581192 -1.319641 212.417664 0 1
111.991570 -5.745012 213.436768 1 0
110.839516 -5.670069 212.524841 1 0
110.561089 -5.911661 212.634247 0 1
103.436401 1.274491 210.484451 0 1
98.491821 -5.942306 213.764938 0 1
106.960564 3.236234 210.551773 0 1
108.829041 -11.143282 217.935471 0 1
111.329567 -4.962995 212.652008 1 0
110.172897 -5.449967 212.511124 0 1
110.263535 -7.392632 213.905594 0 1
108.872276 -11.091111 217.782257 0 1
111.107071 -8.717916 215.818192 0 1
110.580963 3.547849 211.829483 0 1
111.902412 0.086606 211.773102 0 1
105.831093 4.849193 211.264679 0 1
109.574539 -0.016618 210.981949 0 1
110.141159 -10.498738 217.437469 0 1
112.407501 -5.288986 213.503326 1 0
99.467361 -7.921151 214.535110 0 1
107.224281 -11.369350 217.371002 0 1
97.085732 -5.418465 214.492264 0 1
107.773422 -11.113730 217.134811 0 1
109.194931 -10.785432 217.286438 0 1
113.907097 -4.070372 214.499954 0 1
96.854439 -5.506046 214.713486 0 1
111.191353 -6.197312 213.047638 1 0
99.734573 1.990776 211.416473 0 1
109.415298 -10.570477 216.941910 0 1
109.246239 -6.183415 213.117157 0 1
108.442627 -10.830053 216.898788 0 1
103.468269 0.783488 210.519562 0 1
112.228729 -5.353869 213.262756 1 0
109.923805 -8.497112 214.739044 0 1
114.233810 -1.866568 213.975433 0 1
100.112122 3.722101 211.643997 0 1
96.384346 -4.645252 214.596970 0 1
113.287552 -4.416090 213.976624 0 1
110.230957 -6.364964 213.290100 1 0
110.824936 -4.898372 212.712250 0 1
112.107780 -7.621125 215.470245 0 1
112.070335 0.088816 211.880386 0 1
112.845261 0.887984 212.571533 0 1
100.837036 1.655952 210.906189 0 1
102.333565 3.730902 210.982681 0 1
96.406464 -4.376370 214.447128 0 1
109.066132 4.478417 211.790741 0 1
109.795753 -5.728128 212.969894 1 0
113.237869 -4.246565 213.884171 0 1
110.760101 -6.070548 212.748291 1 0
100.217728 -5.944420 213.073441 0 1
111.588356 -4.664425 212.951859 1 0
104.802246 1.568330 210.359909 0 1
111.260574 -9.156070 216.411224 0 1
104.045021 -11.619623 217.640656 0 1
110.114548 -5.927993 212.908569 1 0
104.199997 4.641428 211.061981 0 1
109.684639 -10.286820 216.562729 0 1
111.443832 -5.745409 212.896378 1 0
96.713455 -1.620889 213.136902 0 1
110.978386 -2.304703 211.857193 0 1
101.158653 -8.317007 214.194717 0 1
113.003426 -6.170397 214.778030 0 1
112.144424 -5.064821 213.272446 1 0
106.309380 -11.803845 217.959427 0 1
112.337830 -5.627784 213.636047 0 1
112.296761 -5.334077 213.331161 0 1
109.190941 -10.359304 216.318130 0 1
111.772919 -0.317910 211.754669 0 1
100.345276 -6.227201 213.194656 0 1
100.287331 2.317930 211.165588 0 1
110.134903 -9.858457 216.331406 0 1
100.749176 -9.430504 215.672714 0 1
112.662964 -0.129866 212.413818 0 1
113.606705 -1.579186 213.377914 0 1
98.824333 -1.421469 211.875320 0 1
99.061028 -9.339324 216.522720 0 1
105.564980 4.187527 210.920578 0 1
99.263191 -5.550634 213.092590 0 1
107.097359 -11.491737 217.550842 0 1
99.304916 -8.334019 215.096603 0 1
110.577118 0.075533 211.316010 0 1
112.126907 -5.771917 213.706970 1 0
104.226295 -10.473163 215.565002 0 1
108.603745 0.267137 210.662109 0 1
100.295692 -0.439969 211.222855 0 1
106.325798 -9.532645 214.590744 0 1
110.098610 -5.155910 212.727310 1 0
111.775261 -5.229575 212.908829 1 0
110.572800 -5.183321 212.509705 1 0
104.165688 -11.187026 216.590347 0 1
97.941193 -4.977126 213.660660 0 1
96.994781 0.444340 212.947586 0 1
111.020454 3.256735 211.981537 0 1
112.035187 -8.092726 215.868332 0 1
98.034782 2.100917 212.315628 0 1
107.591156 -10.410031 215.990082 0 1
109.478439 -8.879021 214.826248 0 1
108.800659 0.391808 210.700150 0 1
111.871964 -5.299206 212.965225 1 0
101.238243 -2.097422 211.545456 0 1
99.207527 -4.609865 212.635834 0 1
113.595604 -6.478190 215.849991 0 1
100.162064 -8.044832 214.367447 0 1
110.714798 0.395418 211.393112 0 1
113.721985 -6.262861 215.784027 0 1
112.251244 -8.671925 216.678726 0 1
106.598442 0.503944 210.529831 0 1
112.133530 -4.892070 213.303986 1 0
107.097534 3.090437 210.547256 0 1
105.184517 -11.407700 217.076126 0 1
112.549385 -5.488322 213.770432 0 1
96.103569 -4.239318 214.687607 0 1
110.949005 -4.768678 212.735931 1 0
112.409241 -5.545137 213.616531 0 1
96.484329 -3.968425 214.194244 0 1
110.422630 -5.373645 212.436127 1 0
105.322426 0.725408 210.470703 0 1
110.683685 -3.070886 211.948059 0 1
108.272736 -9.570915 215.070267 0 1
111.884201 -5.148583 212.961502 1 0
112.575256 -8.133612 216.298096 0 1
99.057312 -5.617734 213.231827 0 1
112.127335 -5.644906 213.368591 0 1
99.557571 -5.450392 212.931381 0 1
105.311172 -10.348545 215.562408 0 1
109.528275 1.346875 211.107437 0 1
111.221619 -5.249094 212.553818 1 0
104.092026 5.161696 211.258499 0 1
111.680336 -6.045627 213.689209 1 0
102.728134 -11.264316 217.116196 0 1
100.381096 -8.201361 214.420395 0 1
106.003738 5.268695 211.506836 0 1
109.110870 -10.774585 217.206589 0 1
112.175995 0.187590 211.975494 0 1
106.078186 2.602053 210.462479 0 1
107.732658 -9.824508 215.165634 0 1
102.476555 -11.508685 217.849152 0 1
111.310532 -6.240516 213.613937 0 1
105.711990 -9.773116 214.799194 0 1
112.181229 -5.149987 213.257156 1 0
110.393478 -6.549194 213.428055 1 0
113.950996 -5.402204 215.189911 0 1
109.731705 -10.326275 216.674179 0 1
112.197449 -5.577141 213.356644 1 0
106.031670 -11.791230 217.972153 0 1
112.305542 -5.671999 213.676208 0 1
96.758453 0.231840 213.143600 0 1
105.865685 -11.820057 218.023804 0 1
102.187759 3.588554 210.952408 0 1
110.265182 -6.564500 213.409500 1 0
112.451515 -5.840839 213.945984 0 1
110.230247 3.107012 211.600464 0 1
112.275879 -5.594683 213.507126 1 0
112.499229 -7.798400 215.915192 0 1
109.526886 -9.944952 215.829803 0 1
113.415558 -0.887214 213.139923 0 1
97.871025 -7.369320 215.106979 0 1
114.244690 -3.229252 214.521957 0 1
110.618782 -6.877304 213.697647 0 1
110.570084 2.987287 211.694962 0 1
101.213036 -10.542030 216.714020 0 1
101.621048 3.997707 211.255844 0 1
112.517471 -0.362135 212.289688 0 1
103.295296 -10.426418 215.574539 0 1
113.913239 -4.099229 214.521255 0 1
96.534348 -1.263070 213.265060 0 1
111.488274 -5.746963 212.982437 1 0
96.615669 -6.015144 215.396622 0 1
100.763466 3.370432 211.207321 0 1
107.154236 -11.653059 217.984818 0 1
110.633400 -5.467377 212.448639 1 0
100.870491 -8.363640 214.355927 0 1
100.876320 2.460140 210.882919 0 1
113.583519 -1.426567 213.328430 0 1
98.250465 -6.005516 213.933914 0 1
98.114166 -6.146374 214.120041 0 1
110.462051 -5.491203 212.444321 1 0
112.150856 -5.776562 213.725830 1 0
109.727852 -8.531223 214.640991 0 1
107.682617 -11.137180 217.125488 0 1
102.083900 4.613532 211.410660 0 1
112.348549 -5.120046 213.491852 1 0
110.445328 -6.961684 213.687805 0 1
113.560715 -3.905835 214.041428 0 1
106.159424 2.684718 210.474182 0 1
109.825737 -10.707322 217.675201 0 1
103.434128 -11.687180 217.833221 0 1
108.843277 -11.137855 217.940567 0 1
111.635811 -7.913139 215.435135 0 1
102.920380 -8.715130 214.183212 0 1
113.086823 1.090331 212.796082 0 1
106.306686 -9.572717 214.624771 0 1
110.231750 -10.162024 216.962173 0 1
110.009216 -5.673485 212.640900 1 0
113.555656 -1.411517 213.302979 0 1
100.470085 -0.718686 211.167816 0 1
112.099945 -5.052820 213.229645 1 0
96.079712 -4.634980 214.862915 0 1
104.269714 1.475889 210.368362 0 1
110.105904 -6.504563 213.338989 1 0
113.107162 0.896899 212.794586 0 1
99.248520 -8.319256 215.100189 0 1
112.952202 0.944062 212.663651 0 1
111.148346 2.205664 211.815094 0 1
106.077080 2.600136 210.462296 0 1
110.559303 -8.825561 215.514618 0 1
98.018829 -7.481925 215.025070 0 1
99.271507 -5.029054 212.780197 0 1
110.778282 0.138370 211.388336 0 1
114.166534 -4.997673 215.244400 0 1
99.251823 -9.085157 216.005173 0 1
100.986374 2.937568 210.970963 0 1
114.219925 -1.357736 213.958862 0 1
110.269882 -6.440119 213.337509 1 0
108.191193 -11.361968 217.987350 0 1
113.884399 -2.930178 213.978836 0 1
104.013550 5.233797 211.311050 0 1
111.964111 0.062591 211.801926 0 1
106.676186 -11.764215 218.016891 0 1
99.249855 -8.930326 215.831650 0 1
109.406998 -10.891936 217.711395 0 1
99.338226 -5.078183 212.778824 0 1
107.201813 -11.645957 218.125229 0 1
97.582809 -6.391853 214.646545 0 1
111.725418 -4.638861 213.006622 1 0
114.282120 -2.745226 214.346725 0 1
96.084038 -4.851932 215.050781 0 1
99.103386 -7.710187 214.496262 0 1
104.005478 5.050943 211.200272 0 1
98.033577 -2.680358 212.438995 0 1
98.565842 -3.622041 212.550919 0 1
114.249908 -4.081020 214.925598 0 1
97.835640 -2.270083 212.378342 0 1
112.531975 -8.330269 216.458847 0 1
112.710518 -7.412670 215.729340 0 1
111.570061 2.667738 212.176849 0 1
110.900047 -9.837262 217.141449 0 1
111.229698 -5.380707 212.570572 0 1
111.104424 -5.362633 212.534622 1 0
112.443909 -5.128856 213.572311 0 1
113.396034 0.745831 213.104431 0 1
113.632637 -3.822647 214.079239 0 1
108.044785 -11.415661 218.149811 0 1
100.733009 3.576094 211.293793 0 1
110.971291 3.092082 211.905258 0 1
96.674988 -3.146687 213.696014 0 1
109.678070 -7.982291 214.121201 0 1
112.218224 -5.548562 213.355072 0 1
98.575531 -5.392702 213.406235 0 1
110.449135 -2.451767 211.726913 0 1
110.565308 -5.811211 212.562088 1 0
111.467964 -5.437342 212.838867 1 0
106.699249 2.910134 210.498947 0 1
108.917603 -6.093905 213.056152 0 1
112.145134 -5.213846 213.186325 1 0
104.225266 1.201321 210.377167 0 1
105.523491 -9.691010 214.724655 0 1
98.244064 -7.340265 214.663559 0 1
110.440125 -9.496947 216.099930 0 1
111.905075 -6.560758 214.258240 0 1
103.462509 1.308697 210.477524 0 1
112.053444 -0.316836 211.907623 0 1
110.537437 -5.638163 212.472488 0 1
97.270294 0.862375 212.733917 0 1
109.172165 -10.191141 215.920914 0 1
110.747833 -6.460169 213.188324 0 1
109.858833 -10.681314 217.547668 0 1
108.614479 -10.529055 216.330399 0 1
111.581474 -5.326223 212.908722 0 1
109.416939 0.207212 210.907593 0 1
102.420868 -11.292454 217.390945 0 1
108.270477 -10.608008 216.366074 0 1
113.022285 1.257601 212.795609 0 1
109.905937 -5.983888 213.085403 1 0
112.348503 -4.871562 213.423660 0 1
101.232422 -8.579524 214.412613 0 1
109.553329 -10.301558 216.452377 0 1
111.498421 -5.574132 212.922623 1 0
103.415016 5.150233 211.338638 0 1
96.824265 -0.061278 213.068268 0 1
101.843971 2.691222 210.748627 0 1
110.063065 -10.563366 217.474930 0 1
97.220581 -1.680221 212.692764 0 1
111.163124 -5.260981 212.533096 0 1
106.654510 -11.694389 217.735519 0 1
105.971428 -11.833279 218.109314 0 1
107.913483 -11.449572 218.000153 0 1
110.052780 -7.646531 214.000519 0 1
113.049522 0.863073 212.742020 0 1
111.947945 -6.109705 213.873215 0 1
114.178909 -2.979752 214.319290 0 1
111.508453 -0.960347 211.787064 0 1
101.875122 -8.835519 214.384094 0 1
97.775879 -8.033679 215.965500 0 1
98.473587 -1.674772 212.028824 0 1
97.925262 -6.457454 214.428329 0 1
111.615295 -5.434961 212.936066 1 0
104.245216 -10.503525 215.602539 0 1
106.344284 -11.596947 217.508530 0 1
112.384079 -8.503600 216.553940 0 1
110.354012 -5.220956 212.586746 1 0
102.500977 3.069185 210.807999 0 1
110.427467 -5.604324 212.471832 1 0
96.882355 -3.352467 213.577606 0 1
111.043961 -3.429379 212.136353 0 1
103.353737 -11.568917 217.538788 0 1
98.594513 -5.377975 213.384232 0 1
98.866486 -6.563876 213.855087 0 1
113.227081 -7.004189 215.936691 0 1
112.065102 -6.115365 213.936081 0 1
114.246147 -1.921334 213.983658 0 1
111.402550 -4.608652 212.849304 1 0
101.032234 -10.843800 217.450394 0 1
111.134300 3.240992 212.049469 0 1
111.611107 -5.219702 212.889389 1 0
97.447182 -6.534461 214.877853 0 1
104.686821 -11.426431 217.132965 0 1
97.985390 -7.660329 215.224091 0 1
103.418762 -10.552441 215.672699 0 1
111.496147 -5.800109 213.030579 0 1
110.681244 -5.578281 212.470901 0 1
112.148819 -5.296984 213.177521 1 0
98.613586 2.192492 212.031647 0 1
111.801277 -5.075732 212.919617 0 1
103.484985 5.251419 211.411850 0 1
96.163284 -4.138852 214.579559 0 1
112.514717 -7.805048 215.931931 0 1
96.071907 -4.754591 214.985748 0 1
98.148956 -5.914817 213.988098 0 1
108.964951 -6.371074 213.180588 0 1
108.916039 -10.853203 217.258255 0 1
113.188843 -6.329804 215.172409 0 1
109.271591 -10.408984 216.466934 0 1
111.037666 -5.507981 212.518127 0 1
111.745506 -5.606832 213.022385 1 0
99.839577 -6.575694 213.535828 0 1
111.268227 -5.196419 212.571732 1 0
112.762932 -6.450297 214.787109 0 1
110.412643 -6.097174 212.917068 1 0
98.395050 -6.134543 213.936356 0 1
108.515404 -10.433385 216.140427 0 1
111.079865 -3.550131 212.196579 0 1
101.607971 -6.755681 213.366547 0 1
110.214149 -2.304173 211.638565 0 1
109.701714 1.460167 211.181641 0 1
104.029076 -11.433674 217.182495 0 1
111.026772 3.082173 211.937363 0 1
98.798973 -5.295488 213.217529 0 1
99.876274 -7.964695 214.410416 0 1
112.585335 -5.627095 213.862213 0 1
107.710625 -11.230338 217.352997 0 1
111.406433 -0.099436 211.596878 0 1
109.495079 -10.640593 217.146179 0 1
114.091698 -5.388669 215.362762 0 1
100.309128 3.915773 211.598816 0 1
98.750832 -6.839592 214.070114 0 1
110.906105 -8.195939 215.196716 0 1
109.289268 -9.819094 215.555679 0 1
112.647202 -8.108434 216.356766 0 1
114.102203 -1.125768 213.805252 0 1
106.522072 -11.785151 218.078842 0 1
112.261986 -4.959585 213.401794 0 1
103.539993 4.911116 211.186890 0 1
103.689362 5.127017 211.258423 0 1
111.709213 -5.635826 213.028915 1 0
110.703659 -9.636131 216.596756 0 1
114.247849 -4.279455 215.011322 0 1
109.948318 -5.822762 212.984909 1 0
113.245293 0.898954 212.943817 0 1
104.706047 1.214174 210.366638 0 1
111.428284 -5.575411 212.794006 1 0
103.318680 -10.944517 216.090424 0 1
108.778786 -10.609638 216.600433 0 1
108.476700 -10.452825 216.165909 0 1
111.897476 -5.774312 213.308044 1 0
106.252892 2.612265 210.464157 0 1
114.264954 -2.614990 214.250214 0 1
109.774696 -9.661755 215.729797 0 1
110.592369 -10.149600 217.332703 0 1
109.685188 -9.384974 215.397369 0 1
106.841942 -11.721477 217.905060 0 1
100.931801 1.638610 210.869614 0 1
98.891350 -8.068269 214.987442 0 1
111.343369 -4.677732 212.820221 0 1
114.158173 -4.957011 215.217972 0 1
106.608398 -9.480276 214.608170 0 1
98.382820 -7.765049 214.939926 0 1
109.085541 -10.506409 216.566544 0 1
110.701019 1.581815 211.553894 0 1
110.488518 -6.466408 213.279373 1 0
108.735268 -11.173217 217.907394 0 1
104.138443 -10.555321 215.650436 0 1
107.754814 0.730000 210.559204 0 1
98.722702 -7.568646 214.520996 0 1
110.611305 -5.086761 212.601151 0 1
104.659286 -11.417246 217.115112 0 1
96.178337 -2.657853 214.058441 0 1
110.491447 -9.256393 215.884445 0 1
110.086174 3.904358 211.806305 0 1
96.091072 -1.737551 213.859055 0 1
98.716820 -6.821024 214.077103 0 1
109.899780 -1.805806 211.445557 0 1
98.508774 -5.818598 213.673874 0 1
106.027039 4.602564 211.159241 0 1
109.183693 -6.454069 213.249969 0 1
107.580383 3.375191 210.773438 0 1
111.178070 -6.324578 213.534622 0 1
111.867874 -6.354320 214.036575 0 1
101.267578 1.203845 210.839508 0 1
112.065834 -5.503325 213.160217 1 0
101.558807 2.737669 210.778412 0 1
109.967964 -7.550969 213.869492 0 1
98.230377 1.841907 212.145676 0 1
103.563232 5.190058 211.331375 0 1
111.731773 -5.965731 213.644409 1 0
112.186630 0.262401 211.988617 0 1
111.165016 -6.686130 213.869720 0 1
98.861122 -8.618408 215.700485 0 1
110.669907 -5.081698 212.581009 0 1
102.845657 -3.435917 211.981918 0 1
111.072189 3.283891 212.028076 0 1
114.128754 -2.080273 213.894440 0 1
113.585579 -4.085497 214.143723 0 1
109.833069 -5.439296 212.831802 0 1
107.138489 3.097169 210.557480 0 1
110.123207 3.009132 211.548538 0 1
103.505257 1.350809 210.469955 0 1
109.730904 -10.518489 217.029999 0 1
112.226219 -5.345014 213.257553 1 0
106.088776 4.339663 211.040405 0 1
113.118652 -4.903547 213.990921 0 1
102.361237 -11.258093 217.357468 0 1
98.540054 -5.854653 213.682220 0 1
112.449486 -0.447077 212.236740 0 1
96.324471 -4.930754 214.802017 0 1
100.150436 -9.250313 215.766876 0 1
110.896973 -5.025907 212.560898 0 1
112.407425 -6.452734 214.507889 0 1
102.084206 -10.703666 216.424347 0 1
111.477112 -3.693360 212.459122 0 1
97.552261 -2.059156 212.448685 0 1
111.176231 -6.406898 213.660690 1 0
103.354408 -11.389412 217.122818 0 1
111.043709 -5.708055 212.578644 1 0
109.645866 -9.352509 215.340637 0 1
111.805244 -5.822443 213.437653 1 0
98.876663 -5.208125 213.123291 0 1
111.172806 -5.404375 212.550598 1 0
107.385727 -11.228639 217.172897 0 1
101.220375 2.385767 210.752487 0 1
96.601494 -2.985841 213.717133 0 1
98.408539 -7.538239 214.658020 0 1
105.997978 -9.657145 214.677170 0 1
110.159744 -5.966598 212.939850 0 1
110.443306 1.567271 211.466690 0 1
112.147041 -5.985808 213.890305 0 1
99.868622 -6.122481 213.257767 0 1
110.303734 -7.545372 214.087936 0 1
111.402077 -5.884855 212.947357 1 0
102.964874 -10.979605 216.352997 0 1
102.673332 -10.082799 215.373901 0 1
98.881279 -4.218084 212.636292 0 1
96.580193 -1.493650 213.239685 0 1
98.899887 -5.159008 213.078674 0 1
100.680016 0.383680 211.047165 0 1
103.040672 5.062440 211.380859 0 1
103.826683 5.219070 211.314636 0 1
110.330513 -6.505465 213.383881 1 0
98.304977 -7.097023 214.489929 0 1
108.275566 0.890972 210.603149 0 1
111.925858 -5.792968 213.604431 1 0
100.378708 2.787249 211.227020 0 1
114.104286 -1.093687 213.807831 0 1
98.349739 -5.684885 213.723602 0 1
109.739998 4.247370 211.898514 0 1
104.326805 -10.428809 215.516556 0 1
113.167595 -1.028129 212.924179 0 1
113.688583 -0.810875 213.402847 0 1
99.732964 -10.001301 216.818665 0 1
110.585503 -5.973068 212.679321 0 1
100.967529 3.098150 211.035019 0 1
98.250610 -6.242937 214.089325 0 1
112.930588 0.555579 212.645325 0 1
99.093979 -4.430808 212.616791 0 1
104.163383 1.340620 210.375443 0 1
112.137070 -4.878760 213.302292 0 1
110.353111 -5.048535 212.710175 1 0
111.543114 2.590626 212.145676 0 1
98.504913 -5.675320 213.585175 0 1
107.796547 -9.800678 215.152405 0 1
110.762192 -9.905303 217.116425 0 1
107.026306 4.182280 211.028687 0 1
105.660614 4.066386 210.882919 0 1
98.200447 -1.838742 212.145096 0 1
97.178490 -2.628869 212.997589 0 1
110.373123 -9.803298 216.492798 0 1
110.400658 -9.193284 215.749863 0 1
109.640968 -10.458159 216.842453 0 1
108.423470 0.220687 210.653320 0 1
102.869110 -10.933347 216.318420 0 1
114.338753 -2.367671 214.232498 0 1
110.057343 -5.866018 212.815231 1 0
97.754761 -2.257442 212.406693 0 1
110.033424 -6.039184 213.119171 0 1
108.726288 -10.622179 216.597107 0 1
98.839096 -6.796216 214.006226 0 1
112.974968 -3.288549 213.419586 0 1
99.911598 2.476320 211.394241 0 1
113.929291 -0.483943 213.624710 0 1
98.035217 -7.678728 215.193512 0 1
99.094917 -5.086427 212.901306 0 1
111.694824 -5.663671 213.044434 1 0
110.085861 -6.575674 213.369919 0 1
101.276192 1.283572 210.826370 0 1
111.042969 3.343405 212.038177 0 1
110.953316 -8.465624 215.480804 0 1
109.035820 4.456974 211.764084 0 1
100.815704 2.304170 210.899963 0 1
111.548302 -5.507520 212.945038 1 0
100.521790 2.272332 211.039963 0 1
110.472855 -5.693873 212.502594 1 0
110.636139 -6.115294 212.810837 1 0
97.580467 -6.666866 214.834000 0 1
101.050423 -10.532580 216.804062 0 1
109.027405 -6.198090 213.112915 0 1
110.146225 -6.468309 213.327774 1 0
97.625854 -1.988708 212.392609 0 1
98.368042 -7.425706 214.616806 0 1
110.234383 -5.835282 212.660248 0 1
105.182587 5.359888 211.471024 0 1
97.127327 -2.769596 213.108017 0 1
111.928017 -5.636687 213.141159 0 1
98.302513 -6.123357 213.986359 0 1
97.846161 1.583614 212.311493 0 1
111.972458 -0.247333 211.843582 0 1
102.206985 3.569156 210.943268 0 1
111.258926 -6.083519 212.966248 1 0
114.324913 -3.634873 214.802612 0 1
102.843956 4.151478 211.046768 0 1
111.164040 -9.134274 216.269424 0 1
111.169327 -2.816266 212.022156 0 1
110.046631 0.776602 211.211502 0 1
97.742874 1.309715 212.373596 0 1
112.833733 1.403759 212.678421 0 1
101.067390 2.133847 210.799591 0 1
110.966339 -7.560027 214.604706 0 1
109.558975 -10.773460 217.498184 0 1
109.914680 -9.955212 216.242371 0 1
110.401672 -7.456795 214.062012 0 1
99.050087 -5.194280 213.000992 0 1
110.420456 -6.315377 213.180008 0 1
109.555649 -9.341290 215.268951 0 1
111.301880 -9.004246 216.232910 0 1
103.810822 5.335085 211.444626 0 1
111.217705 -4.750083 212.753006 1 0
110.691422 0.063064 211.355255 0 1
101.187202 -10.622439 216.879410 0 1
98.384796 -7.340414 214.555756 0 1
106.776756 2.975327 210.508789 0 1
110.934052 -8.435430 215.440216 0 1
112.006195 -0.123379 211.832535 0 1
108.719116 -11.043154 217.571091 0 1
96.369621 -1.159449 213.407028 0 1
111.038109 -9.291534 216.385086 0 1
96.230652 -1.245429 213.561615 0 1
109.922684 -5.875920 213.036880 1 0
96.567627 -1.313251 213.238708 0 1
112.626808 -5.188818 213.712311 0 1
110.684593 0.609996 211.416153 0 1
109.227638 -6.316644 213.177628 0 1
110.111008 -6.507584 213.341599 0 1
110.731430 -7.015363 213.874451 0 1
109.587242 4.212254 211.801285 0 1
110.262466 -5.452024 212.461151 1 0
108.905586 -10.829547 217.196701 0 1
111.589516 -4.952141 212.880768 1 0
101.291725 -3.290093 211.982071 0 1
109.111031 -10.081543 215.734680 0 1
111.108253 -2.389729 211.910522 0 1
112.741829 -6.734099 215.060669 0 1
102.353653 -10.274277 215.749680 0 1
98.841675 -6.756986 213.982071 0 1
106.331703 5.220750 211.521378 0 1
111.942451 -0.288880 211.834015 0 1
107.244102 -11.500903 217.663651 0 1
111.537788 -6.564083 213.998352 0 1
110.932808 -1.800107 211.747971 0 1
109.635666 4.102960 211.757797 0 1
111.398521 -5.369975 212.695465 1 0
104.408806 5.376606 211.439346 0 1
109.754372 -10.731348 217.551758 0 1
110.353241 -5.420361 212.439911 0 1
110.458519 -9.701902 216.438034 0 1
112.054886 -5.189895 213.094254 1 0
104.706291 -11.487245 217.274338 0 1
111.922676 -5.962080 213.767487 0 1
97.689995 1.336598 212.414246 0 1
106.492805 -11.658416 217.639099 0 1
96.851776 0.466418 213.075836 0 1
109.594681 -10.328875 216.545212 0 1
108.276466 -10.605158 216.363251 0 1
110.004898 -9.320964 215.573715 0 1
111.705917 1.762099 212.040756 0 1
96.810745 -0.091540 213.080658 0 1
110.171417 -5.865061 212.726120 1 0
99.057945 -7.852554 214.646439 0 1
107.054771 -10.941200 216.697891 0 1
99.323608 -5.150530 212.823669 0 1
109.855759 -5.872589 213.037155 1 0
108.960526 -11.087108 217.837631 0 1
110.607109 -6.477135 213.222351 1 0
112.313988 2.072887 212.513809 0 1
109.971733 -5.848137 212.984604 0 1
96.071632 -2.216558 214.015533 0 1
113.093491 0.486903 212.800339 0 1
109.065216 -10.033715 215.665115 0 1
107.372955 -10.896525 216.673523 0 1
111.301826 -5.550673 212.646408 0 1
103.812004 5.208365 211.307419 0 1
108.860229 -5.750446 212.919403 0 1
111.444336 -5.825428 212.959869 1 0
101.085800 2.519063 210.800415 0 1
97.018120 -6.196620 215.085785 0 1
107.203934 4.412277 211.171555 0 1
101.453712 2.062994 210.728210 0 1
113.179947 0.971547 212.871567 0 1
101.971886 -10.873205 216.826935 0 1
113.755028 -1.613723 213.504410 0 1
110.543671 0.086689 211.302567 0 1
106.267197 -11.596226 217.501831 0 1
104.594612 4.579757 211.039154 0 1
110.645409 -7.575214 214.370636 0 1
99.852562 2.213232 211.375397 0 1
104.028595 2.095181 210.508987 0 1
102.591614 -9.854586 215.169556 0 1
112.138878 0.279812 211.958099 0 1
98.375839 -6.126717 213.943817 0 1
98.359718 -7.761516 214.960037 0 1
104.460785 1.209659 210.362091 0 1
102.981010 -11.644725 217.768646 0 1
102.418884 3.762964 210.979858 0 1
110.030525 -1.848314 211.480484 0 1
108.186417 1.106635 210.596024 0 1
97.688667 -2.135058 212.389877 0 1
101.181870 2.460780 210.764999 0 1
97.184120 -6.131724 214.847610 0 1
98.188858 -1.815361 212.145996 0 1
97.948143 -7.046883 214.746399 0 1
112.006081 -5.577152 213.152054 0 1
102.662247 -10.000212 215.291992 0 1
108.518715 -10.185231 215.766663 0 1
110.209465 -7.491965 213.960724 0 1
105.254738 4.243578 210.933624 0 1
111.112785 -6.026754 212.815613 1 0
110.606499 -6.121447 212.828812 1 0
106.060898 2.071196 210.427551 0 1
112.725029 -6.059685 214.348709 0 1
110.610901 -7.498709 214.277161 0 1
102.097122 3.251234 210.867020 0 1
109.498360 -10.413096 216.639832 0 1
108.807251 -6.420963 213.217880 0 1
111.929871 -6.433530 214.143982 0 1
109.354759 4.081686 211.659637 0 1
110.404633 -5.840701 212.617340 1 0
100.945107 2.106474 210.841385 0 1
112.808807 0.800144 212.532272 0 1
106.264336 -9.414540 214.496750 0 1
101.287437 4.339117 211.490372 0 1
111.458382 -4.742057 212.882401 0 1
98.167725 -1.954238 212.183609 0 1
103.876617 5.189942 211.283569 0 1
97.058342 -7.012444 215.735107 0 1
113.130875 -0.282168 212.855103 0 1
112.434601 -0.459347 212.225647 0 1
111.505989 -5.697014 212.978668 1 0
112.760941 0.698200 212.485046 0 1
110.192421 -10.464486 217.441940 0 1
108.764664 -10.452021 216.242844 0 1
112.456955 1.459110 212.456970 0 1
110.106186 3.873374 211.796631 0 1
109.568069 -9.903596 215.812286 0 1
109.547554 -10.397370 216.639297 0 1
110.676468 -9.722585 216.701614 0 1
111.603691 -8.806016 216.248093 0 1
105.345871 -10.369424 215.599319 0 1
110.064438 -6.896348 213.517227 0 1
111.847656 -5.463716 212.997192 0 1
110.562798 -9.090046 215.774719 0 1
99.206833 -4.904954 212.763794 0 1
112.902702 -7.935748 216.511154 0 1
110.322151 -5.439007 212.446289 1 0
114.042007 -1.012074 213.746536 0 1
111.921509 -0.159347 211.788116 0 1
99.068420 -5.049103 212.901093 0 1
96.338402 -5.014850 214.860733 0 1
105.321938 4.242356 210.935638 0 1
107.234467 -11.637826 218.132202 0 1
109.264915 -6.492961 213.270981 0 1
110.833038 -3.151147 211.996735 0 1
111.702225 -0.847230 211.834106 0 1
96.161942 -1.790110 213.777283 0 1
98.485283 -5.791300 213.663666 0 1
112.521683 -1.873920 212.674347 0 1
96.140503 -4.138353 214.604797 0 1
103.532082 4.787413 211.143143 0 1
110.909134 -1.820513 211.743713 0 1
100.533218 -0.914277 211.181000 0 1
109.099190 -0.324666 210.894363 0 1
112.036446 -5.517326 213.143112 0 1
110.175613 -7.498159 213.944901 0 1
99.139328 -5.429624 213.079147 0 1
112.042152 -0.097841 211.853806 0 1
106.679832 -9.257567 214.451004 0 1
114.240845 -1.479465 213.977676 0 1
111.857941 -6.444703 214.106506 0 1
99.640335 -9.415640 216.191437 0 1
108.448997 -10.795859 216.827545 0 1
111.111633 -6.361560 213.496216 1 0
107.674789 -11.101646 217.042816 0 1
113.898659 -3.374050 214.173981 0 1
98.222435 -5.814864 213.889648 0 1
102.907578 -10.971395 216.371063 0 1
107.271080 3.215072 210.616440 0 1
108.223518 2.767456 210.862320 0 1
111.605286 -8.162292 215.647049 0 1
101.499359 2.095247 210.718567 0 1
101.243752 2.622041 210.787415 0 1
102.526138 -10.775837 216.268295 0 1
110.126442 0.776845 211.240417 0 1
112.287895 2.166564 212.523865 0 1
114.281197 -1.960729 214.019653 0 1
109.933220 -5.899229 213.048752 1 0
98.120102 2.290682 212.331619 0 1
97.610466 -1.262519 212.401077 0 1
96.632439 -4.475075 214.333694 0 1
111.110123 -5.346720 212.534363 1 0
110.491272 -5.043979 212.696838 1 0
113.550545 0.458752 213.256104 0 1
96.580032 -6.164305 215.564056 0 1
111.385658 -0.081934 211.589188 0 1
109.715515 -10.520714 217.026077 0 1
111.726608 -4.934703 212.934570 1 0
112.647629 -8.153494 216.399582 0 1
99.889587 -10.040126 216.781143 0 1
113.522377 -0.756976 213.244644 0 1
107.117256 -11.488618 217.557205 0 1
110.299759 -6.462228 213.354034 1 0
100.456627 -10.047143 216.508804 0 1
96.151192 -4.932687 215.008926 0 1
103.272552 5.157732 211.381271 0 1
109.556519 -10.755481 217.454269 0 1
97.194984 -2.499686 212.931274 0 1
96.312889 -4.954224 214.835159 0 1
108.753410 -10.416906 216.169861 0 1
107.087700 3.268931 210.579819 0 1
110.566490 -8.814323 215.509308 0 1
109.899467 -7.982547 214.220535 0 1
109.150299 -10.772666 217.235275 0 1
98.413437 -5.914486 213.787720 0 1
111.317764 -9.582933 217.177612 0 1
106.065117 -11.827360 218.094971 0 1
111.611732 -5.759334 213.084000 1 0
112.213493 -5.684490 213.603180 1 0
104.845512 1.557837 210.360016 0 1
98.511375 -5.365126 213.451050 0 1
111.568565 -4.776186 212.930161 0 1
111.269547 -9.628036 217.203171 0 1
98.226845 -3.126136 212.523941 0 1
113.186821 -4.848741 214.035583 0 1
109.916878 -5.481737 212.794373 1 0
111.432785 -0.051825 211.602310 0 1
109.990997 -8.357543 214.658752 0 1
109.815285 -10.476703 217.025742 0 1
100.914803 3.069931 211.040207 0 1
107.034081 -9.650388 214.851303 0 1
112.117516 -4.502524 213.161865 0 1
99.123199 -8.768339 215.704163 0 1
111.585114 -5.798651 213.110672 1 0
106.934853 2.050209 210.495850 0 1
109.346375 -0.504996 210.981903 0 1
111.004372 -6.954013 214.000336 0 1
96.197563 -4.691451 214.755875 0 1
110.098511 -5.352563 212.636139 1 0
110.466347 -6.979708 213.705750 0 1
114.331284 -1.979447 214.112289 0 1
100.727966 3.344505 211.212311 0 1
108.922493 -6.519705 213.267090 0 1
110.894241 -8.256979 215.247696 0 1
98.554001 -7.673553 214.676147 0 1
112.001343 -5.376595 213.055817 1 0
110.052826 -5.810598 212.716003 0 1
98.564873 -7.590343 214.598419 0 1
104.641541 -11.557245 217.461624 0 1
109.144196 -10.494151 216.588791 0 1
110.408951 -9.568158 216.159988 0 1
109.609230 -9.889395 215.827194 0 1
110.068253 -6.103151 213.150787 1 0
111.977562 -5.383548 213.041199 1 0
111.114311 -4.711391 212.762054 1 0
113.991936 -4.060019 214.594604 0 1
97.304955 1.157232 212.727097 0 1
110.815193 -6.499991 213.328033 1 0
100.453781 -1.309962 211.305634 0 1
111.055687 -4.632341 212.720825 0 1
110.264824 -9.593481 216.056854 0 1
111.499886 -8.278863 215.681778 0 1
110.619820 -5.908082 212.621063 1 0
98.346214 -6.155874 213.979095 0 1
108.929985 -6.217026 213.111771 0 1
109.284126 -8.018617 214.044449 0 1
106.226753 -11.809904 218.131683 0 1
98.469063 -5.427149 213.509918 0 1
112.508659 -5.782367 213.926086 0 1
96.472168 -1.209089 213.313477 0 1
113.589836 -3.542075 213.935196 0 1
99.089996 -8.929926 215.922043 0 1
109.464943 4.376243 211.876740 0 1
101.666656 2.836392 210.784531 0 1
111.241524 -7.029881 214.244156 0 1
104.820793 -10.171947 215.243332 0 1
102.981331 -10.345479 215.543900 0 1
105.278252 -9.567616 214.631180 0 1
111.563751 -5.805293 213.104782 0 1
112.127106 -5.770993 213.705917 1 0
113.522163 0.381801 213.207733 0 1
110.138443 3.700867 211.715088 0 1
111.114616 -6.256098 213.084122 0 1
110.830727 -5.987590 212.681580 1 0
109.667816 -10.567305 217.102905 0 1
111.643867 -7.349202 214.884689 0 1
110.509232 -6.562209 213.432648 1 0
109.929771 -5.796300 212.978607 1 0
107.603264 -10.975205 216.826340 0 1
108.442642 -11.284930 217.979813 0 1
112.556244 -5.446945 213.762314 0 1
98.543434 -5.475832 213.465683 0 1
114.228065 -1.867208 213.969391 0 1
96.311012 -0.913088 213.493362 0 1
111.295250 -4.804500 212.722305 1 0
111.740349 -0.607034 211.796799 0 1
113.441055 0.663033 213.150955 0 1
107.097191 3.100321 210.548904 0 1
102.697365 3.995848 211.011765 0 1
97.516563 -0.600433 212.483627 0 1
101.662140 2.136453 210.697723 0 1
111.178604 -6.511752 213.744949 0 1
102.993889 -10.590502 215.783997 0 1
107.269592 -11.539032 217.770523 0 1
111.618668 -1.095733 211.852737 0 1
98.205544 -6.165640 214.057663 0 1
98.341599 -5.860318 213.800949 0 1
110.009438 -5.890353 213.003632 1 0
110.260475 -10.434018 217.482071 0 1
108.199638 -9.974550 215.432434 0 1
102.916733 4.422324 211.126511 0 1
113.228462 0.961980 212.943207 0 1
108.366318 -10.583737 216.349304 0 1
109.714302 4.235627 211.876083 0 1
108.266167 -10.841944 216.808167 0 1
100.067154 -8.671495 215.132431 0 1
97.315697 -6.085739 214.684036 0 1
110.191277 -5.859017 212.709595 1 0
103.905746 4.384820 211.025558 0 1
109.672707 -9.060512 215.090988 0 1
104.513977 5.384361 211.451416 0 1
98.480286 -3.517204 212.551727 0 1
109.328720 -9.645761 215.421661 0 1
111.275658 -8.337704 215.584686 0 1
101.591515 -8.466590 214.149734 0 1
107.767357 -9.805037 215.152435 0 1
98.894371 1.902348 211.827576 0 1
108.418243 -10.014258 215.523972 0 1
113.066925 0.537375 212.775406 0 1
113.198326 -7.319561 216.230194 0 1
110.352112 1.490634 211.425995 0 1
106.909569 -11.715570 218.034698 0 1
101.898209 2.772923 210.765671 0 1
106.095947 2.258826 210.433624 0 1
113.983803 -1.839002 213.733398 0 1
110.485443 -2.724902 211.807297 0 1
106.382553 3.237733 210.593903 0 1
112.494148 -7.890511 215.991302 0 1
109.982803 -10.518949 217.291702 0 1
96.998253 0.431375 212.943649 0 1
101.664597 2.284968 210.695709 0 1
111.444878 -5.356847 212.765625 1 0
111.963516 -5.596258 213.135696 1 0
113.396713 -1.238037 213.152939 0 1
108.667221 -8.657855 214.411591 0 1
108.071083 -10.352355 215.956512 0 1
103.018219 -8.672404 214.149200 0 1
109.620750 -10.802176 217.687881 0 1
112.389771 -6.532421 214.580292 0 1
110.441551 -5.408835 212.429779 1 0
113.682701 -4.045105 214.225876 0 1
97.518089 -1.693375 212.448761 0 1
108.236847 -11.063839 217.289795 0 1
103.188217 -11.209872 216.700409 0 1
101.248070 0.799308 210.884903 0 1
103.533218 4.785969 211.142487 0 1
112.012390 -5.306424 213.050690 1 0
112.794136 -5.027979 213.775818 0 1
109.346268 -10.234412 216.137589 0 1
110.616615 -6.272097 213.002090 1 0
110.860779 -5.945091 212.655060 1 0
110.233467 -6.077263 213.093170 1 0
110.865341 1.449654 211.599701 0 1
108.552643 -10.576483 216.396622 0 1
98.611694 -7.905259 214.934570 0 1
102.990303 -10.839433 216.084747 0 1
100.632866 -0.381234 211.096024 0 1
100.700836 3.007374 211.111755 0 1
111.136536 -5.592648 212.566360 1 0
112.213806 -6.125397 214.047668 0 1
110.133774 -10.520303 217.487701 0 1
110.494911 -7.979808 214.679459 0 1
110.742790 -5.187647 212.481247 1 0
109.484764 0.161739 210.933304 0 1
98.235123 -7.353873 214.679398 0 1
98.611351 -7.553663 214.548355 0 1
109.971436 -5.687931 212.740250 1 0
96.765175 -1.675882 213.096451 0 1
111.248741 -4.725260 212.767761 0 1
113.960342 -5.370575 215.180023 0 1
111.237473 -4.905975 212.616928 1 0
100.518745 -10.372329 216.862289 0 1
99.371696 -9.465062 216.390747 0 1
102.819717 -11.615317 217.863953 0 1
102.311958 -11.442664 217.795166 0 1
113.630516 -1.476429 213.377029 0 1
107.085190 -9.983671 215.283752 0 1
98.930992 -7.874169 214.731277 0 1
112.393799 -8.414819 216.439697 0 1
110.115417 -9.548680 215.877670 0 1
112.668686 -7.493292 215.760818 0 1
110.317657 -5.380240 212.454102 0 1
104.760559 5.033041 211.237793 0 1
99.995941 3.706077 211.706467 0 1
113.667198 -3.695350 214.068283 0 1
112.540726 -7.556156 215.709335 0 1
111.935394 -7.030037 214.750473 0 1
111.317947 -4.699127 212.795105 0 1
104.506943 5.348989 211.416000 0 1
97.777351 -0.010977 212.346588 0 1
114.124146 -5.222601 215.297775 0 1
98.506813 -5.674377 213.583817 0 1
112.150963 -5.778944 213.728210 1 0
102.781380 0.581339 210.640182 0 1
104.207146 -11.177760 216.577362 0 1
112.184296 -7.604451 215.510651 0 1
111.002502 -5.775981 212.594818 1 0
111.568420 -4.760543 212.937134 0 1
108.459717 -3.675709 212.068588 0 1
108.613663 -11.036495 217.484848 0 1
107.044235 2.994283 210.526657 0 1
113.534958 -3.746932 213.957535 0 1
96.892982 0.393041 213.025757 0 1
106.382744 -11.574389 217.480804 0 1
110.079041 3.932002 211.822067 0 1
114.160568 -1.330352 213.881195 0 1
101.826942 4.566106 211.455048 0 1
102.166771 -11.062646 217.081116 0 1
113.256149 0.989269 213.004669 0 1
108.624260 4.640158 211.772232 0 1
113.263977 -3.513706 213.689835 0 1
107.013626 -9.505565 214.717957 0 1
108.851837 -9.905619 215.493896 0 1
110.089233 -5.238165 212.713989 1 0
110.315277 3.773365 211.834412 0 1
111.162903 -6.375995 213.613754 1 0
99.642235 -2.389496 211.831772 0 1
102.959671 -11.650043 217.828247 0 1
112.301521 -5.329165 213.337418 0 1
100.542183 -10.389003 216.875732 0 1
111.214432 -2.971192 212.084686 0 1
109.684959 -10.770993 217.625732 0 1
100.343575 2.811541 211.252625 0 1
97.129547 0.767696 212.852386 0 1
108.788979 -11.147400 217.861572 0 1
106.608765 -9.500516 214.623840 0 1
111.449791 -5.927808 213.070175 1 0
97.534348 -1.288954 212.450089 0 1
103.925072 5.006294 211.179062 0 1
99.638496 -1.219374 211.552292 0 1
109.265022 -10.421315 216.491760 0 1
105.157516 1.768220 210.374115 0 1
108.059937 -9.936903 215.361816 0 1
112.133888 -4.858947 213.294556 1 0
110.978409 -5.119450 212.512894 0 1
103.258652 5.172682 211.397202 0 1
98.892189 -5.111619 213.055923 0 1
99.100487 -5.521147 213.151215 0 1
111.583389 -5.067373 212.872818 1 0
113.295784 0.867961 213.005630 0 1
96.677567 0.033071 213.201401 0 1
103.193558 5.120649 211.370193 0 1
111.026337 -5.580188 212.531082 1 0
98.346001 0.764103 212.089020 0 1
104.641228 1.866637 210.400620 0 1
113.164276 -6.327370 215.138046 0 1
109.135414 -8.483381 214.386230 0 1
110.190063 -7.486289 213.943665 0 1
109.855515 -10.689560 217.609329 0 1
112.684731 -8.150096 216.438354 0 1
96.161720 -4.970540 215.028259 0 1
112.041588 -5.618676 213.209488 0 1
96.847618 -1.092482 213.012451 0 1
108.623055 -10.916250 217.207108 0 1
111.822739 0.374871 211.787323 0 1
111.897606 -5.775761 213.317459 1 0
109.580147 -10.271211 216.414749 0 1
96.051819 -4.112449 214.691193 0 1
110.589020 -7.541873 214.305939 0 1
104.687408 -11.417764 217.112381 0 1
110.172424 -5.530012 212.506088 1 0
98.436928 -3.344622 212.507095 0 1
101.436798 3.369035 211.030975 0 1
110.706329 -6.278986 212.996155 0 1
113.088219 0.522178 212.797104 0 1
110.295433 -9.689921 216.232925 0 1
113.972832 -4.241873 214.672455 0 1
96.455132 -4.192152 214.317902 0 1
112.872620 -1.031144 212.689209 0 1
98.628662 -7.901628 214.918976 0 1
100.213593 -2.118125 211.599457 0 1
110.079575 -5.881923 212.824875 0 1
100.734879 -10.189925 216.526154 0 1
100.561707 3.623897 211.380478 0 1
109.786102 1.435346 211.210403 0 1
96.728203 -3.742224 213.888687 0 1
112.612373 -7.013448 215.233810 0 1
98.879517 -8.495929 215.515579 0 1
109.510818 -9.941113 215.812683 0 1
97.574783 1.343139 212.502121 0 1
104.585587 1.214460 210.366226 0 1
111.502762 -3.952787 212.573837 0 1
111.568344 -5.038508 212.870453 0 1
101.204880 1.261412 210.842407 0 1
106.252411 -11.804994 217.960785 0 1
98.499283 -1.557433 212.007401 0 1
109.699677 -10.580936 217.160446 0 1
111.054253 -4.679287 212.740540 0 1
110.253586 -5.078199 212.714127 1 0
109.421158 -9.595562 215.419876 0 1
112.017464 -0.012333 211.827118 0 1
111.013863 -8.433228 215.496399 0 1
105.664177 -10.889917 216.414902 0 1
105.158203 4.381765 210.980362 0 1
113.667442 0.068395 213.356140 0 1
98.411118 -5.759639 213.688431 0 1
105.546875 -10.928692 216.448669 0 1
104.147240 -11.187949 216.591476 0 1
98.413597 -5.807152 213.716293 0 1
110.788803 -6.547253 213.430405 1 0
109.565483 -10.305970 216.473114 0 1
109.929344 -8.018830 214.275116 0 1
96.978867 -1.737877 212.902649 0 1
97.175812 -7.303317 215.835983 0 1
110.653122 0.106868 211.342773 0 1
112.684326 -8.161457 216.444183 0 1
111.943176 -5.322314 213.005402 1 0
111.711624 -5.328708 212.914444 0 1
110.533363 -5.270494 212.452133 1 0
96.743935 -0.460626 213.122940 0 1
112.818253 -1.709642 212.840973 0 1
111.279716 -9.577818 217.124237 0 1
